id,task_1,task_2
5eef381b-7c3102ad,satire,satire
3db0b886-434a22fd,no-satire,no-satire
1e3fd1a7-dfd534d8,satire,satire
2f593981-4087fa79,satire,satire
815c0b94-1002ecaa,no-satire,no-satire
10ccb41a-e0bb5eb1,no-satire,no-satire
8fe533dc-a645e332,satire,satire
81b24e6f-c27049cd,no-satire,no-satire
55cc83ef-db3b61de,no-satire,no-satire
ee2ca0e8-988a6cd2,no-satire,no-satire
8f7e5f21-d3edaf72,satire,satire
f4c5f60e-ddbabd51,no-satire,no-satire
a1ac0372-8b551e38,satire,satire
475e472d-69192d79,satire,satire
057556df-a1252bf9,no-satire,no-satire
0dac83a5-031db29a,no-satire,no-satire
24cc35f2-43605f77,no-satire,no-satire
f156d316-0eb3e5f0,satire,satire
b872b1fe-5e7a47cd,satire,satire
b09f2e7d-12312b49,satire,satire
f22222b3-cdeba0a8,no-satire,no-satire
487253a9-2161eebf,no-satire,no-satire
2f0c269d-8f38f96e,no-satire,no-satire
961e455c-13eee4f5,no-satire,no-satire
7a24aaf1-7828a87e,satire,satire
3fef9899-ce9b27b5,satire,satire
e276167c-a23499c6,satire,satire
c98f76bf-e4eb8841,satire,satire
42073de1-588bb030,no-satire,no-satire
c9da93d1-ebe7bcde,no-satire,no-satire
6b99ef04-b180c302,satire,satire
7689ba78-a87fc34e,satire,satire
fa237dff-e748e3bc,satire,satire
4dc98992-979ee804,no-satire,no-satire
b9dc5297-2e558a1c,no-satire,no-satire
79bfc7b9-afa15c3b,no-satire,no-satire
122c6e08-4fa2c399,no-satire,no-satire
df3a21cf-8b5c3551,satire,satire
ff505dc2-497b0dff,no-satire,no-satire
f39b597c-d88bcbd4,no-satire,no-satire
e7ed329f-9dfb245c,satire,satire
ea21e9d0-46b712dd,satire,satire
3816b62c-7740fc3b,satire,satire
587e1f0f-c0b2e30d,no-satire,no-satire
db136d7d-c353a45f,no-satire,no-satire
2ba2ec41-db50fde2,no-satire,no-satire
fd06cc55-66a3a7d8,no-satire,no-satire
38013fe3-2b60800b,no-satire,no-satire
5a0af652-43f5d078,no-satire,no-satire
3a43cd48-52910505,no-satire,no-satire
09618d31-f6ec0d0d,no-satire,no-satire
45fdcbcd-b15a2bde,no-satire,no-satire
b6e04085-6bada811,no-satire,no-satire
116d12b2-fca157da,no-satire,no-satire
531c1684-ef341b0b,no-satire,no-satire
ad4362be-53793cb5,no-satire,no-satire
b4168710-5d5e0d82,no-satire,no-satire
57627a3b-b2577bc0,no-satire,no-satire
39350581-b6d68aee,no-satire,no-satire
f3359e4d-8ec648f1,satire,satire
274eb894-eeeabb29,no-satire,no-satire
e15e501d-a21c7797,satire,satire
2121c21e-e1fc77d9,no-satire,no-satire
fafe8b3b-d8e33322,no-satire,no-satire
e29b87d0-628166cf,satire,satire
8e40266b-112cedfe,no-satire,no-satire
954aa144-f8895dd3,no-satire,no-satire
f47ca4a0-e4dccc1d,no-satire,no-satire
b40247ed-deda4350,satire,satire
9b6e3e7b-74ff4d52,satire,satire
d501591a-181c3c0c,no-satire,no-satire
4b7b8582-09d1a7bd,satire,satire
3bf0018c-e3875c2b,no-satire,no-satire
6aa6ccee-2a7f478c,no-satire,no-satire
1b380f9f-b7d88cab,no-satire,no-satire
a46e480a-dded3269,no-satire,no-satire
7c64d6fb-6f712948,no-satire,no-satire
c07d20a5-919ef3f5,no-satire,no-satire
7c15586a-fe50fd99,no-satire,no-satire
5cb88f10-5e4848a6,satire,satire
23642315-f62d76fe,no-satire,no-satire
fb711df5-3d94453c,no-satire,no-satire
d5255be7-ccbb270a,no-satire,no-satire
140a77a1-b055e12f,no-satire,no-satire
8e24a84c-70adfc19,no-satire,no-satire
a48abb27-254496f3,satire,satire
1ccb564e-fa3fd9a8,satire,satire
dcd51c93-0afea1e8,satire,satire
2a9983a5-372b4e97,satire,satire
fc595710-8474bcd4,satire,satire
22739303-4fc782a3,no-satire,no-satire
d06036bf-9183de3e,no-satire,no-satire
bc84eff8-f49bb68a,satire,satire
f4d1588e-e68dc599,satire,satire
eeae01bc-cdb22c04,satire,satire
5c5936d3-f9d5cb43,no-satire,no-satire
c6614642-3a8cc26e,no-satire,no-satire
812418d6-9a8f504a,no-satire,no-satire
22b2e680-640539ee,no-satire,no-satire
5c75d79f-48c97069,satire,satire
7165030c-8a35d07b,satire,satire
86ae0b91-e42d0ad0,satire,satire
975ad58d-f9860955,no-satire,no-satire
1c87d5be-f4d1a601,no-satire,no-satire
9a34768f-a0973d12,satire,satire
4b0d9e22-b4ce0a88,no-satire,no-satire
c572f94c-634f328e,no-satire,no-satire
908e3c28-3291db9c,no-satire,no-satire
30588382-d5cd7c5e,no-satire,no-satire
a71ca2dd-b895daea,no-satire,no-satire
1552d5a4-7142fd40,no-satire,no-satire
89c8caaf-876868f1,no-satire,no-satire
423748dd-176a06b8,satire,satire
a7cb3963-89becac7,satire,satire
93aa3f1f-f95b3d8a,no-satire,no-satire
a83d0227-1370a505,satire,satire
20782d27-5f4c7bce,satire,satire
0fb3cf6f-b49a5bb8,satire,satire
a1f61ba0-386e0e86,no-satire,no-satire
266d6784-3390cdee,no-satire,no-satire
f5c355ba-5567a767,no-satire,no-satire
b5e75e7c-088afe39,no-satire,no-satire
cafd58bd-203a8b14,no-satire,no-satire
7d7342fd-4a02ce95,no-satire,no-satire
dc080262-53f025d3,satire,satire
e68801f4-bf5fdd45,no-satire,no-satire
a0908379-50572118,no-satire,no-satire
a1656bd0-3af4cff0,no-satire,no-satire
21abf71b-680b9d1d,no-satire,no-satire
2dd51d5f-34794b78,satire,satire
d0687638-249435c3,satire,satire
5194ba13-a4dd72fe,satire,satire
96df0d9f-fc02e50b,no-satire,no-satire
d16754a2-5ffb3325,no-satire,no-satire
3f8c7745-6cc16404,no-satire,no-satire
d0820cc0-211c2163,no-satire,no-satire
190ab92f-955b4476,satire,satire
65f2b577-3f9df296,satire,satire
ac87653c-feded95e,satire,satire
eb401293-ee264b29,satire,satire
9b28e4d5-834d0e19,no-satire,no-satire
4af8a2b1-894f82a8,no-satire,no-satire
1aa1d4ba-105c0476,no-satire,no-satire
5c1b9e5c-87d6414d,no-satire,no-satire
da1c6d5f-3b88450c,satire,satire
2d091c0a-d9804da2,satire,satire
e9bf0242-0af03b9a,no-satire,no-satire
99230654-34dc466d,satire,satire
c9cbf58c-19b18dcb,satire,satire
53a7073c-8dd518ad,satire,satire
8e59058a-092e6947,no-satire,no-satire
7ba817c7-2a02f804,no-satire,no-satire
649d7445-2bc5380f,satire,satire
3d902d08-94a2cff2,satire,satire
1216b58e-4b24946f,satire,satire
0cb84f95-f8d4a3ac,no-satire,no-satire
ecb30f05-5b9fdc0f,no-satire,no-satire
d6201dae-5861e440,no-satire,no-satire
28446aac-3ec31955,no-satire,no-satire
d1f99ca8-649c961c,satire,satire
0d522218-146cab29,satire,satire
a6b066e3-6514e703,no-satire,no-satire
d5c218b0-6e7cdf6e,no-satire,no-satire
889ade80-eed40706,no-satire,no-satire
41d1ebbf-1a9cbbdd,no-satire,no-satire
6649a1ed-e5ce2e67,satire,satire
c565a441-9f61361a,no-satire,no-satire
26feee25-0e448b7c,satire,satire
f7592379-45e4a05c,satire,satire
b1045bea-744a080f,no-satire,no-satire
1357356e-11ecdfc4,no-satire,no-satire
d5d0b3cb-e2479547,satire,satire
746216e4-4b1860cc,satire,satire
456a86b0-cdc02501,no-satire,no-satire
cb645913-62cc94a9,no-satire,no-satire
607a93b9-4a3b098e,satire,satire
aa5ebd93-fe1d97e9,satire,satire
c0dd9c47-507f327f,no-satire,no-satire
849da849-9eba04b3,satire,satire
ae811f8b-402d0bed,satire,satire
875e6fd3-873b7106,satire,satire
675df0e1-1272f0dc,no-satire,no-satire
b8d1be12-83a0fd11,no-satire,no-satire
103afbd3-98fb0aee,no-satire,no-satire
ac3ac9a1-ea0f6380,no-satire,no-satire
0f9fbd52-c9c73f2b,no-satire,no-satire
b8ff010b-bce71f06,satire,satire
54b97fad-c33c6181,no-satire,no-satire
8245aded-d9ae5890,satire,satire
5bf95e22-2d21c4a0,no-satire,no-satire
976eded3-60ddad0d,no-satire,no-satire
6d86f93f-5d951b27,satire,satire
9e7ee327-955b40e4,no-satire,no-satire
4c5c1017-d37a309e,no-satire,no-satire
f4aa4b81-e7a34d20,satire,satire
510b1049-1619ba39,no-satire,no-satire
08bbddd7-5e0d9feb,satire,satire
d20adb23-92743261,satire,satire
f8eecadc-9a438f45,satire,satire
b25421ae-ce536551,satire,satire
cb13a494-1e3b51b0,satire,satire
da30d082-5ee85e57,no-satire,no-satire
e9abfb30-60f14138,satire,satire
18f37b4d-59cda086,no-satire,no-satire
8608cd0d-98fadcae,satire,satire
5503a9cf-06d3d274,satire,satire
c24f98a6-0e1df378,no-satire,no-satire
0ea591f5-63c30aac,satire,satire
b32bbcf4-910a3daf,satire,satire
a61452d5-483da87a,no-satire,no-satire
4a59bbe8-9ff720f4,no-satire,no-satire
ca2e2d22-4d9f6b26,no-satire,no-satire
18e73981-bc8aaf56,satire,satire
d4938189-830a3390,no-satire,no-satire
1b6bc62c-fda25d61,satire,satire
5ca975e8-ce5ee429,satire,satire
9f172a77-ba9e7fe3,satire,satire
8d7737b8-2b903c97,no-satire,no-satire
36d565e7-fb755655,no-satire,no-satire
b22b5017-f213cede,no-satire,no-satire
7dce950f-a227018c,no-satire,no-satire
4c3f5cf7-38ad05f4,no-satire,no-satire
887b0093-024df21c,satire,satire
827d2742-6bb5585a,satire,satire
25be02c4-4514ca9a,no-satire,no-satire
b8b597f6-2467104f,no-satire,no-satire
4fe3b0fb-20e10462,satire,satire
035e7c0c-037fb6ec,no-satire,no-satire
e444adf0-fb13f8fb,satire,satire
da013ea7-366cc5eb,no-satire,no-satire
c818fd10-cb0fb23a,no-satire,no-satire
cd1d286c-e3faae02,satire,satire
8443f409-fe2c0677,no-satire,no-satire
808395c7-0e528d3a,no-satire,no-satire
4dfd24ac-d459c5c2,satire,satire
6042c219-90c03615,no-satire,no-satire
12cf8da8-264670b1,no-satire,no-satire
0f50c602-2b094794,satire,satire
edee6eb8-92c06c10,satire,satire
a358efe9-4dddd8e2,no-satire,no-satire
fb3d4658-1bd13b89,satire,satire
5e85ad0d-a6e29487,satire,satire
530742ce-e1948569,satire,satire
f5765284-c5dc7756,satire,satire
c4f9377f-e4216529,satire,satire
2213f36c-ed554bd3,no-satire,no-satire
b621d4bf-4f618240,no-satire,no-satire
ad7cb3a6-cce538f8,no-satire,no-satire
4c446fb4-6b32115b,no-satire,no-satire
e4679e44-22bb8aa3,no-satire,no-satire
7dbd590c-f2a39749,no-satire,no-satire
886f1eb6-fe71f7f4,no-satire,no-satire
893e7128-eaac7e85,no-satire,no-satire
1d020937-8d8bd843,no-satire,no-satire
dbaf71c5-f56bd6f7,satire,satire
512b1051-5ef2d5f1,no-satire,no-satire
66522b6d-12499262,no-satire,no-satire
e3eed9a7-004a1cea,no-satire,no-satire
a69b2117-8388de5f,no-satire,no-satire
af89ba2a-eca32291,satire,satire
ca6bda3a-3cfca4c5,satire,satire
bc2da431-7ad59f13,satire,satire
6953123c-4bd0e55a,satire,satire
4662e483-aad7f6be,satire,satire
4c2751d5-7c80cbf8,no-satire,no-satire
c88d3aee-2f4dd126,no-satire,no-satire
32747fab-6bbf39a5,satire,satire
c5d3c065-799f60b5,no-satire,no-satire
7c4a5eda-f7bb6b50,satire,satire
58eaade9-6c7fa2d3,no-satire,no-satire
c77bcf8c-18c0d7d7,no-satire,no-satire
e05ace97-52f40804,satire,satire
372b72ac-b90ebea7,satire,satire
f1b4542d-de3c8f9a,satire,satire
7d51fa02-92e85455,satire,satire
437b7bcf-42057884,satire,satire
fe5ce030-59c49cbc,no-satire,no-satire
f022e08f-c6bb45f1,satire,satire
fb6c496a-025f29b2,no-satire,no-satire
7e20eed9-b7236f4a,satire,satire
722d28c7-b68a5bd4,no-satire,no-satire
a4745e40-9e49e439,satire,satire
71bde9fc-62a64516,no-satire,no-satire
4b30e8ba-9649fd4b,no-satire,no-satire
7563c4dc-9e004b9d,satire,satire
21abb41a-8aa7b6c8,satire,satire
0ffe507f-061f93f8,no-satire,no-satire
5b3a10a2-dc6565f8,satire,satire
48a93d59-e8be2c67,satire,satire
4985d1e8-5f297b9a,satire,satire
d43d7bca-7a2ff73b,satire,satire
299f24ef-a51c4bd3,no-satire,no-satire
0f022843-96758e1d,satire,satire
37ddfe0e-dc1d22f6,no-satire,no-satire
856456cd-6b11bad7,no-satire,no-satire
a17a856e-45214074,no-satire,no-satire
3fb5b676-c6f8848f,satire,satire
84c5c6fe-3aaefb6b,no-satire,no-satire
3d87c496-73f5fbea,satire,satire
7aafa63f-8debb632,no-satire,no-satire
32d7fbe8-2c8732fa,satire,satire
7d3c60a8-257e7e9b,satire,satire
a87294a5-0f5a6f26,satire,satire
9909f9cc-5d156a2e,no-satire,no-satire
a688bfee-5f8a78f2,no-satire,no-satire
7dc10b25-18b0b44e,satire,satire
97c3eb15-868df196,no-satire,no-satire
c732fd22-29c3fc8e,no-satire,no-satire
54cbe894-5ef71d2b,satire,satire
6380d3d4-2f40d8ea,satire,satire
2b33d309-e7dd79be,no-satire,no-satire
1f0f4255-65a55a1c,satire,satire
52ca5272-1b36e6e1,satire,satire
ab2e18c4-0100df14,satire,satire
51d53b89-5954ff44,satire,satire
618629e6-6a3a637d,satire,satire
f74f0608-db6efdad,no-satire,no-satire
92594803-ca9956ec,no-satire,no-satire
2b36deb6-0a9ae15f,satire,satire
0b4e5ea9-2372f370,satire,satire
989cdefd-c0572b76,satire,satire
42d1fff3-2db5723a,satire,satire
0c2153de-f76de8b0,satire,satire
8fdf0b18-c2fc3ee4,no-satire,no-satire
9dc9a9cf-7bcd4bc9,satire,satire
4cd9900a-a7f1a786,satire,satire
00d396fa-4214c3b2,no-satire,no-satire
0d40e677-a810c75d,no-satire,no-satire
d89c80ff-c91aa157,no-satire,no-satire
e88689bd-00c87049,satire,satire
2b6c627e-c4d4c4b0,no-satire,no-satire
a0d92122-29fd0041,no-satire,no-satire
f12a0509-b5654471,satire,satire
5be2f8b0-ebea8ea9,satire,satire
2abb3abf-f656e0db,satire,satire
d2b889cf-570d2a4f,no-satire,no-satire
b3150a04-44bd4ea3,no-satire,no-satire
208b912d-fcf9fb33,satire,satire
baf87097-b65d3a7d,satire,satire
7740d3bc-6a14f5ca,no-satire,no-satire
f205a9c9-d683a2b5,no-satire,no-satire
38f9bb58-adfdc128,no-satire,no-satire
a4412038-ce65164a,no-satire,no-satire
3a9aa166-05f59093,satire,satire
aa89d6c7-34b3d52e,satire,satire
12e9caa5-c17314f9,no-satire,no-satire
8188511e-07b525c2,satire,satire
94d7feb1-31fe3d8a,satire,satire
a7b69fd0-1a7a7d2a,satire,satire
bc9f89d1-ce565a7e,no-satire,no-satire
e92b459c-8238484a,no-satire,no-satire
6bde8b22-06bf0da2,no-satire,no-satire
8a7e4a9b-e918b996,satire,satire
5ccdd89e-77dd48a0,no-satire,no-satire
516174bb-a53c9d86,satire,satire
043016b1-1e973702,satire,satire
53ae7674-880d0637,no-satire,no-satire
639109c2-ac27b923,satire,satire
b9a6e0ea-34ef09a1,no-satire,no-satire
90427d65-5d46eac8,satire,satire
3e67a89f-f147d83d,no-satire,no-satire
5cf188d8-9c15efa9,satire,satire
5d84fb2a-e102eab3,satire,satire
cef91da7-e92512a3,satire,satire
270fc818-dfc74d34,satire,satire
2817916a-199e0a71,no-satire,no-satire
b490f259-0f779bd2,no-satire,no-satire
ca07210c-a3910bde,no-satire,no-satire
2d8b4355-23ac33c1,no-satire,no-satire
5e6ca679-5046c79a,satire,satire
0b43d7ad-bb9c4801,no-satire,no-satire
1b990e5a-ae139e19,no-satire,no-satire
6eed369e-f93f79bf,no-satire,no-satire
a637afcb-9aee6707,satire,satire
2ad09777-9477a340,no-satire,no-satire
789db896-12f20b05,satire,satire
77cfc3eb-6bedf7c0,no-satire,no-satire
869ebf60-4da57176,satire,satire
08230b69-57c36f3f,satire,satire
62be449a-449d1b28,satire,satire
a802302e-ee7c4924,no-satire,no-satire
29338854-ee1b414e,no-satire,no-satire
f32fe788-1d798186,satire,satire
438ebe0c-5b7658bd,satire,satire
d10d245f-8b3dcb24,satire,satire
79929dae-809da06b,no-satire,no-satire
8c99125b-7d567891,no-satire,no-satire
b2328671-d800a5a5,no-satire,no-satire
af37a4e3-7f89419b,no-satire,no-satire
22cc18b7-f99cb34d,satire,satire
19570a80-e52e1cc9,no-satire,no-satire
d8a87509-6fa7f6c5,no-satire,no-satire
1fb86bb0-daed6c68,satire,satire
d4cd8574-57a4a61f,satire,satire
f8fb0fae-9255d0e2,no-satire,no-satire
5e639ca4-d5540181,no-satire,no-satire
8cb39148-44da0f1d,satire,satire
cf00277c-e93b75c5,satire,satire
b001c984-ded8d1bb,no-satire,no-satire
32c7c49b-dd07a117,no-satire,no-satire
29f60344-eaed3827,satire,satire
06f5b398-9cd8cae6,satire,satire
45d0323c-2c55ec39,no-satire,no-satire
1767deed-f7036002,no-satire,no-satire
ed48b483-8fa8e1e1,satire,satire
9ded55da-95c9aaa6,satire,satire
e1ee5b50-85455902,satire,satire
e6445292-441f45a3,no-satire,no-satire
91862204-f856a61a,no-satire,no-satire
3f502623-d7adbea4,satire,satire
d1067f83-63f0443e,satire,satire
82b965c9-967dcfe2,satire,satire
33781d75-110c8135,no-satire,no-satire
1d78c1e9-7f3da529,satire,satire
ac46436f-80920b1b,no-satire,no-satire
c6a42207-7596df5f,satire,satire
9a83bfe3-0a93f015,no-satire,no-satire
0125fcea-c910c2c9,satire,satire
79af6640-a883024e,no-satire,no-satire
0767e23c-516da568,no-satire,no-satire
e91fae61-02d862f9,no-satire,no-satire
59459676-bce2bb4b,no-satire,no-satire
c921df16-78f81f88,no-satire,no-satire
1b1747fb-9f8ceb07,no-satire,no-satire
6bae845f-ceb91711,no-satire,no-satire
a0b75e49-5c7b1585,no-satire,no-satire
d9fe289e-fa03ba3a,satire,satire
c63610be-1307e6cd,no-satire,no-satire
ea9316ea-35fe644c,no-satire,no-satire
3967dbf6-57e47399,satire,satire
fe0e4e48-39ea0a8f,no-satire,no-satire
f2f4163f-14cd60ef,satire,satire
6e250b85-ffca9363,satire,satire
7a2f6843-a3e21b54,no-satire,no-satire
22f2ef2f-103964ab,no-satire,no-satire
3919d7f4-ac00bd81,no-satire,no-satire
8302a4b4-ec2ffccb,no-satire,no-satire
e709e06d-f63df813,no-satire,no-satire
811140fc-8e708947,satire,satire
e1a1a563-73ebf7f1,satire,satire
5b97747c-a4aca1b4,satire,satire
c3953a84-90389282,no-satire,no-satire
33260712-98c66cd4,satire,satire
280cd62c-91810320,no-satire,no-satire
9b8297ce-28626cda,satire,satire
34e1d8e5-b60ea882,satire,satire
1e9fc014-f0b48371,satire,satire
bd6047bb-5001540a,satire,satire
166ded29-864a3053,satire,satire
c234e908-88ea8cbf,no-satire,no-satire
cf36c9cf-3592f6fd,no-satire,no-satire
55a495e0-6aacf691,satire,satire
1847293e-fb70535a,satire,satire
eeec62d7-2e97e61f,no-satire,no-satire
8c489980-61f55b95,no-satire,no-satire
015b995d-b322bb7d,satire,satire
eebdb176-23f41919,no-satire,no-satire
6459a8e2-f6fd8255,satire,satire
692b0e3f-a5d9101a,satire,satire
45a5feef-f34e0fd5,no-satire,no-satire
11f12d9f-b5c38036,no-satire,no-satire
f929aa96-c8f98e6b,satire,satire
fe99cd86-b6075df0,no-satire,no-satire
5e6d570a-c5224915,no-satire,no-satire
fbfcf2ad-02bd71bf,satire,satire
7a5b6386-b0a3b212,no-satire,no-satire
955c171f-fb91094f,no-satire,no-satire
0ff71c38-71a9d9d9,no-satire,no-satire
7e957942-3b133a9b,satire,satire
e3188cd4-e685d279,no-satire,no-satire
97e3a56b-6178621f,no-satire,no-satire
2fcd3c86-a1dc8ab4,satire,satire
0e5aa1a2-c7064ba8,no-satire,no-satire
937948cf-54414110,satire,satire
ff2b6f08-81a5ff5d,satire,satire
b89973f7-9997968b,no-satire,no-satire
8a103da7-e78aa69a,satire,satire
9f71400e-543ba238,satire,satire
f5944587-e835c6d9,no-satire,no-satire
8d972d25-03dc5682,no-satire,no-satire
3278cc90-300f710c,satire,satire
6a765aa6-f9e617e8,satire,satire
138517a9-8395844f,satire,satire
fee78fea-b0507233,no-satire,no-satire
bd1808f8-7bb2dd33,satire,satire
13858bc8-1d83d7c0,no-satire,no-satire
0b3baadd-a079b6f9,satire,satire
c88a3ba6-a578037a,satire,satire
032aa71b-6117e931,satire,satire
0488569e-11e35d91,no-satire,no-satire
07ab9c86-16f8f248,satire,satire
6b2e91df-de05d46f,satire,satire
1a33b4f9-a603a5d3,no-satire,no-satire
de49b8f4-0957779b,no-satire,no-satire
7d249bbc-7bacdc35,no-satire,no-satire
c1b50518-4e459d08,satire,satire
cb818ef8-12bc2068,satire,satire
d7706d3a-3fd7a2d1,no-satire,no-satire
f751c3dc-ea2944a2,satire,satire
e8d0a51e-840b3228,satire,satire
d725026e-9c181fc9,satire,satire
0d57ff50-ee385b8b,no-satire,no-satire
bf37ddaa-349dd54f,satire,satire
aefcd9b9-2578c37d,satire,satire
3e58d0be-0ccb2393,no-satire,no-satire
64fa7e84-181023b8,satire,satire
a05b429c-e151b600,satire,satire
e9cda540-fd6bdace,no-satire,no-satire
1ce42a46-7839a5c8,no-satire,no-satire
ba3962d2-d648d037,satire,satire
8c184430-77c72805,no-satire,no-satire
768c1ffd-efad21fb,no-satire,no-satire
16ec47ad-163fe0b6,satire,satire
0442e566-3c95d396,no-satire,no-satire
47834650-e92681c8,no-satire,no-satire
dc7d8f33-58ff67d4,satire,satire
01d60439-b921ebda,satire,satire
ed8b64af-9a911f0a,no-satire,no-satire
b762adac-f696923c,satire,satire
3ebf3c07-18e1beed,satire,satire
3fe2e875-e56cec66,satire,satire
6c4cc10c-b7393ac2,satire,satire
cf19b84a-e1a853dd,no-satire,no-satire
02a5c4c0-3f2eaf1d,no-satire,no-satire
a9c674f8-59ad6a2f,no-satire,no-satire
cb675229-455a1afd,no-satire,no-satire
3b312038-4bdec253,satire,satire
e860ebf4-f314b8b7,no-satire,no-satire
3ccc942f-735e7d41,satire,satire
3c7ac8bb-0f6392f7,satire,satire
8e5ccc8d-716c7ab2,no-satire,no-satire
8cac0189-60bf7743,no-satire,no-satire
884beef1-d94ddc41,satire,satire
fc257cde-15254ec0,satire,satire
0ed70e23-4309a58b,no-satire,no-satire
c198f1f0-a0f213a1,satire,satire
41568457-e9b15535,satire,satire
5c8ce4e5-c139c9cd,satire,satire
3efd64fa-8b93f36c,no-satire,no-satire
7e5a7cbf-3f9932eb,satire,satire
e70c0245-f2b62ca1,satire,satire
918b7be2-78f84b23,satire,satire
77664a8a-9c5fce70,no-satire,no-satire
a1b4e074-076f418a,satire,satire
5d01002b-f46967e6,no-satire,no-satire
d214d434-704ea01d,no-satire,no-satire
c51c8846-7626bac3,satire,satire
6488ff80-c8a9286c,satire,satire
8fb38571-03d1dec0,satire,satire
d5a8394c-c04ecbd1,satire,satire
2ff3d1a8-0b30cb52,no-satire,no-satire
14383686-cdac8b45,satire,satire
0468ab30-cf7a070c,no-satire,no-satire
b2a8db15-01eaa874,satire,satire
967719b9-8d16a6e4,no-satire,no-satire
f4ffc941-a7feab46,satire,satire
ede42c56-507967b9,no-satire,no-satire
7f21bd02-35cc3eb2,satire,satire
14f2eefe-eec1f96e,no-satire,no-satire
5cf6a926-d25a23f5,satire,satire
7c376141-5be43558,no-satire,no-satire
053c7322-67795e75,satire,satire
d2c9a607-fa6d4532,satire,satire
5da4f4c5-2ca441f8,satire,satire
36972aa5-fb1c02bf,satire,satire
267ce990-8ea2b876,no-satire,no-satire
786b733a-dbc831a0,satire,satire
312626d6-122dcce1,satire,satire
91e66973-45637db1,satire,satire
7c99fa65-80e32112,no-satire,no-satire
d023f403-06f0b17d,satire,satire
4718ca05-0bc31662,satire,satire
9379ab9e-c2e019fa,no-satire,no-satire
cdeda154-d6fc1310,satire,satire
03f08c0e-f5c48a88,no-satire,no-satire
dc14ab5b-6b7e877e,no-satire,no-satire
dd5e1e11-63ba90e5,satire,satire
9aac0c17-ecc9ee72,no-satire,no-satire
c70bd9ea-aeda9569,satire,satire
78409e34-f56e92a3,no-satire,no-satire
67443976-f0bfcdba,no-satire,no-satire
9f4c9152-3d3e45a6,satire,satire
1f7edbe5-e7a86834,no-satire,no-satire
563c690f-8ee62854,satire,satire
b5b6411c-7b7fe1f0,no-satire,no-satire
1da020f5-9b04617e,satire,satire
e555822e-b0c0cb11,no-satire,no-satire
c6e25c70-3e0b5090,no-satire,no-satire
2be7a429-025f8570,satire,satire
49126139-518b2986,satire,satire
13b24431-b96e8ed1,satire,satire
e1ee5712-c9d69d6b,no-satire,no-satire
4c69e5da-6706ed16,no-satire,no-satire
481d3c4c-26b6de87,satire,satire
36e1e881-e84654b1,satire,satire
5730853e-b4a8ac91,no-satire,no-satire
0ba8ecba-5f398a0a,no-satire,no-satire
50eadbf0-1d4bbc27,satire,satire
c4ead66c-73e29d9d,no-satire,no-satire
88a4d823-e0561b63,satire,satire
9a68e1a1-59ecdddc,satire,satire
29aa96b8-665fa7ca,satire,satire
9c14db62-d7ff0c05,no-satire,no-satire
93ba88f6-557afa15,no-satire,no-satire
a850e099-99f96863,no-satire,no-satire
5c588742-3f5974e1,satire,satire
e3176b3e-d755ff6e,no-satire,no-satire
1a95ab8e-53e3148c,no-satire,no-satire
dc2abc43-29be1c92,satire,satire
eb39aa47-032c404f,satire,satire
f11c980e-e5ca1149,satire,satire
6a837904-81fe8e33,no-satire,no-satire
5b68ad6f-5714d988,no-satire,no-satire
1394cb39-8c90957e,no-satire,no-satire
808d982c-939124c7,no-satire,no-satire
6af9ab15-856de338,satire,satire
dd4c14ec-aca2a41c,no-satire,no-satire
6507f6bf-e58a93ad,no-satire,no-satire
269401b6-aa73abc1,no-satire,no-satire
81fd1a22-6bf7e9ab,no-satire,no-satire
4afe319d-ad6f18bb,satire,satire
21860345-6bafda79,satire,satire
82ffe052-e5d38a42,satire,satire
4bfde41f-989b722b,satire,satire
2bafde98-6ba93399,satire,satire
4ad0d9c8-2ab81a94,no-satire,no-satire
cbed0013-947b3e48,no-satire,no-satire
b7fff59f-8c60c6e0,no-satire,no-satire
ca6b6b95-cefcda56,no-satire,no-satire
17f135a0-5dbaf39a,no-satire,no-satire
15ba1e66-64df4d65,no-satire,no-satire
5e86a04f-e8b45716,satire,satire
c4f4f719-a8023fda,no-satire,no-satire
fae1cee4-a5378459,no-satire,no-satire
b33d2b15-c45fed09,satire,satire
5ea7b796-bce06408,satire,satire
2c7614c8-973a89a5,no-satire,no-satire
0d3e6830-dd496e03,satire,satire
f9681651-dc4c43b3,no-satire,no-satire
306421f9-f85864a2,satire,satire
954c26c7-576ceb90,satire,satire
9bc831c8-bdbcc2ca,satire,satire
4149fda0-3813b723,no-satire,no-satire
9cf4dedc-d5e9e942,satire,satire
a6bcc624-90fdeac3,satire,satire
6d0b2b20-a8031840,no-satire,no-satire
e5931fbf-f9296fe1,satire,satire
08351259-3f628624,no-satire,no-satire
cade5b5c-4bfbfbbd,satire,satire
b5c4155e-232401b2,no-satire,no-satire
efd77313-7e6d3c3d,satire,satire
0548a29c-960e575f,satire,satire
a63dce8c-56f0f977,satire,satire
de20dcc9-d678fdf0,satire,satire
1e65b9fb-e83eee22,satire,satire
b06b4ce7-d90ee452,satire,satire
2e18f8fd-504d5e3f,satire,satire
0e0c1345-52488d19,no-satire,no-satire
49247842-8a58d9f5,no-satire,no-satire
2a7f3ff3-47d3634c,no-satire,no-satire
533df8da-de2e68f6,satire,satire
816b1c63-43d2c387,no-satire,no-satire
af84ad34-83d7f140,satire,satire
bae8ca56-1bd80e44,no-satire,no-satire
91c475bd-48dbdb0e,no-satire,no-satire
1394bf79-5411914c,no-satire,no-satire
5c1f5f61-cdeaa94e,no-satire,no-satire
35ebe755-9ac8900f,no-satire,no-satire
8ef133cf-7fc69ebe,satire,satire
590e4d2a-115a6e25,no-satire,no-satire
efb42436-2c9ce194,no-satire,no-satire
666b1c4d-9bab2bbf,no-satire,no-satire
7f4b2714-419cdead,no-satire,no-satire
431eedf9-765b940f,no-satire,no-satire
3f599389-bf97ab7d,no-satire,no-satire
742adb46-d8a91a2b,no-satire,no-satire
f442ed8e-8df69772,satire,satire
cff8bd89-b22a690b,satire,satire
4978b1f9-f82357d7,satire,satire
01aca921-40ac9b9c,no-satire,no-satire
b84def90-e305af7f,no-satire,no-satire
2785944d-bef37c64,no-satire,no-satire
73fcc33a-9efacad0,no-satire,no-satire
7456953d-f0a37e34,satire,satire
ceb01d9c-5c261c0f,satire,satire
8f3c6c96-cf14fafd,satire,satire
84ba1df9-202d1c4e,no-satire,no-satire
c08eb24a-2e6bc957,no-satire,no-satire
e197a614-261ae759,satire,satire
f5c30ca7-3dd729ab,no-satire,no-satire
7f254772-0ec29a68,satire,satire
57454d2c-e405d0f2,no-satire,no-satire
dddf3d0f-d8fbe1d3,no-satire,no-satire
a101b0e1-d651391e,no-satire,no-satire
c9bab3de-811b8ac5,no-satire,no-satire
896bdf7a-3ec1bbae,satire,satire
50e2e561-865375d9,satire,satire
c4a8672c-9ae06cd1,satire,satire
a718d040-fe35e4d9,no-satire,no-satire
2412c03d-1cb6080a,no-satire,no-satire
91a324e9-d8e87b28,no-satire,no-satire
55e6a571-f2c07bd0,no-satire,no-satire
edea6231-8b6a1199,satire,satire
fc7cb3a6-7248aa5d,no-satire,no-satire
afbbaaf4-50c3b203,no-satire,no-satire
16ccf6d3-c870d7d2,no-satire,no-satire
a1e95160-9d96d989,no-satire,no-satire
801a231f-778ff3a4,satire,satire
0df5e30b-5015f276,no-satire,no-satire
7828d6d8-d47a9af1,satire,satire
632e3c6b-5d91aabe,no-satire,no-satire
6f521ef4-caf688d0,no-satire,no-satire
b27ac684-536c1e82,no-satire,no-satire
2670bc34-4e4658cd,no-satire,no-satire
301f6faa-fb5ddd01,satire,satire
672d2012-2e5bf114,satire,satire
5c7a5334-1e4f6ff1,no-satire,no-satire
8511760e-64db6244,satire,satire
73d48689-f86d4d15,no-satire,no-satire
8444dcff-e71f6208,satire,satire
7b4d07db-fcdf4c54,satire,satire
e1168adc-c751eae0,satire,satire
20277054-e5c74973,satire,satire
3ed4cd8f-06e66c79,no-satire,no-satire
5cbd06ae-a00fc53a,satire,satire
96263853-971305c6,no-satire,no-satire
5f1a9442-f1fb3d60,no-satire,no-satire
3ca15ec4-41ed00e7,satire,satire
ac3e3c4c-7b3d198c,satire,satire
3a8db32f-7b21d6d4,no-satire,no-satire
1e73d694-7f4722d1,satire,satire
33e168fa-e2e68165,no-satire,no-satire
86d98151-b8dcf725,satire,satire
73a17fe0-d8f14f0a,no-satire,no-satire
a375a0c8-383dc064,satire,satire
81cdc19c-e3e60fc0,satire,satire
7356b1ff-fa7ee15a,no-satire,no-satire
c6f7760d-57d0bd08,no-satire,no-satire
99722328-88ae13b3,no-satire,no-satire
22f6e4fc-d0eb8d65,satire,satire
c4fa2725-59d4e17e,no-satire,no-satire
98649f7a-3eb31728,no-satire,no-satire
daad50a3-8c0d391f,no-satire,no-satire
4a9adbfa-2b8c6930,no-satire,no-satire
bfc6cff4-6305a920,satire,satire
3d4ef743-e24bd3db,satire,satire
8c04e805-b0c13905,satire,satire
899f6ab3-2b77aba0,satire,satire
8681452a-09fb9d9b,satire,satire
c7ede292-3cd87b43,no-satire,no-satire
e099dbfd-626f55ad,satire,satire
46c13972-790faf14,no-satire,no-satire
c5ad4f22-e41943a3,satire,satire
d3402cc4-18330276,no-satire,no-satire
780bd89e-fc406b59,satire,satire
81017546-1545a732,satire,satire
c40d308e-f09c758c,satire,satire
63e341e1-b63c548d,satire,satire
664164c8-e6e1ffb1,satire,satire
9f22a6dd-7c9905b6,satire,satire
aab784fb-1a67b4fd,satire,satire
b87e26dc-d8048693,no-satire,no-satire
66e395f1-87a04027,no-satire,no-satire
a5e5091e-1814475a,satire,satire
7a8f429b-e1d69882,satire,satire
ffd9e838-4ce8879d,satire,satire
7fc5cc49-214e0a92,satire,satire
cff59c0c-a8a6e393,satire,satire
e382eebb-9c2ca227,satire,satire
ea5afb9d-3665ecc0,satire,satire
7042249c-1c085486,no-satire,no-satire
9e6eaad1-23bd6472,satire,satire
f0fd39aa-9230a98e,no-satire,no-satire
d95b4f5c-2e64aab2,no-satire,no-satire
3d67fd8d-a3223366,no-satire,no-satire
986191de-d7359ba4,no-satire,no-satire
bc4043b6-cb32e235,no-satire,no-satire
6f3a141c-6e7545ce,no-satire,no-satire
3c53ebed-7d668c3a,satire,satire
31daaab9-63cfbef2,satire,satire
307cf625-0f3f5b57,satire,satire
23f22029-6c746c1a,no-satire,no-satire
8020ac20-4bf8e95c,satire,satire
9dff87e1-ed32544b,satire,satire
40cea5eb-cb067ba9,satire,satire
6cd89237-794f4f7d,satire,satire
9fbe0bdd-e32614ab,satire,satire
55baabe5-e3bf7d48,satire,satire
76642aed-9e8fd83c,satire,satire
5cae6e6b-106b6f0a,satire,satire
c816636a-418a99ba,no-satire,no-satire
e5f028ec-9696d63a,satire,satire
0b421e2d-4f165035,satire,satire
542b8cd8-8cd02c1c,satire,satire
42ec4176-c1baf65a,satire,satire
1d28748f-5066c2fd,no-satire,no-satire
86a7a445-df7482a7,no-satire,no-satire
10dcdf18-9787ee5c,satire,satire
3e125610-83177bef,satire,satire
957380b3-0eec470d,no-satire,no-satire
ec1c6a67-7557fcdd,satire,satire
b0617c24-791b8f10,no-satire,no-satire
6c679c5e-37d38acf,no-satire,no-satire
96b37d5c-4c22a06b,satire,satire
f1fe1431-c02541d1,satire,satire
77f5bb86-7ecbb97c,satire,satire
87611847-271e2bde,no-satire,no-satire
323ee92f-3679665f,satire,satire
1abd1f6f-fad43760,satire,satire
700830e1-863169be,satire,satire
448cbe27-4d3e3234,satire,satire
7da8d67f-3f3176b5,no-satire,no-satire
f01c596e-6216f72f,no-satire,no-satire
7808205c-cef424a8,no-satire,no-satire
9e7cc606-5199d855,no-satire,no-satire
8b3358e8-0b807985,no-satire,no-satire
a5f4914e-21655437,no-satire,no-satire
a533f5fa-934007f8,no-satire,no-satire
322c0a50-b7847345,no-satire,no-satire
87aea1be-6db07aa1,no-satire,no-satire
9861bcf5-57856efb,satire,satire
ba4b5d5b-eab99b4c,satire,satire
a18a6421-a0ed80dd,no-satire,no-satire
eaf59c4b-5bed95a3,satire,satire
2e3dd8b4-62c36391,no-satire,no-satire
8dbb10e3-2dfb126f,no-satire,no-satire
2f78e003-f82ce261,no-satire,no-satire
fc1aa893-ac0d98f5,no-satire,no-satire
dcb86801-87974dc1,no-satire,no-satire
e9ad3b07-86609e50,satire,satire
e4f89b2a-0285ee05,no-satire,no-satire
39c78323-28329831,satire,satire
a9dfa805-3a92f6c4,no-satire,no-satire
49dc21e5-6c6e024a,no-satire,no-satire
7533f12c-4b9efdc0,no-satire,no-satire
62e04b29-a3c70b60,no-satire,no-satire
52c40fa8-94c6b674,no-satire,no-satire
472bec2d-ce9af126,satire,satire
c3d37d2b-a5b9c25b,no-satire,no-satire
b276b65b-997e11c2,no-satire,no-satire
8ffb6d8e-ed637ea4,satire,satire
959f099b-04a24021,satire,satire
689422fb-3b7ffa7e,satire,satire
683539db-543cf676,satire,satire
3418b63b-7330a65a,no-satire,no-satire
14f0b2ef-10235171,satire,satire
4b744c5b-fa2c7277,satire,satire
cc56f5f3-0b0a9cef,satire,satire
3ce86316-da0f2977,satire,satire
1785b089-ea211e5c,no-satire,no-satire
087dac2f-0b2631ac,no-satire,no-satire
0d7130d5-de6f6966,satire,satire
ad525e88-fb670834,no-satire,no-satire
32fec400-ccb29b10,satire,satire
f4ceee97-dc94b405,no-satire,no-satire
97c87f9d-728438d1,no-satire,no-satire
b23cc0cc-091f02ee,satire,satire
aac9d5d3-aa941548,no-satire,no-satire
172d7e79-8066256a,no-satire,no-satire
c7db2f43-a28d4d3c,satire,satire
2b766391-65ae897d,satire,satire
d32fedd9-1c667a0a,no-satire,no-satire
1d25b66d-4e64f647,no-satire,no-satire
b0ac308e-d8bcfda5,satire,satire
f6a353b4-031e0f08,no-satire,no-satire
b9e87aea-adbd8bde,satire,satire
da878cb0-59a37572,satire,satire
77cd85aa-f2797683,satire,satire
65febd34-732783ef,satire,satire
caad40cb-8c490de8,no-satire,no-satire
ade449a4-805c574a,satire,satire
277a7b8e-01088a44,satire,satire
f8262cfa-e78d32bb,satire,satire
46861030-040a408c,satire,satire
4a7742d7-6d77f4b3,no-satire,no-satire
05b44119-79e5c134,satire,satire
cd7f7df8-10af90f7,no-satire,no-satire
6b922d81-6d442221,no-satire,no-satire
958239ac-3c385ada,no-satire,no-satire
fa223617-4c4e16a8,satire,satire
94b02e65-653aca34,satire,satire
d964579a-3244d61a,no-satire,no-satire
3c3a5f8d-70907a5c,satire,satire
2dcedb19-1f082bbf,no-satire,no-satire
bdc44c0c-4ac60cd4,satire,satire
3febb6dd-8e94d4c3,satire,satire
134b8e16-c77228d1,satire,satire
2093b985-fed86860,satire,satire
9b5b9d2e-c5e3bb76,no-satire,no-satire
31dcf18e-28bb2d6e,satire,satire
fb661c86-77fd245f,no-satire,no-satire
eabe788d-4dacdfcc,no-satire,no-satire
8ffcce4e-e1fde4c5,satire,satire
4223c0df-e0cad5e3,satire,satire
cd209f2f-722c593e,no-satire,no-satire
d1d6dccb-4ec577e9,no-satire,no-satire
c5091ec4-dfa72fb7,satire,satire
893bec09-ac78ee95,satire,satire
84eb3b94-fb4ccaf1,no-satire,no-satire
ceb332b0-d42925af,satire,satire
6028e31e-94be2806,no-satire,no-satire
f8386b79-273a1bf1,satire,satire
f492a021-32b917d5,no-satire,no-satire
4b9012e8-d502e34e,satire,satire
1cbab3dd-b54f352d,no-satire,no-satire
3a30d189-74b84c70,satire,satire
29bd1cad-6aec142c,satire,satire
81e4cc4b-644c694c,no-satire,no-satire
e87ae783-68c21e59,satire,satire
c5f89fc1-80466ac2,satire,satire
2b29666c-9330c1d9,no-satire,no-satire
cf741cfc-9240c8c6,satire,satire
aae82cd5-ca1c1003,satire,satire
f5d23fc8-755dc0b2,satire,satire
15c412db-6cf5bc53,satire,satire
620215ab-d5f40abd,no-satire,no-satire
b59d82a3-5ca139e3,satire,satire
eb85ee0a-c27805c7,satire,satire
7bf65eb8-3acd2891,no-satire,no-satire
85508bd5-b79962dd,no-satire,no-satire
9501ee34-8f93170d,no-satire,no-satire
93a192e0-e64ad66d,satire,satire
204091b8-f261e9ab,no-satire,no-satire
01bf6d18-ce78d930,satire,satire
0f2cc1c2-4389e31e,no-satire,no-satire
8c37d5fa-573ca944,no-satire,no-satire
bc2ff0c1-425e006f,no-satire,no-satire
f4055788-e92f9b26,no-satire,no-satire
cb1d1403-239f1fd0,no-satire,no-satire
4dd05c60-50e8c6c3,no-satire,no-satire
797bc30f-458f0f7d,no-satire,no-satire
4f5f2fb0-e7078dc0,satire,satire
1743463f-76522117,no-satire,no-satire
6174d579-0dcc3df0,no-satire,no-satire
ed62e62c-3e7f0911,satire,satire
7f24f90d-0e6f4044,no-satire,no-satire
cc822a83-4a2479d0,satire,satire
a6573124-a3e204ca,satire,satire
78b010d1-611323a6,satire,satire
4baddc3c-f451c1e5,satire,satire
e40fcb4f-9d1420ec,no-satire,no-satire
8b07bbb7-2053a262,satire,satire
2e8da66c-2e047546,no-satire,no-satire
0ad1e7fe-e49c41c2,satire,satire
086f746e-51cc15ad,no-satire,no-satire
0b39ce24-6eb2209e,no-satire,no-satire
05645b79-a2828bfd,no-satire,no-satire
8b4c1c2b-1c03d069,satire,satire
4ad77aa1-0cc1bf9d,satire,satire
116b4e47-7e2216e0,satire,satire
7ef41e73-4bac3228,no-satire,no-satire
0e3bc983-65ea9022,no-satire,no-satire
a96e201c-6c51ad88,no-satire,no-satire
62ae3a16-18625736,no-satire,no-satire
37e89bd1-e4f99969,satire,satire
adc78e64-48297d82,satire,satire
aed2f26a-6bdc24c4,satire,satire
31e390b5-8a4eb521,no-satire,no-satire
f01f261e-eebf5092,no-satire,no-satire
4177c82d-a9fe8132,no-satire,no-satire
bb7372f5-a88f2e86,satire,satire
935f71f1-f06e067c,no-satire,no-satire
c0a6d1aa-1c2bcc72,satire,satire
1ca99737-74e43d62,satire,satire
ef40f96a-7d2aeaca,no-satire,no-satire
bf1400e0-e458c02e,no-satire,no-satire
97d5fdef-21dcae6d,no-satire,no-satire
b5b3db33-68eb1fd2,no-satire,no-satire
7adbfd7b-b63d0700,satire,satire
5f03004f-25794381,no-satire,no-satire
01d14a92-9b897e4d,satire,satire
7ffd3af2-f1717f17,satire,satire
22e0f886-b31b7528,no-satire,no-satire
96dd521a-a1877018,no-satire,no-satire
452f4d35-008e0fc7,satire,satire
9a51b282-23720f8f,no-satire,no-satire
5490214b-1d33b67c,no-satire,no-satire
cdd2d45b-c9ec730d,no-satire,no-satire
ab336f45-f62576fa,no-satire,no-satire
4dfad70f-33dfa137,satire,satire
9353ef34-63de3bb4,satire,satire
42867b4e-6ed41c34,no-satire,no-satire
3e2e0ee8-2600e515,satire,satire
2962d547-d751d5d0,no-satire,no-satire
5e7a2792-7001b46c,satire,satire
eb5362bc-ab028de5,no-satire,no-satire
593ab533-ff30f89d,no-satire,no-satire
e6f009fe-6b791eef,no-satire,no-satire
79d10fe9-013f6896,no-satire,no-satire
ae34e54d-19eeea43,satire,satire
57853952-5138335c,no-satire,no-satire
712c2786-87b8447e,no-satire,no-satire
b6e0824c-d2fc91ee,no-satire,no-satire
d02ddb5d-b8415b9b,satire,satire
88724559-141e9c45,no-satire,no-satire
e3999073-e1504911,no-satire,no-satire
4ea59ec1-200d767f,no-satire,no-satire
fc09258b-ad283a79,no-satire,no-satire
b7ee3652-e1bb5e19,satire,satire
76cc452f-9ed9fcaa,no-satire,no-satire
e9b96d51-4ed37191,no-satire,no-satire
efa91e17-608dd5fd,satire,satire
585092c3-45e3b4f5,satire,satire
5a8722bf-ebeeb9f4,no-satire,no-satire
2b10d71b-747ff999,satire,satire
a2f8a246-d4817bb1,no-satire,no-satire
f0ee3e09-cf0e0c82,satire,satire
4d3f26b4-ff972485,no-satire,no-satire
2bbec4d6-11edb6be,no-satire,no-satire
3bee5987-93dd8066,no-satire,no-satire
48934aef-0705fdcd,no-satire,no-satire
524658e0-db11a618,no-satire,no-satire
c9ba7515-539c460a,satire,satire
ecca97a3-33b59a1a,satire,satire
1e11fc3e-36bf63ee,satire,satire
66a5aa02-94860fa7,no-satire,no-satire
44070fbf-a9b92015,satire,satire
93db0ad9-187abb3e,no-satire,no-satire
bea0256f-d56df8a5,satire,satire
a9d0a243-820ba74b,satire,satire
25afa559-30719bd0,satire,satire
7d32ba01-3d03a71b,satire,satire
235bb212-c115d09d,no-satire,no-satire
37389946-8ea07456,satire,satire
754498b4-d6a69fdd,satire,satire
d2b7d41c-1ee9aa09,no-satire,no-satire
72b95bab-275383e7,satire,satire
b45e925d-a4e619d5,no-satire,no-satire
344f3db1-3246adc0,satire,satire
d991b229-decb9a4a,satire,satire
69b28fc6-3421b639,no-satire,no-satire
1122bb75-84f68566,no-satire,no-satire
597ddf71-6d86e544,satire,satire
db43f3be-5cd3f45d,satire,satire
7fb0e557-d7cc9f69,satire,satire
aa953b8f-dd00e067,no-satire,no-satire
1fc77b78-289c76f2,no-satire,no-satire
1017181a-dcd97b50,no-satire,no-satire
342e9f07-d6c84299,no-satire,no-satire
30d7f6b7-e14a6efe,no-satire,no-satire
e8ab09d8-7b52e58f,no-satire,no-satire
7106c462-65c97532,no-satire,no-satire
d5b91cb9-ad5892fc,satire,satire
4928e494-13a8b75c,satire,satire
c58267a8-8345588d,no-satire,no-satire
60103430-74fa6989,no-satire,no-satire
03de42ea-0ccfc4b7,satire,satire
e13a0a64-8bfea99a,satire,satire
dd25567c-614dd530,satire,satire
2b664bdd-0f20b73d,no-satire,no-satire
ff0693f1-d1f04dec,satire,satire
b3723e5d-2d538326,satire,satire
c57e8c15-a213d8f3,no-satire,no-satire
e4babcf5-c74a92c8,satire,satire
b9c5e2ea-ff4da5d5,satire,satire
83e20a40-dc765720,no-satire,no-satire
611f9055-c9925af8,no-satire,no-satire
00cb3edc-501f7ebc,satire,satire
e7fa9be1-7a0beea9,no-satire,no-satire
6e6633ff-9ceeb916,satire,satire
0821f6c0-38a6240f,satire,satire
e46216d5-3a1caf92,no-satire,no-satire
ae0e8e8c-cf7ca67f,no-satire,no-satire
400e25c8-1323aaf3,satire,satire
c9d56e99-137b72d8,satire,satire
aaa9a165-481108bf,no-satire,no-satire
da8f60bd-aeeb6eeb,no-satire,no-satire
8b109993-b2ea3852,no-satire,no-satire
605c8a65-625eb216,satire,satire
9759f164-32ff8360,no-satire,no-satire
18fbfde0-e573f2e3,satire,satire
6ed2c646-d4af58e0,satire,satire
487e05cd-511db9df,no-satire,no-satire
1011aa40-d45bf124,no-satire,no-satire
5bd650eb-706a5d64,satire,satire
0f2fe6b1-1863d300,no-satire,no-satire
e053bbd3-29be0b24,no-satire,no-satire
f15221a9-9a5f4761,no-satire,no-satire
0392c099-4cea377d,no-satire,no-satire
93eab626-29539261,satire,satire
ceb48dce-c96c6638,no-satire,no-satire
a1001fec-b65321a3,no-satire,no-satire
7f7f5e84-fcdf6533,no-satire,no-satire
425ac47c-e346b49a,no-satire,no-satire
2f4de955-6b1dcbf9,satire,satire
87dd1701-2a249dbc,no-satire,no-satire
e1516f55-9dc77ba1,no-satire,no-satire
e56fffbd-5881d60e,no-satire,no-satire
d02aa04b-cadcded2,no-satire,no-satire
11a99d2a-8f8649f4,satire,satire
cdf11a0b-b659fc9a,no-satire,no-satire
90aff79d-d99a778f,no-satire,no-satire
9d7f907d-050965e1,no-satire,no-satire
c7f9669b-bcf0bf64,no-satire,no-satire
8406b132-3bb0f6a1,no-satire,no-satire
5bd1a3f2-63c21098,satire,satire
04219c65-fd521399,satire,satire
fb000902-9ac943d2,satire,satire
edf0b3f9-0ed147c1,no-satire,no-satire
ea0b4daf-9e9a9737,satire,satire
09332ddb-1dcbe068,no-satire,no-satire
3d843e5a-f67be175,no-satire,no-satire
396e0425-b46a9249,no-satire,no-satire
e32e9db6-5b877313,satire,satire
65bd250a-79c9a7d8,no-satire,no-satire
7d18d1fe-65f2d546,no-satire,no-satire
8bec9cbb-e6fdc49e,no-satire,no-satire
b9f6f6f2-ade343f4,no-satire,no-satire
40d6a697-a8d93612,no-satire,no-satire
3074d585-143324c7,no-satire,no-satire
8939a102-28c0e88f,satire,satire
4718b68a-a2c2003b,no-satire,no-satire
ca19c47c-148564aa,no-satire,no-satire
030ead8d-7471e4e1,no-satire,no-satire
e716bb14-ae7c103e,no-satire,no-satire
42822d52-815397a1,no-satire,no-satire
8cdcff32-c14d6238,no-satire,no-satire
567456fc-08706fa7,satire,satire
babf3fe0-d60fcfd3,no-satire,no-satire
41633f27-ad348fd8,satire,satire
b022cce6-feb64e09,no-satire,no-satire
b8cc4572-d442f164,no-satire,no-satire
775684dc-d659eb3a,satire,satire
cec282fe-0b1eb10a,no-satire,no-satire
fa64bafe-d60b34c6,no-satire,no-satire
e437ac32-1945932f,satire,satire
023426de-69cd5fc1,no-satire,no-satire
255d563f-e2738592,no-satire,no-satire
85786ae8-c3feefe9,no-satire,no-satire
f9462550-a3780f30,satire,satire
e1e68bc4-533b74f7,satire,satire
9516ef07-bd2d68ff,no-satire,no-satire
5f944b3f-e37557d1,no-satire,no-satire
6d59199e-bf270693,no-satire,no-satire
d1e4c288-bf92c3de,satire,satire
688130ab-f6f731e2,no-satire,no-satire
4df1ad32-fd1c8aec,satire,satire
c8d323b0-f57aee63,satire,satire
4985f6e7-566e17db,satire,satire
581c6749-7884f289,satire,satire
46506d4a-7f12eac1,no-satire,no-satire
b93e3dfc-fe97f944,satire,satire
2348bdc6-7808858e,no-satire,no-satire
8193e2a8-daa13679,no-satire,no-satire
0b981fa3-3e47ade5,no-satire,no-satire
41a9a2e2-ea4d340b,satire,satire
4da7a23e-576fe1cb,no-satire,no-satire
b75c9737-f56ca009,no-satire,no-satire
94ffe5e0-be1b6c68,no-satire,no-satire
5586918a-df2edd30,satire,satire
e0035e5b-e51d109d,no-satire,no-satire
3785b34d-4824539c,no-satire,no-satire
5c839f56-fcd0f4a5,satire,satire
5a4d3a24-85ab8b4c,satire,satire
b0b03109-bdd67fd9,satire,satire
c8ea826c-4ce37477,no-satire,no-satire
00c34f86-410ba88e,no-satire,no-satire
365f6022-dc762048,satire,satire
0b547f53-dbd1b26f,satire,satire
3e9ac8fb-4468a5a0,no-satire,no-satire
6f8493ea-299d29dc,no-satire,no-satire
184fa68a-5b5c3bd6,satire,satire
d69af70d-cb5ce739,no-satire,no-satire
c658b90d-99cb6df7,satire,satire
ba355c09-5e8a7db0,satire,satire
55a4a966-6d68b3f6,no-satire,no-satire
c0b8db1b-e8cff6f7,satire,satire
39757a5e-84d34401,no-satire,no-satire
7c08b71c-68f6d368,satire,satire
ac9f2ecb-d97a70a9,satire,satire
cfcfdf65-9303c8e6,no-satire,no-satire
53f09ad7-cc1d95ed,satire,satire
c4c6f246-556f6d14,satire,satire
6bd11cb3-eae06518,no-satire,no-satire
98a015de-b6fabdd4,no-satire,no-satire
20ae2d1f-27554457,no-satire,no-satire
bc079437-f327dba3,satire,satire
6d9f8785-3c07c72c,satire,satire
d3dc9091-8f4f5740,no-satire,no-satire
f3fd0fa2-ebd83342,no-satire,no-satire
65094402-88fd63b8,no-satire,no-satire
e42fc4b9-59e90db3,no-satire,no-satire
c6875dda-0fabd272,no-satire,no-satire
4c1db548-4d756b37,satire,satire
98b5ffaa-7d5a48e6,satire,satire
5ae03134-76c72a83,satire,satire
86d41f2e-48f1bde6,satire,satire
bd78c4e0-92d0eda6,satire,satire
560d03cf-d91f8550,no-satire,no-satire
8bd1e251-c8f6dfb8,satire,satire
06835de7-aee3cf7c,satire,satire
23ea8e98-c2d217c0,satire,satire
4f556b64-6772a6d1,satire,satire
81d840fe-e5f3b300,no-satire,no-satire
c240fde8-da706e35,no-satire,no-satire
b9063d91-4b7be75e,satire,satire
af965370-1b356680,no-satire,no-satire
b6b98132-faf80361,no-satire,no-satire
1f9539f3-8e79a0de,no-satire,no-satire
4a6415e8-7ceb85e3,no-satire,no-satire
2f5f566d-199bbbd4,no-satire,no-satire
c7bb582b-2c54f5e8,satire,satire
e7b1fd7a-27d80239,no-satire,no-satire
8b58169f-c33f87b9,satire,satire
51dda7fe-9e14c849,satire,satire
37de4d4a-eb6a9e02,no-satire,no-satire
c129990c-a0e16d15,no-satire,no-satire
a52b9696-70153342,no-satire,no-satire
0be169cb-7828736f,satire,satire
5d1b7418-8d845be2,no-satire,no-satire
6689c524-0b23c24c,satire,satire
3d834a40-84edf4bc,no-satire,no-satire
6e92e705-136d3b9e,satire,satire
48abf131-ded17441,satire,satire
8df29a68-5462c38c,satire,satire
978fafb6-8f8cbe19,no-satire,no-satire
c6714ffa-118c5d6f,no-satire,no-satire
85d40134-a50056e9,no-satire,no-satire
998addf4-b7827dd5,satire,satire
722780bd-0abf18e3,satire,satire
af2a7cd7-fa94040c,satire,satire
0d85ad25-cb5c0d22,satire,satire
b0e3ddc2-0968b9f7,no-satire,no-satire
ca75f90d-8a0bc04b,satire,satire
32a5628d-e5931fff,no-satire,no-satire
46c15675-14d95a35,satire,satire
5b5f40fe-ead5bac5,satire,satire
5a0040ea-b4fb7080,no-satire,no-satire
355152a0-e8d16203,no-satire,no-satire
1aadb899-93c8e5fd,no-satire,no-satire
367a5b51-78b2a08c,satire,satire
1d38d527-61cf6406,no-satire,no-satire
c2e69b59-4ca63bc8,satire,satire
e2fb359c-612cd3c8,no-satire,no-satire
3bc2d4ce-19107e3f,satire,satire
e8ebe55e-b4dd2c1d,satire,satire
89a55006-990d4c19,no-satire,no-satire
bede2f1c-b2ecaf19,satire,satire
97bd734f-cfcbd991,no-satire,no-satire
47a51e49-acb680c9,no-satire,no-satire
c7b0fbd6-9e2f81ef,no-satire,no-satire
2714fc66-a12076a0,no-satire,no-satire
0b0adec0-bfb15e9e,no-satire,no-satire
2f3a7d12-1f6756a7,satire,satire
11a45dc2-d67e58cf,satire,satire
9881b78f-4342a336,satire,satire
dea0a431-4df4fa01,satire,satire
2574bb16-172c2f18,no-satire,no-satire
ce10e2f0-fef58115,satire,satire
e6858a01-2c6fa976,no-satire,no-satire
d2cab1e3-aec69cb8,no-satire,no-satire
c5591c8d-290bcc6c,no-satire,no-satire
e05b5a74-7c3a623f,no-satire,no-satire
261afe9a-831e0ede,satire,satire
adbe256d-e9cd0ff8,satire,satire
27d2b4f7-4bb46292,satire,satire
9c06db93-843c26b0,no-satire,no-satire
cae060a6-92dc322e,satire,satire
be00327e-4bf93fb6,satire,satire
2d6ec0c1-37534c9d,satire,satire
9be2af97-3f97db6b,no-satire,no-satire
80ebf1b1-e60df68e,no-satire,no-satire
105093f4-189496e1,no-satire,no-satire
9c5ec632-a12e42fb,satire,satire
f962bba9-b9e5f15f,satire,satire
736301ed-a3706d0c,satire,satire
7da8c260-1e2680b3,satire,satire
9464e762-cb471507,no-satire,no-satire
cd83ffbc-cfe64c9e,no-satire,no-satire
a32d8afc-8e2216db,no-satire,no-satire
5d7dab5f-8ca472d2,satire,satire
605e1a75-28379979,no-satire,no-satire
8e9e7c28-7381de4a,satire,satire
0a2f81be-b8c903b7,satire,satire
02558f78-0d85c14e,satire,satire
5047dd39-bc61c059,no-satire,no-satire
1e60882a-a2ecbc14,satire,satire
5c3d1c30-6c0b22f0,satire,satire
5b0eb0b6-a6a45e66,no-satire,no-satire
57201945-3ed8268f,satire,satire
c49d7013-3f518964,satire,satire
820dbaec-afa90263,no-satire,no-satire
1ab4df74-dd4d857d,satire,satire
20c9e18b-719224b4,no-satire,no-satire
ee2f0a5d-821db04e,satire,satire
93ed8e78-5febec96,no-satire,no-satire
da7688a3-aec422e3,satire,satire
15548fb0-de9928da,no-satire,no-satire
e13fb4f1-9775ea1e,satire,satire
1e90f54e-2c3dc75f,no-satire,no-satire
028d591d-9c15d040,satire,satire
4b297c73-d240ff59,no-satire,no-satire
f0817c2b-6d614481,no-satire,no-satire
6cdd8c13-b663cc64,satire,satire
5f3cef60-fe80c46f,satire,satire
a5446cef-ea856987,satire,satire
339b80cc-501b0747,no-satire,no-satire
f970eb44-d1d73f9e,satire,satire
5cece952-3541cb70,no-satire,no-satire
290a02a7-4b1ad4ed,satire,satire
506bacc7-9c0136c0,no-satire,no-satire
59ad6f8f-293c957d,satire,satire
f28d4410-141419d1,no-satire,no-satire
7c27c7b8-7b8b68c6,no-satire,no-satire
579b5163-7a047f30,no-satire,no-satire
ee06d63d-4dd2719b,satire,satire
90ee837d-0c3e8333,no-satire,no-satire
1105d3f9-bd2ddc90,satire,satire
77bd8bd4-05bb57b6,satire,satire
1450e430-2ed79173,no-satire,no-satire
639f5541-419bb8c9,satire,satire
b445d879-7945622c,no-satire,no-satire
ff7d8cd3-41096e75,satire,satire
6470c8db-7199e265,satire,satire
8be66899-dbe36ebe,no-satire,no-satire
ae2af165-54225c09,no-satire,no-satire
3de773c2-71701ec5,no-satire,no-satire
0e55963a-a8f6c6d3,satire,satire
d8a6f3c1-0c13ca93,no-satire,no-satire
cf4438ff-b84004ed,satire,satire
23db1b16-7fd694e5,no-satire,no-satire
25180937-4d736e0d,satire,satire
57c32cd0-68abe37d,satire,satire
0cd3cc6d-21ba83e6,no-satire,no-satire
e5a5a955-70c70c60,satire,satire
492a57ba-a00acf7e,no-satire,no-satire
01600d35-d823eb6d,no-satire,no-satire
82a40890-dba23ee6,no-satire,no-satire
0c186798-14ed2410,satire,satire
e5162f58-ce7d5b53,satire,satire
5f51d279-00bab0f3,satire,satire
aaebd6d2-e8922735,satire,satire
35acee9f-421ca0a9,no-satire,no-satire
65ea20a7-d8cec18f,satire,satire
0d252a6b-085e8df2,no-satire,no-satire
1da4e711-11f52754,satire,satire
cf82cdf0-dc979786,no-satire,no-satire
4379c68a-a2f2ff2b,satire,satire
0cf5ec02-b92e575d,no-satire,no-satire
90255181-f20d75aa,no-satire,no-satire
cd154b22-fd903a69,satire,satire
70e62c53-7370e8ee,no-satire,no-satire
d7118a7e-f691b8b5,no-satire,no-satire
2b7a82ce-7c1acff8,satire,satire
1d0c2db6-b9b56e03,no-satire,no-satire
7c20599a-fe735ad8,no-satire,no-satire
b0788874-43e738f8,satire,satire
0ffaede0-d282b87a,satire,satire
91e454a3-f22f89c3,no-satire,no-satire
3b58340b-5f0e5cbc,no-satire,no-satire
bb2d219e-e7b74026,no-satire,no-satire
6706e37b-adcc55ff,no-satire,no-satire
0a3328ad-289f0c13,satire,satire
d9b0d63c-7c727561,satire,satire
35c86376-8cabb9b4,no-satire,no-satire
7bfd3d7a-08780ed2,no-satire,no-satire
c2824925-b115c870,no-satire,no-satire
10c23a48-e87bfa6b,no-satire,no-satire
dae1e007-a5a84b64,no-satire,no-satire
d1c88e4e-6df530ae,no-satire,no-satire
3501ab2a-c76db6cf,no-satire,no-satire
56bd552e-2e245f53,satire,satire
2799944f-152de796,no-satire,no-satire
9a79cd2c-548a68b2,no-satire,no-satire
e08c1c4c-e8cbb021,no-satire,no-satire
925a3cf5-c0476c97,no-satire,no-satire
94beaea9-4de38bd4,satire,satire
0c5b793d-f312cae3,no-satire,no-satire
04da8cb9-2c63df12,satire,satire
0a5dcfbc-a7ecf1c7,satire,satire
15b08b78-a79bf4b3,satire,satire
8c701593-235963e0,satire,satire
90ceca1a-42a9620c,no-satire,no-satire
a4d8e2bf-eeef039b,no-satire,no-satire
a850e306-51699c3c,satire,satire
edebb286-b95f2cfc,satire,satire
69050eaf-ba61d965,no-satire,no-satire
b26cfe76-c48c13a9,satire,satire
9b36282d-729e7b97,no-satire,no-satire
5edb1c9f-6c8143db,no-satire,no-satire
ac51afab-34d7b185,no-satire,no-satire
465e4fe2-9e71fb3a,no-satire,no-satire
4753a110-5147f1b3,no-satire,no-satire
ca81ed0d-5b7793bc,no-satire,no-satire
5da20d16-b808c6fa,no-satire,no-satire
6a9c6675-aa0d5229,no-satire,no-satire
7b63a721-a5ab476f,satire,satire
d92cc779-808fbaac,no-satire,no-satire
d7d57d04-86253a68,satire,satire
f89dde68-cad073df,no-satire,no-satire
70d09cf5-b400b0b5,satire,satire
a74de89b-ebbf0880,satire,satire
5cf33cdb-c8e97cca,no-satire,no-satire
87faf7cf-a7be16df,no-satire,no-satire
245b6e80-57054afa,no-satire,no-satire
53ca38bc-4a847ef8,no-satire,no-satire
8be0a6b0-3aaede9c,satire,satire
e6b9ab13-e8bfb887,satire,satire
4accc4eb-63c01ed8,no-satire,no-satire
3569396a-77ef62d1,satire,satire
2532d81a-b19ad5b5,no-satire,no-satire
c73553d9-3e364ccd,no-satire,no-satire
2c818ed1-47d4ed18,satire,satire
d6974366-bc53c3f6,no-satire,no-satire
00d79f7b-f88e545a,no-satire,no-satire
28c7f868-cdc7aec9,no-satire,no-satire
81f932e4-bc54a41c,satire,satire
141e69c3-757df78f,no-satire,no-satire
81bab512-8e7cff8d,satire,satire
f0ccdd00-7d6d65fd,satire,satire
72b84ff6-be9af25c,no-satire,no-satire
6ce0b8fe-e3be239e,no-satire,no-satire
80164956-7fdc223e,no-satire,no-satire
c22e495f-b423dd0f,satire,satire
37cb6ff3-eaa247ea,no-satire,no-satire
b03c2c28-fbba138c,satire,satire
de7e106d-77a7bbca,no-satire,no-satire
85734ec3-c1fa3b30,no-satire,no-satire
1e9e8a91-e9ff8638,satire,satire
d98a102e-a3bb93ab,no-satire,no-satire
f493be60-59c09dac,satire,satire
a3ee08e7-0a188bd1,satire,satire
00149541-281c80b2,no-satire,no-satire
3076eace-a7f1e860,no-satire,no-satire
d1a05017-9a88e80b,no-satire,no-satire
77f8f9ac-16993f0c,no-satire,no-satire
9511686a-04e023cc,no-satire,no-satire
c845eeee-d048890b,satire,satire
c896467e-f58d5198,satire,satire
5271eb4b-a72e5c3c,satire,satire
a8764e47-50d28a47,satire,satire
d61f3f02-81002968,no-satire,no-satire
309d8381-388e63eb,satire,satire
dddb4c36-bdac1123,satire,satire
0aacb30c-5456cecb,no-satire,no-satire
434038de-17364ad8,satire,satire
e3b5106a-a6c4c5af,no-satire,no-satire
1ed46bc0-b86a550d,satire,satire
89e7a8ea-06dce279,satire,satire
9420323a-77b73c87,satire,satire
e3174c17-e5145877,satire,satire
d90f596d-7f284ec4,no-satire,no-satire
ce3c9ec0-902e579f,no-satire,no-satire
4a19e3c6-b85d8ff2,no-satire,no-satire
6ce07f94-ede38304,satire,satire
f98fad3e-58d49cc3,satire,satire
3d220de0-c7d83c43,satire,satire
0c008e71-72cbd7c7,satire,satire
37acc12b-77dd2307,no-satire,no-satire
c04e3c39-266316f0,satire,satire
0ed1983e-43ade60f,no-satire,no-satire
ea1b6623-7c60c290,no-satire,no-satire
3b7b43fc-abf46c4b,no-satire,no-satire
86cff37c-3126a94b,no-satire,no-satire
eb771681-c57de5f4,satire,satire
eda20a1a-c49edfdb,satire,satire
caa0883c-04dcb61d,satire,satire
227e596e-3ca57251,satire,satire
d329f01a-01d8877e,satire,satire
3a611cab-0b2db1ce,satire,satire
d42eba5b-c0d355bd,no-satire,no-satire
6ee2911e-81299d7c,no-satire,no-satire
e56453fa-911f1def,satire,satire
e03043bd-8c7a3ec2,no-satire,no-satire
7eeca6db-19ba6b40,no-satire,no-satire
a2d79383-d2633af9,no-satire,no-satire
2f4f015d-ec8e52b1,no-satire,no-satire
f70545c7-f28e4e5d,satire,satire
331142c2-a1b9c583,satire,satire
a67d296f-c29eff01,no-satire,no-satire
a9864937-10608c4c,satire,satire
b12689be-ab054a2b,no-satire,no-satire
d8406aac-58a65d27,no-satire,no-satire
fb38bb80-bca21085,no-satire,no-satire
34e6bf40-263498a7,satire,satire
8d34264f-e1b9712e,no-satire,no-satire
b4ff52b5-045cce29,no-satire,no-satire
52aec222-02d47db2,satire,satire
933842cc-3e287a4a,no-satire,no-satire
6a7262b2-f0350fc3,no-satire,no-satire
82196a25-8b50eaae,no-satire,no-satire
224c18f3-1863b5e9,no-satire,no-satire
8722f513-bb7ef0fa,no-satire,no-satire
3889a67c-6b948c2a,satire,satire
d46c08ff-ebf22f16,satire,satire
5d1042c3-1ea3134d,satire,satire
a24a91d8-510e77d0,no-satire,no-satire
9059c877-5b06b9f0,satire,satire
c17abf89-f5438402,no-satire,no-satire
1b66074f-1bc86ff5,no-satire,no-satire
95256641-4596de27,satire,satire
842324eb-64598171,no-satire,no-satire
4a593dd6-4b442737,no-satire,no-satire
6a42be24-9102b3fe,no-satire,no-satire
3cfa26d7-b0e7bb86,satire,satire
f9b08c74-7e232c0e,satire,satire
45779102-5bb1e0d5,satire,satire
0de88ec6-39469de9,no-satire,no-satire
6c7f3c40-262e7dd6,no-satire,no-satire
a80699f8-840742fa,no-satire,no-satire
8d95d42b-98737fe0,satire,satire
758a1630-f1ef5445,no-satire,no-satire
33e1ef1a-05df57ce,no-satire,no-satire
3cce2f95-04543ca2,no-satire,no-satire
2b84f29d-9f8078ca,no-satire,no-satire
01d3d05f-7247dd53,no-satire,no-satire
d1746075-34bdecb2,satire,satire
9fe574ee-d028161d,no-satire,no-satire
7272603f-06cb687d,no-satire,no-satire
4f9322e8-f1c8fe34,no-satire,no-satire
8245922a-b543473f,satire,satire
5961f178-d98492b3,satire,satire
9a10f550-76161a40,satire,satire
d985ad8e-550b503a,no-satire,no-satire
f2020275-b0386595,no-satire,no-satire
db82ac67-93093e82,satire,satire
a76fc595-73c09591,no-satire,no-satire
81ea95de-5084c0f5,satire,satire
8c6d75b5-1293a0b3,satire,satire
a15eeff6-07d2bca4,no-satire,no-satire
9fdacd09-482a3db6,satire,satire
5a6574fe-e0d7cdc4,satire,satire
697d9510-5165f0e5,satire,satire
e89425d6-62fc5928,satire,satire
5dbf9d61-decc7197,satire,satire
a0913f61-9a09330c,satire,satire
1c673a68-582543eb,no-satire,no-satire
f403fba3-2293cb1e,no-satire,no-satire
5422e122-0484a6de,satire,satire
2800f669-73ce57e0,no-satire,no-satire
eef5858e-ed696e38,satire,satire
11362e20-714dde56,no-satire,no-satire
697b7aad-07a7a925,satire,satire
6ab4736a-1ba5138e,no-satire,no-satire
ec06bada-c0d1d631,satire,satire
7aed6177-b424f360,no-satire,no-satire
a6a7ff71-e203c9c7,no-satire,no-satire
ada741e4-630db553,satire,satire
4f6bb23e-b4e359ef,satire,satire
08297f04-a1ed12d7,satire,satire
48e03c64-1245d406,satire,satire
9563e00a-7ea347a2,satire,satire
85eea464-b79514d2,no-satire,no-satire
25035ca0-e1894789,no-satire,no-satire
43e25cda-1feba464,satire,satire
335afe76-9a6ed18b,satire,satire
6c7d2c1b-7f5ebb67,no-satire,no-satire
0842e579-4d048280,no-satire,no-satire
8861e7b6-3f3f175f,no-satire,no-satire
e8b1e9d6-1eac1414,satire,satire
fe4b4e88-8210ed2e,satire,satire
d5f74c51-24f39b92,no-satire,no-satire
4ab58edc-7be092f1,satire,satire
d699f11b-77ad6eac,no-satire,no-satire
6f21137f-5183ced9,satire,satire
20e065b4-3e5d8c7c,no-satire,no-satire
d1864ba8-f3af1636,satire,satire
c46d34eb-c1e80a05,satire,satire
093fb12e-80bd2dde,no-satire,no-satire
21335935-29c4a28e,no-satire,no-satire
c7b36cc5-77ed1817,satire,satire
5130b3cf-e7abf40e,satire,satire
2cc21886-d8ea3c6b,no-satire,no-satire
ba142530-2b679b9c,no-satire,no-satire
08ae8f0e-ca9bc769,no-satire,no-satire
88ea842a-984b7c4c,no-satire,no-satire
c520d07d-b39f2068,no-satire,no-satire
e8b7d5ff-95dec609,no-satire,no-satire
7885906d-7351cd96,satire,satire
e666c788-adb54d3f,satire,satire
4a289cd8-e9df3eaa,no-satire,no-satire
3e6b73e3-d31363dd,satire,satire
2b7a74ba-beaa34c5,satire,satire
acfcd4ff-c2c61224,satire,satire
136885ee-993924d9,no-satire,no-satire
c1ded567-8dfc2eea,no-satire,no-satire
4d108697-866d9efa,satire,satire
99a8147d-bf8d5069,no-satire,no-satire
f275ad92-d0c6bda8,no-satire,no-satire
fbe832aa-43b72270,satire,satire
9b3817f4-8d06f2d3,no-satire,no-satire
0f23b9f0-19b5681b,satire,satire
32fd5d3d-e80865f4,no-satire,no-satire
11e183c2-299bcfab,no-satire,no-satire
0dbb9c84-8052fae8,satire,satire
baee9366-dec075ea,no-satire,no-satire
16d6e6d8-5fc32893,satire,satire
8350c8c1-1e48ec32,no-satire,no-satire
572158fe-7996097d,no-satire,no-satire
b4726305-b46c757e,satire,satire
dbaeab5d-8064453e,no-satire,no-satire
533cd62f-aa676cd8,satire,satire
d6723880-745306ae,no-satire,no-satire
c39040c7-01cfce82,satire,satire
dd513eca-084dc95a,no-satire,no-satire
271288b1-74bd63f6,satire,satire
21ca38d1-7bdb6ea5,no-satire,no-satire
a5b306f7-3f53860f,satire,satire
8a05c6b2-12e0fca9,satire,satire
46852e1c-6089b583,no-satire,no-satire
86840d36-e2539195,no-satire,no-satire
415a61f9-dbd15422,no-satire,no-satire
6c4c889b-f42b083a,satire,satire
940bf1b1-b5bc901f,no-satire,no-satire
f888d22e-919fd73d,no-satire,no-satire
b916e05a-22dd2f29,satire,satire
08ef1ce3-1971b5ea,no-satire,no-satire
77913b87-4174448c,no-satire,no-satire
533a02f8-afeb4232,satire,satire
186c71c9-3a81538d,no-satire,no-satire
79c6b7b9-72e088ab,no-satire,no-satire
83ace12f-cb219ba9,no-satire,no-satire
cba8d099-e870886f,satire,satire
083d0f6a-2dafeb6e,satire,satire
98e63812-f216046a,no-satire,no-satire
d3ac912f-ec1c6205,satire,satire
7433dd5c-4157bfb6,satire,satire
c3b16beb-a4df7c1d,no-satire,no-satire
c8df65ea-7c21012f,no-satire,no-satire
f74283b4-7dfb2eb1,no-satire,no-satire
897e8f2e-f447f1c8,no-satire,no-satire
c6b93f02-23e7ba0d,no-satire,no-satire
110fe469-f59208d5,satire,satire
d885e9a0-85fb4369,satire,satire
2f4e4339-135c93b2,satire,satire
2f99be81-6094e19e,satire,satire
3e7afa73-2dbf2219,satire,satire
53ac99d7-6d55b950,no-satire,no-satire
de79d5c3-54b7c214,satire,satire
d937e867-2fab072a,no-satire,no-satire
0ccdebc9-a8f25dde,no-satire,no-satire
d2d07259-1bb1d4e4,satire,satire
36aae560-018326e0,satire,satire
90ea0873-16aba682,satire,satire
51c392f8-d8f6e447,no-satire,no-satire
b1ab187c-8312037c,no-satire,no-satire
9500593d-977ac654,no-satire,no-satire
25418b06-7ad7ef6b,satire,satire
fd02957f-499c788b,no-satire,no-satire
e60e163e-c2df9db6,no-satire,no-satire
f61dbaed-103ddd03,satire,satire
ac3b3b76-bedd0ff6,no-satire,no-satire
0f963792-1472b540,satire,satire
332df926-55fdd8f0,no-satire,no-satire
fe464089-721a34c2,no-satire,no-satire
44dd917c-60e8df86,satire,satire
ed855ce3-ae012334,no-satire,no-satire
fed61330-950ec4df,no-satire,no-satire
a52f5a11-a5814d38,satire,satire
4fa42649-4d396e26,satire,satire
14fea595-df3f6a21,satire,satire
19242d20-e081eb17,satire,satire
0f83499e-4439b5b6,satire,satire
35b91d0e-3030171e,satire,satire
b7664f5d-2d1abdb5,satire,satire
b47628d8-b8d032d0,no-satire,no-satire
43765ac9-6da3e1c5,satire,satire
bffc04dc-fc3cf6bc,no-satire,no-satire
5f03d691-c08da2d2,no-satire,no-satire
8326392d-1d73de6f,no-satire,no-satire
2d200979-209c81d5,satire,satire
41e07d11-605f0c9f,satire,satire
278ca21c-801c3e8e,satire,satire
9043313f-029afcaf,no-satire,no-satire
0e709cbf-d25fa82b,no-satire,no-satire
8642709d-0c52b40b,satire,satire
4538804f-ae67688b,no-satire,no-satire
f435cf2e-a934c887,no-satire,no-satire
37dc42d6-19b8d2ab,satire,satire
5d452666-3e9afa4f,satire,satire
4f168aac-417e3530,no-satire,no-satire
35aa1166-03dc16d4,no-satire,no-satire
cf28ec68-586ad9b7,satire,satire
4d19b3e3-85732d49,satire,satire
da9fdb83-185ad32b,no-satire,no-satire
468ae0fe-43e9ddca,no-satire,no-satire
69abc639-090d39b2,satire,satire
54cf0e8b-2c9cb8a7,satire,satire
4e1a91e2-e3804035,no-satire,no-satire
7949c24b-26c7c58c,no-satire,no-satire
cd9205c0-23cbbfeb,satire,satire
ed3eb7f6-4ca44fe3,no-satire,no-satire
0b65da78-3727cd08,no-satire,no-satire
ae54c11c-f37a8168,no-satire,no-satire
3c1686ef-2c640637,no-satire,no-satire
fc4769f6-bcb72198,satire,satire
5bb65e20-fb217b99,satire,satire
323e747b-d04dcf9a,no-satire,no-satire
bd266ea3-f2fd8bd5,no-satire,no-satire
b9d00466-49744c47,satire,satire
f56c92e8-7296b2ab,satire,satire
7264a217-12946094,satire,satire
34bbfaeb-7888930a,satire,satire
83adf583-fc5669b3,no-satire,no-satire
995021e1-7b575cd6,satire,satire
5ad9f6c2-fbecdb2f,no-satire,no-satire
990346ef-7b159879,satire,satire
593823bd-0f5e2fde,no-satire,no-satire
5c3bdef8-5e468596,satire,satire
04426427-12640ef7,satire,satire
4f2dc6ad-d2f73082,satire,satire
9c88a710-6e7e0215,satire,satire
81e83e7c-c277b200,satire,satire
d502b3f9-34bcca6f,no-satire,no-satire
ebe47ddf-c6f52bde,no-satire,no-satire
71b00453-2dae36b9,satire,satire
c56092ed-931b3c55,satire,satire
1b1258c8-aab24f35,no-satire,no-satire
bc1f51ba-8b543ace,no-satire,no-satire
033b7dc6-c318e159,no-satire,no-satire
edc6a79d-40fd8bc4,satire,satire
b0010d35-4e3aebda,no-satire,no-satire
3830ba0d-b73827c0,no-satire,no-satire
48b23bb7-b6c9fc7d,satire,satire
515ee125-2b6c9cdc,satire,satire
373ab7dd-a7bda322,satire,satire
a55606c3-44b6b5f5,no-satire,no-satire
365d0844-e139348b,no-satire,no-satire
dd3331cf-10196b36,no-satire,no-satire
7659d69e-d6d1929b,no-satire,no-satire
852f4ebd-ba6198d8,satire,satire
298736d3-2ad4057b,no-satire,no-satire
e4603d48-68f58fe5,satire,satire
76b44f48-e243a68a,satire,satire
e8f2e1b9-586d94df,no-satire,no-satire
a44dd75e-79d21476,no-satire,no-satire
28f0abdb-b3893e53,satire,satire
c69e84b0-9ed97643,satire,satire
07d22948-4cfb27a9,no-satire,no-satire
504d07ef-a847338c,satire,satire
d57def75-32315226,satire,satire
46d8800b-caedea87,satire,satire
2490aa82-f2ba641b,no-satire,no-satire
68258ae8-adbedb54,no-satire,no-satire
ecf6201c-58d6b6a7,satire,satire
7087ff8d-40d3af95,satire,satire
d947b8ec-5ae36fc4,satire,satire
40223b39-68e599a3,no-satire,no-satire
abf52846-e0bbac40,satire,satire
7f7a4802-169d5fe8,satire,satire
9ee992f0-bf26e144,no-satire,no-satire
3ac2e837-272eea3d,no-satire,no-satire
69a0eb95-ab15f784,satire,satire
7e5dab18-98a0b579,no-satire,no-satire
f2cfb912-9be432d6,satire,satire
390c75d5-23d508fd,satire,satire
e813fb3b-2b0c63bd,no-satire,no-satire
a3f29ed8-28a3c1bc,satire,satire
f9ebe96b-e664e5f1,no-satire,no-satire
d3051292-26cb3d09,no-satire,no-satire
f7611d0b-670babef,satire,satire
eeab3fc8-ea8005bd,satire,satire
3faa8753-9498d039,satire,satire
83dea8aa-1c150336,satire,satire
7551f6e2-b5ca993a,satire,satire
eb3a8f7e-dbe346a1,satire,satire
7617f648-b450f0fc,no-satire,no-satire
7acb2550-ee4effb8,no-satire,no-satire
9bcbec40-9fbe09f7,no-satire,no-satire
0d2ff868-e347587c,no-satire,no-satire
da2e0a98-df4b78a0,satire,satire
992adcf5-fb702fc0,no-satire,no-satire
5ff51a49-176b7651,satire,satire
d363fdd1-279593e8,no-satire,no-satire
f7cdd355-44cd2326,satire,satire
d0a49103-94b6fed7,satire,satire
085f9266-dd3e8d07,satire,satire
9d4de755-70e7c9b5,satire,satire
de8c3c89-c0ae1ef7,satire,satire
f40353ff-09382d6d,no-satire,no-satire
d56f98b1-9a54b85d,no-satire,no-satire
30e00091-a7d6d8e4,no-satire,no-satire
f5c41972-961361f4,satire,satire
2568f9bd-849ff1c9,satire,satire
1e52964c-820c93fa,no-satire,no-satire
b8b946e6-4f952610,satire,satire
68ad4dac-9e07eb31,satire,satire
b4e591a4-d44cd6eb,satire,satire
df286776-6aa1e967,satire,satire
972137e6-688783d3,satire,satire
64de989c-94867bdc,satire,satire
dab012ea-9ac06f37,satire,satire
583f3c67-ce552744,satire,satire
af459ea6-09285f3c,no-satire,no-satire
d4997e41-008d45be,satire,satire
0e4ba6b9-8111f01f,no-satire,no-satire
6a35c5cd-1596c5ac,no-satire,no-satire
1444601e-44fdb91d,no-satire,no-satire
c4509ff8-03c24290,no-satire,no-satire
a93f01e3-65b021a7,satire,satire
d8693fc8-b87c40a7,no-satire,no-satire
d149346b-db4c3f24,satire,satire
976dd7e0-f833583e,satire,satire
e17b7981-17f2cc01,satire,satire
6c26c21e-5ef072b6,satire,satire
7a6d1316-d85831e3,no-satire,no-satire
afe1036e-5be20a03,satire,satire
9b8760b2-0626dc10,satire,satire
6005fc2c-13b950b1,satire,satire
2cd44420-b76c987d,satire,satire
3992799a-7ba705ff,no-satire,no-satire
c9dcf12b-7a5d17b2,no-satire,no-satire
0ce8e110-12dc1c21,no-satire,no-satire
ebc49ff2-84bb058b,satire,satire
85aad6a1-d272c17f,no-satire,no-satire
5952d331-2182ae8d,no-satire,no-satire
540d8bfc-1a25d2eb,no-satire,no-satire
ecd92da4-2f5e8233,satire,satire
76178eb6-fd3932f9,no-satire,no-satire
1ad1e185-6aa90107,satire,satire
bbdd0948-3e8b1c42,satire,satire
9b4d8b1d-ee420117,satire,satire
d5b4ec65-99db45e9,satire,satire
dcca5ebc-bc296400,no-satire,no-satire
68ee3d3e-ef87b531,no-satire,no-satire
db927155-11a8f33c,satire,satire
555cea1b-29f434bb,satire,satire
2b066dda-42858279,satire,satire
bd683b9c-c00185ea,no-satire,no-satire
d690729f-499f5398,satire,satire
91ce1337-92abbf4f,satire,satire
0a711fd4-c127b7a3,satire,satire
25f8b651-68437bfc,satire,satire
b29856f0-40e86683,satire,satire
28f6ebec-f2e91abc,no-satire,no-satire
d5a651b2-c30e7100,satire,satire
aaa706ba-c89f7c42,satire,satire
0dcdc2ec-ad223f0f,no-satire,no-satire
dad01489-68e3220b,no-satire,no-satire
b4c6f83a-8e55cc9b,satire,satire
40b4dd38-e77e8f74,satire,satire
d0e7a0aa-82e0cb8a,satire,satire
351ae03d-bc710999,no-satire,no-satire
f7ac0934-be00c1c9,no-satire,no-satire
203f9adc-9420449a,satire,satire
5b3cfc52-6310596d,no-satire,no-satire
d50b2b6d-a31312f1,satire,satire
70e451cb-4efc6af0,satire,satire
93f0bd30-4e2a3b62,no-satire,no-satire
ceb23f1a-1e3b9f0a,no-satire,no-satire
f4f4765f-ab2f299e,no-satire,no-satire
cd4658f0-43da2be1,no-satire,no-satire
5477a406-8ad723e7,satire,satire
089590d9-ba570993,no-satire,no-satire
fb37054e-c9289a27,satire,satire
4e504b0e-e3618ea1,no-satire,no-satire
3f03f9d0-81f57d3d,no-satire,no-satire
da64645f-a9228fbd,no-satire,no-satire
b67aea4b-1884028d,no-satire,no-satire
1e383c60-eb531a0d,no-satire,no-satire
664f19a2-fec153d6,satire,satire
6a01cecb-2253310d,no-satire,no-satire
6b63dba8-b11fd37e,satire,satire
c893a5e8-4b6f11c8,satire,satire
4a732486-084e84bc,no-satire,no-satire
3c252b3c-80540022,satire,satire
c49e2e12-06dbb695,satire,satire
391d3ead-45214fa1,no-satire,no-satire
df23e39c-9b7d8a2d,no-satire,no-satire
7a801021-cfd0c9be,no-satire,no-satire
0d0787c4-79aa176d,satire,satire
04967100-c3d2ac21,no-satire,no-satire
10e6edb2-4b9146c9,satire,satire
e1747447-7257be9b,no-satire,no-satire
c272090f-137db94d,satire,satire
97d999f7-18bea628,satire,satire
f65e0d8b-e77d8c7c,no-satire,no-satire
ce23f0bf-ae6874d6,satire,satire
3e93c8fc-60595ded,no-satire,no-satire
3dcc473f-12058d16,no-satire,no-satire
93823a17-ec444ce7,no-satire,no-satire
17cb3802-92853dea,satire,satire
599ed9c7-d5b841a9,no-satire,no-satire
5395d13a-ec935339,satire,satire
c476e50f-caf10f2c,satire,satire
d289f099-03925627,no-satire,no-satire
0f576a06-7d8f7a70,satire,satire
f0672ea7-40b34fa4,satire,satire
b69147cd-20a737c3,satire,satire
0a29954f-d21d234e,no-satire,no-satire
ecb59cd1-5852b867,no-satire,no-satire
ee0606d7-3ad8de7d,satire,satire
6cc0bd4c-8bfb9ed5,satire,satire
e6e37232-5305a978,no-satire,no-satire
2720c4bc-169dd5b1,satire,satire
c470038b-0b567a72,no-satire,no-satire
a5348143-ea1a8059,no-satire,no-satire
6edcb0ed-63475130,satire,satire
5f332853-82614178,satire,satire
17332e97-6a01bf91,no-satire,no-satire
12fbcd8e-c8bf6a07,satire,satire
8f4fc8f6-24bf1b9b,satire,satire
82e31394-7f919fcf,no-satire,no-satire
eb389bf1-46e267bd,satire,satire
d3170480-a2638298,satire,satire
0891fa83-b6ad7bf6,satire,satire
8d82108a-b0072ec9,no-satire,no-satire
7611f127-ec1707cd,satire,satire
9c71c1b7-a21e049d,satire,satire
712f653e-1e422ac4,no-satire,no-satire
77e58bb1-3ff88462,no-satire,no-satire
00da6cf1-a7159f00,no-satire,no-satire
a312e876-0579fcd0,satire,satire
919a52f8-b8bdec3e,satire,satire
0772996c-f9ec5515,satire,satire
93fcbfa0-d993a978,no-satire,no-satire
b756339f-726c6764,satire,satire
8f32a39e-31030c9a,satire,satire
5ae70a90-bcf0b0f2,satire,satire
4c247d4b-01f53636,no-satire,no-satire
cbbc96be-1884c61b,satire,satire
b8234831-3fdcf5a0,no-satire,no-satire
7a97d379-55d9aebb,no-satire,no-satire
c235ec1f-c85b4f51,no-satire,no-satire
bbc69a0c-ff6215f0,satire,satire
0b918e6e-9845c7e0,no-satire,no-satire
8ded3da6-ede13838,satire,satire
edf9bc08-b40851dc,no-satire,no-satire
641c4171-e2d261db,satire,satire
8a6f90b9-2f2f7fa9,no-satire,no-satire
563c0bec-f5a3a8c8,satire,satire
946c5362-f3605ec5,no-satire,no-satire
17552ca8-b0c4f2bc,no-satire,no-satire
45045e45-30a8581b,satire,satire
be416d9a-625cffdc,no-satire,no-satire
4f987be1-4f7810a8,satire,satire
1d6dbac6-8f116d51,no-satire,no-satire
ee7e914c-42d7d624,satire,satire
703b0d0c-d30af04c,no-satire,no-satire
6f629d4a-eb597a8b,satire,satire
16804f77-7906f797,no-satire,no-satire
23e32c37-7184760f,no-satire,no-satire
7e306cd5-07f6c793,satire,satire
adcfde2f-da840069,no-satire,no-satire
a414a46d-1d07ff62,no-satire,no-satire
1b70d309-40f92e56,satire,satire
c66d61b7-9ab7d564,satire,satire
4a1ea0bc-d37c4b86,satire,satire
9392847b-8f60b881,satire,satire
34033138-a0a71cc1,satire,satire
eae5747d-0884cef7,no-satire,no-satire
93871cdb-abd022e7,no-satire,no-satire
c7781e2e-141d2f3e,no-satire,no-satire
b56f2a85-ac489f1b,satire,satire
5a40da7c-0d346831,no-satire,no-satire
89b18f18-5dad48d6,satire,satire
f2490ebc-7c1faea4,satire,satire
bb2c651f-7831c5c7,no-satire,no-satire
c0253015-c5dc89eb,no-satire,no-satire
973d2f7c-ae53c297,satire,satire
432740fd-170a60ee,no-satire,no-satire
5d747f49-1571841a,satire,satire
f13c19a2-e95d5004,no-satire,no-satire
63052dae-df9063fd,satire,satire
464e17ed-cbc91f59,satire,satire
1ba84106-2828c0c8,no-satire,no-satire
3273f25c-949812e5,no-satire,no-satire
ecd245bd-b88b89c6,no-satire,no-satire
0293b4eb-56bd923e,satire,satire
646c3a77-1bc418f9,no-satire,no-satire
4944bb7c-c54c2710,satire,satire
a66589a6-9355a7cc,no-satire,no-satire
a3335f48-a75eb4b8,satire,satire
4b9dc929-c902d61a,satire,satire
b5ab1b92-87f66eca,satire,satire
09729a23-ff400751,no-satire,no-satire
62fbfb7d-45c63377,satire,satire
5ac2724d-b6cc45b2,no-satire,no-satire
e09102ed-efcc0e17,no-satire,no-satire
de1e3a2e-16701b49,no-satire,no-satire
f3d35a45-32624a5c,no-satire,no-satire
c834a76f-6cc518cd,no-satire,no-satire
5da0c1d3-135ae777,satire,satire
d717009a-2720554d,satire,satire
369eaa3b-d6580f7c,satire,satire
4d578bdd-982b762c,satire,satire
32488b83-656e9d7f,no-satire,no-satire
ef1939ec-439cbe61,no-satire,no-satire
6f77dbb4-9b3bcfce,satire,satire
17d8c942-d1c44212,satire,satire
13ab8e5c-8db68ff4,satire,satire
a07d1ded-9e9e3a4d,no-satire,no-satire
2b638308-8beee4b0,satire,satire
453c73c2-6eacec09,no-satire,no-satire
114188c1-12344326,no-satire,no-satire
c6f23a9c-083718dd,no-satire,no-satire
16517f2b-336939d7,no-satire,no-satire
babc691b-5a20f3fa,satire,satire
c2efe4a2-fe3c3032,no-satire,no-satire
4e8ab868-6b3f0a0d,no-satire,no-satire
3927c533-2485bce9,no-satire,no-satire
1fd60539-3a8612b4,satire,satire
f1b110b2-94894ab0,no-satire,no-satire
28fe1be8-fb50146a,satire,satire
ecee333f-220bd453,satire,satire
f5edb009-68c63c1b,satire,satire
c94d47c4-f46b18d3,no-satire,no-satire
53f106cf-fe6bc822,no-satire,no-satire
96c6f3bd-8efe7677,no-satire,no-satire
b9496992-3c43d53b,no-satire,no-satire
ebbfb621-d8e78374,satire,satire
0138bbe5-22309e26,satire,satire
8de5d943-f40dab31,satire,satire
564a5e11-1539304e,satire,satire
0f0b13c1-812a97f1,no-satire,no-satire
c86459d2-2b8e9007,no-satire,no-satire
8c6beae2-2e4435ad,no-satire,no-satire
95087bed-fc0a06cc,no-satire,no-satire
5f7ddec3-ca805515,satire,satire
5253d68e-63f4d353,satire,satire
fd7f9b3a-3ae299b1,no-satire,no-satire
6fa4a33d-c11700c2,satire,satire
29f2c694-dd93e577,no-satire,no-satire
460d007c-e44022ff,satire,satire
21b1164b-8fda1507,satire,satire
9239250c-2a71ff50,no-satire,no-satire
d41356d3-c172cdac,no-satire,no-satire
293a23b2-be09034e,satire,satire
d1d377ea-26509ca8,no-satire,no-satire
d719b621-07feb8eb,satire,satire
2d300f2a-361a77fa,satire,satire
4d90d2dc-30e9a5b3,satire,satire
63b9bb89-954f3aba,no-satire,no-satire
7ddab978-f0cb0206,satire,satire
d62605b6-e1e5a6bc,no-satire,no-satire
c10d0535-02e43acb,satire,satire
23df093a-4d609498,no-satire,no-satire
66ae5701-06701e9d,no-satire,no-satire
8dc090d1-3907a8dc,satire,satire
c1534ece-b58792f9,no-satire,no-satire
7d0e6bfb-fe2cbbb2,no-satire,no-satire
2bdc9c13-57247f59,no-satire,no-satire
552a567b-ef2e58d8,no-satire,no-satire
1121e652-247b8fa1,no-satire,no-satire
8b5a704a-4b906571,satire,satire
d95b7b90-78379b97,satire,satire
c43aedde-1bae69bf,no-satire,no-satire
c5574dfd-b5547e48,satire,satire
02cf3ff2-07c901c7,no-satire,no-satire
7faaf0a8-a649446f,no-satire,no-satire
281f3154-e6fe2ada,no-satire,no-satire
0c99aa30-f7e7219f,satire,satire
cd690a3a-e6d3b539,no-satire,no-satire
3f992a53-773e231f,satire,satire
9d4927c3-c481e494,no-satire,no-satire
69a83cee-58c6bf79,satire,satire
76cdd340-674fa489,no-satire,no-satire
cc85ee87-8cddb957,no-satire,no-satire
d4c9280c-77235134,satire,satire
dcce66ec-8c8f9aac,no-satire,no-satire
a05aebad-aec3d9a2,no-satire,no-satire
436d4277-ac255a71,satire,satire
bf30f582-b2df6aa5,no-satire,no-satire
21044480-38cb458a,no-satire,no-satire
aec08cf7-d4d8e27a,no-satire,no-satire
a0c7ab82-583a53b4,no-satire,no-satire
4c0d4663-aabc7f3b,no-satire,no-satire
7e3d21b4-613386b3,satire,satire
f15e4df6-46b4ee1e,satire,satire
b1c2a3ed-5c1caa62,satire,satire
5d52076f-9602b4c0,no-satire,no-satire
276dc9ce-a56505fe,no-satire,no-satire
f47a049b-0b7fd3d1,no-satire,no-satire
529970b3-dfbcbcd9,satire,satire
787cb351-bf8326c8,satire,satire
d270e67f-31866045,satire,satire
26983e6d-0ef8b74d,no-satire,no-satire
8c3018d5-d317bcc2,no-satire,no-satire
1e6e6ec7-412786dc,satire,satire
e784d871-a212a593,satire,satire
5adefaa4-2a99d78c,satire,satire
46f08495-e30a61fe,no-satire,no-satire
81d0c523-58a28049,satire,satire
9f94f43f-f552ba99,no-satire,no-satire
9adc7f1c-43d88639,no-satire,no-satire
5988b55e-e2c070e3,satire,satire
bd1bc349-af23975a,satire,satire
c5b0825d-1585c2d0,satire,satire
e970b514-8b816066,no-satire,no-satire
da90f745-8d8cb17b,no-satire,no-satire
9fca9040-d71b9039,satire,satire
f43fc870-871bea32,no-satire,no-satire
2acf943f-b60ca468,satire,satire
1e0d727b-71f7c9e8,satire,satire
f3b6b089-3bf423b6,satire,satire
378b9dc4-089a1ccb,no-satire,no-satire
4ac17898-8d777fb3,no-satire,no-satire
af25a247-1a402c6e,no-satire,no-satire
86200822-4608e3ea,no-satire,no-satire
31788278-0d2266f9,no-satire,no-satire
b293c38c-ce9edd75,no-satire,no-satire
734b1ada-13f40e53,no-satire,no-satire
aabee639-76a2ff2c,no-satire,no-satire
59ec0cdf-2d40b3bf,no-satire,no-satire
c5c4a4eb-9d2b529f,satire,satire
26ed6524-e6a9f090,no-satire,no-satire
334c411d-1d8ba999,no-satire,no-satire
bcad947c-b6c73e9a,no-satire,no-satire
8c48189b-9c07f081,no-satire,no-satire
7a69fa5b-9a46c7d5,no-satire,no-satire
0dd83ed4-c735d135,satire,satire
7ccb9b36-a5297458,satire,satire
30a71712-04a1aee9,no-satire,no-satire
d256a4ae-652ae719,no-satire,no-satire
6fb311a6-b98f455f,no-satire,no-satire
950f4489-fc0b1344,satire,satire
f349b8a8-efae477e,no-satire,no-satire
cbb89d22-e739c13e,no-satire,no-satire
4e05970e-c411cc11,satire,satire
5b9e4635-a436cdee,satire,satire
f68ce933-3ad1b2f7,satire,satire
6d322c4c-5a6bd950,satire,satire
e32d24ab-143dd8d3,satire,satire
01f3976d-1e9365ca,satire,satire
7750cbd8-00217b3b,satire,satire
255aab9a-5a336f1f,no-satire,no-satire
d53eeb12-1006687d,no-satire,no-satire
57b65657-a07fa338,satire,satire
62ccb9e6-0b36153f,satire,satire
69277803-d9dbd8cb,no-satire,no-satire
e5b1565e-9beff0d9,satire,satire
7642b6e3-e7939743,satire,satire
89c9a075-39261298,no-satire,no-satire
11659e32-1a5b5c89,no-satire,no-satire
23dc82bc-83ddaea7,satire,satire
49034079-d52e9890,no-satire,no-satire
84efb086-bbd481a7,no-satire,no-satire
c77adc45-2948bbdb,satire,satire
3075cafa-b946bd24,no-satire,no-satire
d7299ed7-6a5b450f,no-satire,no-satire
279eb39c-eaa226d4,satire,satire
523d4713-1166e13a,no-satire,no-satire
4e433ff5-2cefe968,no-satire,no-satire
a521b574-d09c9f96,satire,satire
f9c082d9-37e69d33,satire,satire
d68ecb00-df6e5333,satire,satire
3321b7d3-aa4ce48e,no-satire,no-satire
52065ec8-9d3a384c,satire,satire
4272e7ff-6c1bffef,no-satire,no-satire
56003bfa-8a7fe832,satire,satire
58e574c8-3c8c6015,satire,satire
03e04503-8bc15226,satire,satire
c25dc117-2a68cd30,no-satire,no-satire
4d261978-79a562e7,no-satire,no-satire
7c94fe67-68ba9dfa,satire,satire
7070014e-c48fb2d9,no-satire,no-satire
48495e19-aa025aba,satire,satire
4c4bd540-6a38e958,no-satire,no-satire
83240e02-7fc14404,no-satire,no-satire
9a3b1faa-0a0123f7,satire,satire
d17a5ea9-ecb5e9c5,no-satire,no-satire
946367fe-4069dcf6,satire,satire
7ee7f7bf-20e09895,satire,satire
6c30ba56-9d71a8ad,satire,satire
ce82a4a3-a8a601b2,satire,satire
7f5dec07-4f6ef6ab,no-satire,no-satire
88122eb3-99dad203,no-satire,no-satire
c81aa3d5-0827c872,no-satire,no-satire
c13175bb-62ae5815,no-satire,no-satire
f2e6f729-fc3aa7c0,no-satire,no-satire
ac85a03b-1fd459fa,satire,satire
523cdf56-2784750a,no-satire,no-satire
09fb194e-cd8c3733,no-satire,no-satire
42f3219f-e02b9d55,no-satire,no-satire
fc8d29e0-e03eeb69,no-satire,no-satire
eb043757-2b2823b6,satire,satire
b65dad6b-e90e1038,no-satire,no-satire
98013992-733572cf,satire,satire
46f94c63-bf7bda39,no-satire,no-satire
5e154ab3-db615915,no-satire,no-satire
fd216e5b-1184e11a,satire,satire
50537f14-f5754e55,no-satire,no-satire
af6b5f42-ccb0b7da,no-satire,no-satire
b7a8d692-b4a9a4cb,no-satire,no-satire
73bf3b72-8cf88cf4,no-satire,no-satire
91426149-7e1ff4e3,satire,satire
102ab207-e4973684,satire,satire
1623df62-7edf66a4,no-satire,no-satire
56432a52-929b1668,no-satire,no-satire
53660657-2658babf,no-satire,no-satire
cf763226-b589ee6d,satire,satire
7a75adc6-a54df8c6,satire,satire
8a4044d1-50eae3f0,satire,satire
9fbc4607-1577ed7b,satire,satire
3f6b170f-aa3651bb,no-satire,no-satire
aeb4e7f5-0b1d0ac6,satire,satire
f64ac5da-511c5acd,no-satire,no-satire
2dac1258-30ab8792,no-satire,no-satire
b5e2918f-1ad70047,no-satire,no-satire
acb967e0-c9fa298d,no-satire,no-satire
1713164d-55a867d9,satire,satire
23ba1699-445d0b4f,no-satire,no-satire
8662b440-2085a853,no-satire,no-satire
26cb81ba-d4824da7,no-satire,no-satire
75c75ce0-a6cafa2e,no-satire,no-satire
a6e57882-2164b877,no-satire,no-satire
748b6e43-0b440d70,no-satire,no-satire
ede60e5a-d236595e,no-satire,no-satire
607b361f-f0329bfd,satire,satire
6b767c14-272a8895,satire,satire
b68a5dc8-f2f48669,satire,satire
16b2ef3c-b874a993,satire,satire
750c4c59-6ecc63f8,no-satire,no-satire
675e27d6-57588dc3,no-satire,no-satire
2dd9b61a-6ebb2b10,no-satire,no-satire
1571df67-82b9079b,no-satire,no-satire
45097d08-0ef83dc6,satire,satire
9702ddc1-50f9f303,no-satire,no-satire
75286d96-384f6d2d,no-satire,no-satire
a8ff5978-08e6a55d,no-satire,no-satire
b452cea4-a19ac42d,satire,satire
325146a5-a8c9cf6e,satire,satire
ed8de8cd-51e64961,no-satire,no-satire
49a20787-6d95d9ed,satire,satire
7e0b3b4f-a763ff94,no-satire,no-satire
4f9b5239-93bfb9f1,no-satire,no-satire
a889fe6c-3288efbf,satire,satire
2d6b32ce-313e19dd,satire,satire
560b6b92-710d91c6,no-satire,no-satire
d6a0fe96-bfc9594b,no-satire,no-satire
4802e93d-3fe91cd2,satire,satire
e8df35fb-3274e76b,satire,satire
0b863c20-40a548f4,satire,satire
520c6f25-53f968a7,no-satire,no-satire
21b930b4-143ea7f8,no-satire,no-satire
d5d9f83f-92170c71,no-satire,no-satire
8751488e-1e40bdfb,no-satire,no-satire
d62927e8-c6c284b3,satire,satire
8b8bee71-07db9f6c,satire,satire
ee28fd9c-cee65961,no-satire,no-satire
1465367f-f2703a19,no-satire,no-satire
2d3da152-9de6eaa7,satire,satire
00bc37ea-e244843a,no-satire,no-satire
510fc698-472a25eb,satire,satire
7a01ac0f-4ede34e4,no-satire,no-satire
700d9919-b88e7dfb,no-satire,no-satire
9fc29aa3-247575ec,no-satire,no-satire
fdae7484-9fe35595,no-satire,no-satire
83a97a05-852fcff8,satire,satire
cd657b00-6fe3d9df,satire,satire
8fc21a2b-4b800b5a,no-satire,no-satire
ad260947-c564efda,no-satire,no-satire
e6e8468b-03c63763,no-satire,no-satire
9972bbed-f07fc603,no-satire,no-satire
0f22e344-283e9a1e,no-satire,no-satire
960273d6-cd99cfeb,no-satire,no-satire
30bc058b-2dfcf0c6,no-satire,no-satire
78f1b0ed-ea98fffe,no-satire,no-satire
aa883f12-bb0e6651,satire,satire
8f28391e-1fa6d2af,no-satire,no-satire
895a7a11-c28cbe9d,satire,satire
afe8deef-52c7ce2e,satire,satire
c50d4c0e-2e5521de,no-satire,no-satire
e3b13200-6d294e3c,satire,satire
fc77dfe2-98303924,satire,satire
bc06e3c5-0a54f9fc,no-satire,no-satire
b0003c6f-5213ab3d,no-satire,no-satire
b01a35db-dc2a8797,no-satire,no-satire
2b912c96-94425363,satire,satire
6c8a249c-82f56dcd,satire,satire
2614d0a0-795fec44,satire,satire
0b2a4f23-31111919,no-satire,no-satire
1818c188-eb0116bc,no-satire,no-satire
b4e43a17-5b7e8845,no-satire,no-satire
4824302d-7033e0ef,no-satire,no-satire
b1d5b6f5-ad355e9b,no-satire,no-satire
59ced31a-52465ff9,satire,satire
c5340f51-b5669d7c,no-satire,no-satire
2da238b3-64ff4681,no-satire,no-satire
b8e8b6c7-8e9b0bbe,no-satire,no-satire
16b1e413-31803b54,satire,satire
6d99f509-baf8fdb9,no-satire,no-satire
18f1839d-8bbb3a1e,satire,satire
7ff254a7-66bef6d2,no-satire,no-satire
15d34603-3d28d14c,satire,satire
7f6058f4-da846414,satire,satire
dca0f98c-b59c3d48,satire,satire
c6acee14-cb31528a,satire,satire
3daacf32-8bc480e3,no-satire,no-satire
e46afaea-ec8a74a8,satire,satire
f0e75f44-1901f119,satire,satire
0b9e44b8-c7f09705,no-satire,no-satire
fd7f5598-0357de80,no-satire,no-satire
c2d8801f-374a16e2,no-satire,no-satire
1c46b61f-595b7a62,no-satire,no-satire
fb9424f8-40161e19,no-satire,no-satire
9b8c70e2-36e1221f,no-satire,no-satire
ed11c159-a45d5cfd,no-satire,no-satire
bb7d9002-7f31b768,no-satire,no-satire
b5158613-b171edc7,satire,satire
adccefbf-ec83642c,no-satire,no-satire
6fe10895-e4fec6da,satire,satire
c27ee29a-98b8d730,satire,satire
e22f4fe9-bd1227c0,satire,satire
af598cf3-de5ca297,satire,satire
583cea3a-93b9d8bb,satire,satire
09577200-fba6df2d,satire,satire
b567b8ed-4247e2ec,no-satire,no-satire
ab1bc1e3-911231c1,satire,satire
6ba64ef2-de422f72,no-satire,no-satire
04fe3ff3-72974a93,satire,satire
25ccdd96-f7612f2c,satire,satire
bba92d06-60f485be,satire,satire
b55a7936-f87c7b48,no-satire,no-satire
33435da2-abaef52f,no-satire,no-satire
6f95110d-940b8bde,satire,satire
c766e8a5-ea2f0502,no-satire,no-satire
2d90190a-53e2453c,no-satire,no-satire
0587f8bf-4f0ff84d,satire,satire
6ee0f6d4-833d395f,satire,satire
f570067b-2ae28466,satire,satire
2f753f2f-cd7edee1,no-satire,no-satire
994b57fa-cee14f48,satire,satire
4f4d094c-4484f0ef,no-satire,no-satire
7a389813-405eb566,satire,satire
085427ec-0485a9ae,no-satire,no-satire
d23872fa-4fdce8eb,no-satire,no-satire
d7851293-2e5ae313,no-satire,no-satire
e2e638de-ee732141,satire,satire
792851a8-cb2e69d5,satire,satire
eca466ff-5ebba54d,satire,satire
e45c42b5-5cc844e8,satire,satire
1122b9b0-8712e98a,no-satire,no-satire
bed6821e-a3f54fc8,satire,satire
66160849-ce19862c,no-satire,no-satire
bf233dba-e88bc241,satire,satire
dcdf796e-695e565f,no-satire,no-satire
6e266ae2-1a4d9fa7,no-satire,no-satire
0b0a0af4-1077dc3b,satire,satire
993f62bc-f28154ff,no-satire,no-satire
277c8af3-91b75cd9,no-satire,no-satire
de1d6958-aa39024c,satire,satire
0250ecc9-a91a1bc7,satire,satire
e603e7fe-dc727210,no-satire,no-satire
8c0ed6b6-6fc4a511,no-satire,no-satire
e98209cc-26563eaf,satire,satire
9c427317-bbb372ee,no-satire,no-satire
1f2ac698-f67f05a5,satire,satire
e728f7e6-1e2af8c9,satire,satire
a8536845-d829c909,no-satire,no-satire
8a36a922-5ce8d315,satire,satire
2770e719-a49bced0,satire,satire
d30d9f71-57362ac0,no-satire,no-satire
aef760bb-25adbf34,satire,satire
63398816-f5967e79,no-satire,no-satire
3baee40f-d1444647,satire,satire
b54958a1-38931d11,no-satire,no-satire
20b2f0be-5a96b965,satire,satire
7ac44449-8c89e83c,no-satire,no-satire
a9672cb4-9d6948a6,no-satire,no-satire
230f389c-1c409f47,no-satire,no-satire
02e8179e-869e3027,satire,satire
55021a25-173a2f1f,satire,satire
cce8310c-beae7ba5,satire,satire
dd8883f7-3d8611f5,satire,satire
ffce3441-6b5ea75a,satire,satire
22361e12-18ea788b,satire,satire
2530187c-c06b003f,satire,satire
c40ee8dc-3abf1772,no-satire,no-satire
44b95006-412af7b4,no-satire,no-satire
925242fd-df9ae049,no-satire,no-satire
e25e5890-0e1654f0,satire,satire
9ce3d052-9952b13e,no-satire,no-satire
9d490fd3-b4a85318,satire,satire
79f6a305-8b43ed7a,no-satire,no-satire
380defb0-838d75cf,satire,satire
8c43bf70-16cabf4a,no-satire,no-satire
90eb3108-7ad81480,satire,satire
c32cf911-5848c7f4,no-satire,no-satire
660cfd31-ea59333c,satire,satire
caa7e543-fb246f71,no-satire,no-satire
cf583a4f-6425e49f,no-satire,no-satire
57faebe5-9fa41a69,no-satire,no-satire
7d2c7c20-32c6fd85,satire,satire
ea2423ca-47e1fb1f,no-satire,no-satire
644ccc3e-debc40ea,satire,satire
7ba46400-1a13d5c3,no-satire,no-satire
241ad88c-8bd88b6f,no-satire,no-satire
14fec96e-8af3c7ed,no-satire,no-satire
11b190d9-545615eb,satire,satire
2b9c23c3-1358b301,no-satire,no-satire
11fceaf4-fb43e54f,no-satire,no-satire
5c6586f9-f68b3b24,satire,satire
4ddce09d-1ae933cc,satire,satire
52184ef9-f0fd4046,satire,satire
a34ff99b-5d2097eb,no-satire,no-satire
65fb14e1-1c6a1a98,no-satire,no-satire
8e44459b-e176ba17,satire,satire
c3ee14d3-b513c34c,no-satire,no-satire
ee33563f-f5ad4546,no-satire,no-satire
2bf7de14-0b1659ff,satire,satire
3f2b6a60-5241b253,no-satire,no-satire
1c376e15-2b5cef0d,no-satire,no-satire
6954d693-feceeeba,no-satire,no-satire
bc9586a8-e66a8e54,no-satire,no-satire
a83e5812-920c1884,no-satire,no-satire
a2c5f608-8196878d,satire,satire
7e705059-a20b83f8,satire,satire
aafe248b-f9099a07,satire,satire
a8a6cce8-5e254375,no-satire,no-satire
3e2f81e5-6f51ecf9,satire,satire
72f985b6-ec482054,no-satire,no-satire
6148f270-7dc2ad7a,satire,satire
78bbf2a7-2467dfb7,no-satire,no-satire
30a551bc-61e33258,no-satire,no-satire
e6da59bf-10e2e976,satire,satire
ef7f9871-49a9f954,satire,satire
53b63159-64f00c13,no-satire,no-satire
fb614a61-1c65993d,satire,satire
3356ba0a-1adc72ac,no-satire,no-satire
5115f8db-834ab413,no-satire,no-satire
22a9b9b6-40f467c8,satire,satire
8a7a894f-185b4fb0,no-satire,no-satire
2a0003b8-9e1a6bed,no-satire,no-satire
b5e70d02-7b2bc227,satire,satire
a9527a96-af4798d9,no-satire,no-satire
822bd638-6abdee1e,no-satire,no-satire
559a6a45-bd650478,satire,satire
8f36f8b1-34d6fddf,no-satire,no-satire
28a934f0-65106133,satire,satire
abfb7a35-d70177c7,satire,satire
64d9a97a-b57e010a,satire,satire
4fdf6033-f33a5b35,no-satire,no-satire
e9b368fa-5f399975,satire,satire
f5812ccc-2b14ef21,no-satire,no-satire
033fecfe-237762f4,no-satire,no-satire
290d9b25-e3654a53,no-satire,no-satire
695d3b30-7d3e8296,satire,satire
4917481f-c3837b98,no-satire,no-satire
f4d77ed9-7253d477,satire,satire
b2378ee1-01076f84,no-satire,no-satire
7e78df71-253fdde1,no-satire,no-satire
86f6ba1d-11958d16,no-satire,no-satire
517cca8e-cf3540c9,no-satire,no-satire
40bfe78b-7158b265,no-satire,no-satire
3fd01dc0-cfdb4be9,no-satire,no-satire
974c08ba-3ab59e18,no-satire,no-satire
62a6b94d-1a78f3bc,satire,satire
19d2f487-4cd191f6,no-satire,no-satire
b87c2778-b52c94b6,no-satire,no-satire
de331a1e-53c12606,no-satire,no-satire
02931b1e-2ea73d29,satire,satire
3e811caf-2cc1284d,no-satire,no-satire
a528c2fe-7eaa803e,satire,satire
30517268-ab16f2c9,satire,satire
4bc08c80-799a38bb,satire,satire
73d73337-e017bf6d,no-satire,no-satire
9c7f9597-c3a28e73,no-satire,no-satire
0db1b69f-f3847065,no-satire,no-satire
e57683e6-113486e1,satire,satire
c0020a57-04ace973,satire,satire
98d49c13-ac6da964,satire,satire
8debc927-4e7ad12b,no-satire,no-satire
40e7647a-fb7732ef,no-satire,no-satire
f2e2dffa-ffcb13f9,no-satire,no-satire
3bc1d9e3-f2023f48,no-satire,no-satire
a7957cee-9c4aa663,no-satire,no-satire
2af0b01a-a977efab,no-satire,no-satire
1bfcc863-ec84903a,no-satire,no-satire
306c5e67-78785013,satire,satire
2a6d9e5d-c2b9bcfd,satire,satire
4b8e444b-eb1aed40,no-satire,no-satire
abc29bf4-a692d677,satire,satire
9e8a8413-245be625,satire,satire
f0d95f07-cc1d1fa8,no-satire,no-satire
09e18c8a-f740aa61,satire,satire
83d5b6e3-e3eccb8f,satire,satire
e92fd8c2-bcfd29e4,satire,satire
88b4b2ed-86aab652,satire,satire
c93de72c-25b67ccf,satire,satire
c18e7447-c965ebe8,satire,satire
1d80aed4-dbc23692,no-satire,no-satire
93285403-aadc162f,no-satire,no-satire
85f1b41b-fdd7b9c0,no-satire,no-satire
82a3e0fb-f040d59b,satire,satire
fa938d82-44cb79cc,satire,satire
74954ecc-06522eec,satire,satire
4e64609f-5bbee940,no-satire,no-satire
26dd73b3-77088bb9,satire,satire
d726739c-bddb5999,satire,satire
6d75a9d5-ee287f43,no-satire,no-satire
6506eda1-5c4bb7c1,no-satire,no-satire
9cc73c6d-6439821b,satire,satire
f12b4354-f580cc18,no-satire,no-satire
b3e67964-807d0682,no-satire,no-satire
2be7d2f2-9e3ca473,no-satire,no-satire
66185b12-60644138,no-satire,no-satire
e894aec6-9226b781,satire,satire
501097a4-e1f0bab9,satire,satire
ecba6645-eb9a35fe,satire,satire
2d08d67f-97008102,no-satire,no-satire
eeea6af3-83e94953,no-satire,no-satire
496f5086-c320f618,satire,satire
f197e90b-907ad169,no-satire,no-satire
3992c4db-d92fc0bf,satire,satire
4490caf1-c6b7efa4,no-satire,no-satire
80074b78-83f329ef,satire,satire
7077b591-10b29932,satire,satire
bc7b698e-d3ba7c5e,no-satire,no-satire
043f8ad3-6e50ea54,no-satire,no-satire
35421bbd-965fb44e,satire,satire
24fecfe0-1e146b6f,satire,satire
3ad39b54-3b9d13ff,satire,satire
e440e7ca-aa784b6b,satire,satire
a46ec399-cb245abe,satire,satire
c07fa9a2-8de814bc,satire,satire
057996f3-e363fddc,satire,satire
ccb5b8cd-748253a3,satire,satire
f34e56cf-0d81faa3,satire,satire
bde6015f-37a10430,satire,satire
106be563-f7cee354,satire,satire
047d5e70-4b5928cd,satire,satire
ee188bb3-00a590c0,satire,satire
ee067c1d-c773ab20,no-satire,no-satire
269d42bb-922cee08,satire,satire
6bc9c760-f98298b0,satire,satire
a719628b-aad0f85c,no-satire,no-satire
c6d4040c-8de890a7,no-satire,no-satire
1f4de88b-21ad259a,satire,satire
3abd593c-12459c3d,satire,satire
2abcfbec-b59cdc92,no-satire,no-satire
39708498-09b399c1,no-satire,no-satire
da28d551-fc363a03,no-satire,no-satire
292150dc-b799d8ed,satire,satire
50d43dcc-9099daa6,satire,satire
852f68e5-8a3d1e9b,no-satire,no-satire
c327759d-9eee0572,no-satire,no-satire
25dcafcf-0dfd101b,no-satire,no-satire
d4eb79e5-c92e9e41,satire,satire
5ed93567-466c2df7,satire,satire
d02da472-43d4560e,satire,satire
d0a3dfd5-bf9a4c8c,no-satire,no-satire
03b6fff3-99dcc900,no-satire,no-satire
5fb4599f-d8acea9d,no-satire,no-satire
fad466eb-45b96db6,no-satire,no-satire
d5fc30a6-cebf8271,satire,satire
4122b9a1-75c87b1b,no-satire,no-satire
d9f2193f-ffb6ff24,satire,satire
30e0710a-601c063d,satire,satire
fdd64a19-861575f7,no-satire,no-satire
beaf701e-394eec89,no-satire,no-satire
191ccfa2-024fe79d,satire,satire
513bab62-726c4d4a,no-satire,no-satire
c8a47db3-f6c7216f,no-satire,no-satire
0328e73b-b3bdb21e,satire,satire
ec58a888-8af66178,satire,satire
c26905b9-2b8a177c,no-satire,no-satire
f015e8fa-7cc927a4,no-satire,no-satire
09377a61-a35d40c7,no-satire,no-satire
d88cbbea-2a008533,no-satire,no-satire
2149cc54-656c81b4,satire,satire
16f6262e-84994463,no-satire,no-satire
e0177f18-941ce4db,satire,satire
ab81cab1-f1d97ddc,no-satire,no-satire
6bfac213-5b1e5cdf,satire,satire
cc50f424-823fc8f8,no-satire,no-satire
4a5955cc-5ce20650,no-satire,no-satire
b5461618-89799eec,no-satire,no-satire
e8aee24d-f49bf51c,no-satire,no-satire
9c3487b6-fae25f81,no-satire,no-satire
69151dca-4f85675a,satire,satire
fc160217-e4780a45,no-satire,no-satire
f350f3e2-301286b5,no-satire,no-satire
1bf0a5b2-1a466efe,satire,satire
0c555807-983544c7,satire,satire
a9f32198-9fdab3df,no-satire,no-satire
fc3b37fe-3bc61edf,no-satire,no-satire
d9357a2b-6cbafc7f,satire,satire
529b2533-e0750412,satire,satire
427474be-7a72fc61,no-satire,no-satire
0f709e2d-e09c8a01,no-satire,no-satire
e35764d5-fb9c3458,no-satire,no-satire
bace18c4-c149d751,no-satire,no-satire
296e3684-c57eccdd,satire,satire
60214f27-0e62d304,no-satire,no-satire
7aaacf8e-d35edb67,no-satire,no-satire
6939e0a6-b3280a63,satire,satire
e8ade4c4-c6740a1b,satire,satire
4a24b7d1-ee7b9049,satire,satire
e216ba7a-262dbf77,no-satire,no-satire
59037bd9-db799101,no-satire,no-satire
7af3bbd4-2fe13260,no-satire,no-satire
6e753991-71604220,satire,satire
3bc5aa26-35e06605,satire,satire
d7b7dadf-848b965b,no-satire,no-satire
440f16a2-caf86996,no-satire,no-satire
a19e31a9-b0374650,no-satire,no-satire
09fb5565-76cbd7c6,satire,satire
56ebc75d-40dff780,no-satire,no-satire
09609c19-2cca0b51,no-satire,no-satire
2b2dea84-02254ed8,no-satire,no-satire
6d2235ab-7ce8415e,no-satire,no-satire
656741fc-f3a30f96,no-satire,no-satire
5b282c94-d3a9d658,satire,satire
8ce81b3c-5cddb689,no-satire,no-satire
0e5f4a9c-ed8ccca5,satire,satire
bdec8e54-9d4dc561,satire,satire
45ced662-4df4d076,no-satire,no-satire
39a644ae-11c4b619,no-satire,no-satire
d746ad29-d1cdcacb,no-satire,no-satire
75c075a3-b29dabcc,no-satire,no-satire
ea96a03d-ec7d1b22,no-satire,no-satire
5e412e78-f34e6da7,satire,satire
d1905a15-0192ea15,no-satire,no-satire
c91a7339-500e032a,satire,satire
217348ce-1b311970,satire,satire
3f1267f6-04a82624,no-satire,no-satire
0763b2d4-3b7c3a6e,satire,satire
2a848ee3-01bb9e30,satire,satire
7cb180a7-2313f2a2,no-satire,no-satire
239e2847-108173c5,satire,satire
5ec7e060-c638b4dd,satire,satire
9cb19f13-a8402a98,no-satire,no-satire
c1abda2b-8cdede8b,satire,satire
dd7c788a-8693c422,satire,satire
49081022-7f85e2ea,no-satire,no-satire
755b32f7-9e181df7,no-satire,no-satire
e8a3993f-7a6c42fc,no-satire,no-satire
d053777f-37baed1f,no-satire,no-satire
9f08b3e0-2a74da65,satire,satire
4ece7395-34233488,no-satire,no-satire
28df9e4c-b97aff79,satire,satire
9a230192-ec4e741f,no-satire,no-satire
c38ac92a-0847d13d,no-satire,no-satire
4d1f3f3c-34872363,no-satire,no-satire
30c905f8-850005dd,no-satire,no-satire
4068b938-b6b4e5fd,satire,satire
272c9348-943f53ef,no-satire,no-satire
dbebfabb-82adb76c,satire,satire
a79d3e5b-74c50586,satire,satire
1fa14fb2-54cc73aa,no-satire,no-satire
88af1f9e-94e0b5c1,no-satire,no-satire
ed84b00a-4b7d1f1f,no-satire,no-satire
499738da-d3e9de08,no-satire,no-satire
96f3d155-5897c1ac,no-satire,no-satire
f4e46f5a-fdaa7547,satire,satire
a2abcdf4-911f9d35,satire,satire
f1910e20-11a9720e,satire,satire
002a9b0a-5664ccfd,no-satire,no-satire
885eb053-fc86164b,no-satire,no-satire
7fa454f6-bb416f7b,satire,satire
6b1479ac-1ca47027,no-satire,no-satire
df33f0e7-88f2eaaf,satire,satire
9c4b925d-4904d7c7,satire,satire
a68d9226-142ef16a,satire,satire
91b9eee4-26ee423b,satire,satire
050cf98b-8dc60aee,satire,satire
a3f5e6f6-7304a4af,no-satire,no-satire
3e48d448-bb5b3ddc,no-satire,no-satire
1c638dc9-f5cbd397,satire,satire
55b9e851-98bfe9d3,no-satire,no-satire
8f0ad8ff-2dda105f,satire,satire
b25f6116-bac9e6f2,satire,satire
73218115-64d27108,satire,satire
a76d2072-7b3c654e,satire,satire
af0ad399-3c4f731c,satire,satire
a8dab7be-77c8c68e,satire,satire
0b561ac1-ad896a88,satire,satire
72a0d8c4-7eb92788,no-satire,no-satire
374eaf2f-d6aa49cc,no-satire,no-satire
d80a49c5-dbf8fc30,no-satire,no-satire
2aa386db-af980103,satire,satire
4fb5a20f-66750a9a,no-satire,no-satire
9aad51b6-7c38a1b7,satire,satire
2b775d5a-7bf968e0,no-satire,no-satire
fa54ac7c-1667a0c1,no-satire,no-satire
e8834511-f859f794,no-satire,no-satire
5b20debd-8d9d0172,satire,satire
403c2f6a-6f8aead4,no-satire,no-satire
94454e26-1ee8056b,no-satire,no-satire
e7bf64c3-e02c1685,no-satire,no-satire
2e7f0d23-0784ae63,no-satire,no-satire
49c9f448-c88275df,no-satire,no-satire
33800d27-dfcaa5c5,no-satire,no-satire
5292ef1b-fc0f09fc,no-satire,no-satire
c0bdfac9-ff4fac04,no-satire,no-satire
d4911f4e-e8a78a6d,no-satire,no-satire
3666af07-d91ce5e4,no-satire,no-satire
c012acf0-de32f188,satire,satire
48ee6672-a2a6446d,no-satire,no-satire
0103f3ad-b40ac063,no-satire,no-satire
5b2bedb3-cd025593,no-satire,no-satire
8688328d-063bb6c1,satire,satire
abee3a62-ed87c1f2,no-satire,no-satire
ae0689c1-ecb6528f,no-satire,no-satire
740bd812-12058e97,no-satire,no-satire
2399ac65-3792ca66,no-satire,no-satire
e02b3e47-47d30ded,no-satire,no-satire
6cf86787-ed8858bc,no-satire,no-satire
bddd22e1-b23dcd4f,no-satire,no-satire
5a7bb9aa-c5783614,no-satire,no-satire
40349451-65ce3863,satire,satire
6763936f-84057637,satire,satire
44a81ee8-f3659454,no-satire,no-satire
40c8ee77-c362f8de,no-satire,no-satire
d3e4d01d-46f3765a,satire,satire
baa9b877-1d6d5e39,no-satire,no-satire
5347e8e4-f85d9ce1,no-satire,no-satire
5161eab5-52631ef0,no-satire,no-satire
8b9ce2be-f394256c,no-satire,no-satire
985134d7-aeac5cdb,no-satire,no-satire
b3c59604-01a6f5e3,no-satire,no-satire
625ab2a9-1c33eaa1,satire,satire
61247f5c-6870843f,satire,satire
b1660a1d-38e462db,satire,satire
9dbd6d10-9df43815,no-satire,no-satire
19ba5b10-a152345a,satire,satire
ba71e77f-63c91066,no-satire,no-satire
eedf82df-64fe5960,satire,satire
3a664a5f-4798e94b,satire,satire
d2f08ea1-9d03c94c,no-satire,no-satire
1f09022d-81190f9b,no-satire,no-satire
a30a31ec-593f7e21,satire,satire
37b42dbc-9c9cba41,satire,satire
29a75cfd-e5537ebc,no-satire,no-satire
a72ef96b-1b998016,no-satire,no-satire
3240695d-6c00fd8e,satire,satire
13804909-d0ca3180,no-satire,no-satire
87622527-46d112b3,satire,satire
581e46b5-28913212,satire,satire
dedfe38e-322338da,satire,satire
e8a8a005-4d1c0cbb,no-satire,no-satire
b2683900-8e67b8c1,no-satire,no-satire
e11cf230-a85e38a5,no-satire,no-satire
2349eb17-83ca3c32,satire,satire
f98e5f0f-2efadf6e,no-satire,no-satire
67f6c5a7-f453cd03,no-satire,no-satire
6f89f5c2-fedcaa10,satire,satire
58a9ecdd-ed3a1fb1,satire,satire
22b4d073-9f45d418,no-satire,no-satire
11945d0e-c165c14c,satire,satire
d1246b25-eb0c5807,no-satire,no-satire
0cc5303b-670e0dd2,no-satire,no-satire
ca4ffac7-b8d286e5,satire,satire
54bf96c9-e9093f7e,no-satire,no-satire
10661b58-24f61b00,no-satire,no-satire
ade0a1bd-1a9690ca,satire,satire
a255c822-c8bfa2ad,no-satire,no-satire
3d585a26-f9238761,no-satire,no-satire
e2b334d5-82427818,satire,satire
d39a8824-370ee282,satire,satire
2a24e934-c07b7fc4,no-satire,no-satire
ec409622-fc789fff,no-satire,no-satire
be93ced1-1823afe7,no-satire,no-satire
8a2f8d08-fad025c9,no-satire,no-satire
5dcd1ea6-db547d57,no-satire,no-satire
77cf5cbd-f8e274e0,satire,satire
4a9de894-1b89a591,no-satire,no-satire
ac83a48f-cf5221f8,satire,satire
bdaed6d1-64cdeb96,no-satire,no-satire
6ff107a0-e10e9a36,no-satire,no-satire
e94e53a3-dfed7048,no-satire,no-satire
1112d27d-84374f31,satire,satire
58cd29aa-be0dd7a8,satire,satire
235934e9-c543d211,no-satire,no-satire
c970a9d5-3236d6ff,satire,satire
672e9ecf-eec32cbe,satire,satire
6c898b8f-b98333de,satire,satire
23cb466c-61226e35,no-satire,no-satire
2e24686e-b7ae76e0,no-satire,no-satire
a1a7cb5f-efa8de47,no-satire,no-satire
f301c438-3bdf90c8,satire,satire
82b221fe-51cd9c88,satire,satire
df4da843-ad3fbb62,no-satire,no-satire
b4e3b13b-d50506ad,no-satire,no-satire
d8b803e8-9e07b141,no-satire,no-satire
845d7ce4-c69085ce,satire,satire
817db8d1-de244f53,no-satire,no-satire
3a652f8b-b553ecd0,no-satire,no-satire
14a8f109-01482088,satire,satire
305cc394-47ba0852,satire,satire
7fe5f9a1-99fb8f5e,satire,satire
7bf31fb9-21921bc7,satire,satire
56c37951-7661517e,satire,satire
d49d89e7-6b493136,no-satire,no-satire
662435c6-32b03a27,satire,satire
b3e3ee82-fb6b0f2a,satire,satire
468fbb8d-6fa04df1,no-satire,no-satire
f202d75d-d858baf0,satire,satire
2555e5fd-830880d5,satire,satire
5ee5a3f3-20997f8f,no-satire,no-satire
2483ee0f-ecf1eee6,satire,satire
3fb2e4b0-49e14cad,no-satire,no-satire
ed4f1da5-4c5ea1cd,no-satire,no-satire
db0d58af-16ae9e04,no-satire,no-satire
990324c9-35421407,no-satire,no-satire
6dcae049-214c9029,satire,satire
b6d3e870-02d659c2,satire,satire
e15647d7-20c47e2d,no-satire,no-satire
ce733a53-7e106207,satire,satire
73e52d81-a5a933e4,satire,satire
93071884-bb953472,no-satire,no-satire
fcb05bf1-c720cf15,satire,satire
75fafe41-34ac63e8,no-satire,no-satire
178cf0bc-43f63895,satire,satire
166bc4b5-e5a67a6d,no-satire,no-satire
9d1a9d10-1489ba14,no-satire,no-satire
2b7aa865-bbe7797b,satire,satire
d018db35-61ea4f89,no-satire,no-satire
925eddd5-6c9c8c7a,satire,satire
13410efe-1081161b,satire,satire
d5140fc8-9c9b4dd4,satire,satire
03e35e8a-499ef2e4,satire,satire
d7add1fb-b505db3f,satire,satire
8518d91b-d2b3092c,no-satire,no-satire
5b311898-027807de,satire,satire
7b69d2e3-296429ec,no-satire,no-satire
6b716933-90ce51ee,satire,satire
cad22a3c-572862d4,satire,satire
8741612a-49d77b7e,satire,satire
65413f08-e95edf32,satire,satire
871753d2-cc161b0c,satire,satire
fb5c028c-78dc104f,no-satire,no-satire
98e9f245-693e1b88,satire,satire
d933d3e0-1f39abf9,satire,satire
775a42ba-c84a90c6,no-satire,no-satire
c67aab1f-9f246dea,satire,satire
60b047be-90a849ba,satire,satire
0ab7cf38-3135b975,satire,satire
7784f06b-027eec5d,no-satire,no-satire
60442fc6-1766ef8e,satire,satire
bed0cd67-16ea6bd2,no-satire,no-satire
0d58725e-b6f50d03,no-satire,no-satire
437a0b60-c7ed4f62,no-satire,no-satire
8c369ef2-b00e505b,no-satire,no-satire
ef916615-6f70dfb4,no-satire,no-satire
5ec2fc63-0603216b,no-satire,no-satire
6b571491-ec2e2cc1,no-satire,no-satire
71a84e03-652d6177,satire,satire
6709036b-86bbba4b,satire,satire
7705fa87-1ec8a27c,satire,satire
aebdbdd9-0ea6fcc4,satire,satire
bea8f093-8c206d56,satire,satire
844ec7d4-7795a34c,no-satire,no-satire
695dfafb-e85619ac,no-satire,no-satire
3c93a822-2e15c9db,satire,satire
e81fe58c-ceb240a4,satire,satire
c794135c-f7aecc60,no-satire,no-satire
bb4fc8f7-ec608d90,no-satire,no-satire
bfcc9659-9029bde8,satire,satire
45d440f0-49c7b4b7,no-satire,no-satire
26a1ae15-d48a1004,no-satire,no-satire
6d40a76c-5c18bea6,satire,satire
6214ebf8-2183e0f6,satire,satire
2b1e2d78-bf607af6,no-satire,no-satire
7b572003-f950d449,no-satire,no-satire
db7b6888-2c695672,no-satire,no-satire
cdeea0e5-efea7062,no-satire,no-satire
f854d05f-a77bbba2,no-satire,no-satire
f59ebc1c-8501bf3f,no-satire,no-satire
a81014cc-231b8522,no-satire,no-satire
4c3db5ef-d1f58e15,satire,satire
33900e73-7f9772fb,no-satire,no-satire
1be70e56-e3261b89,no-satire,no-satire
26d4da1a-1372bf75,satire,satire
120bef4f-c4227ae8,no-satire,no-satire
5b50180c-1b56cdaf,no-satire,no-satire
60b57d18-d2e2859a,no-satire,no-satire
e2ebae9a-7f7a7f58,satire,satire
cc1a015d-a98ec817,no-satire,no-satire
8922f190-79ea8831,satire,satire
03d42803-79e220ba,no-satire,no-satire
64d9aa79-6e14fd89,satire,satire
69599799-feae28fc,no-satire,no-satire
15962c24-0a8fca5e,satire,satire
0cba470c-925855a3,satire,satire
2834944a-bdb427ae,satire,satire
c1d4e13a-aba9e0d8,satire,satire
81dc0fa1-9312e2f4,satire,satire
f1dde400-c8719997,satire,satire
a5b702db-564f4bb7,satire,satire
18758260-0a89c3ff,satire,satire
07d823ba-aaeba1cc,no-satire,no-satire
c8a39f19-4f68cae2,no-satire,no-satire
d539bd66-9502c279,satire,satire
efa8c13e-4d2c3c5e,satire,satire
735a15fa-cc1f5f35,no-satire,no-satire
957cebe7-c8fd8765,no-satire,no-satire
6c203934-23601a13,satire,satire
923911c6-114b22e8,satire,satire
a54e0261-ff76b812,no-satire,no-satire
ffc95443-ccefb867,no-satire,no-satire
38624019-0eff95da,no-satire,no-satire
53935aa5-0cf79800,satire,satire
e39fee36-9a3a77d4,satire,satire
b3f88700-5527cfb1,no-satire,no-satire
486c81ea-cc68d487,no-satire,no-satire
e5bf3b61-a8889179,no-satire,no-satire
90bfbc2e-498f5380,satire,satire
3c2eb82f-ece6cccb,satire,satire
92d8220b-25531056,satire,satire
cbe7363c-a2413d3e,no-satire,no-satire
39921a5f-fa3f0095,satire,satire
3d5429d9-99e70612,no-satire,no-satire
e11a0fc7-75cde1e3,no-satire,no-satire
bd34d600-b48e7739,satire,satire
d0d3d921-728cc427,no-satire,no-satire
ee48e6a8-54d498c0,no-satire,no-satire
032e4a58-07a9e5eb,no-satire,no-satire
589fe9d8-05c124b3,no-satire,no-satire
5ed45c93-9eb1311b,satire,satire
bf199437-82e9ad52,satire,satire
bc3b4e59-0a11b2a7,satire,satire
d60c2c69-1791682f,satire,satire
793d5ffa-3488d9e0,no-satire,no-satire
40715056-1598e66c,satire,satire
284fb969-e90f7cf6,no-satire,no-satire
acdd0411-f9cd2a58,satire,satire
447e06aa-2b32744c,satire,satire
3af4d2d6-1cf1e3f9,no-satire,no-satire
74c85c22-275eaed6,satire,satire
126d21d3-1cd5a881,satire,satire
6aafebe0-e3ad1524,no-satire,no-satire
e84970eb-1dd410cb,satire,satire
d5326093-56c2eacc,no-satire,no-satire
2a54f3a5-d6ff580e,no-satire,no-satire
474168e7-d07debad,satire,satire
22d62a8f-30bc5f59,no-satire,no-satire
f4b56159-ecf23abf,no-satire,no-satire
9e34fd58-83548306,no-satire,no-satire
f2f192ec-ff7af265,no-satire,no-satire
c566b3d6-f32a7aa0,no-satire,no-satire
58dc3d97-4e2f51aa,satire,satire
2c86ff12-eb364d7f,no-satire,no-satire
1b381888-77145c93,no-satire,no-satire
b2ced47c-88920a2e,no-satire,no-satire
29d902e4-fab90c63,no-satire,no-satire
749b029f-5c8e37fc,satire,satire
93598301-f1d64885,satire,satire
3b8110a0-108d1a43,satire,satire
7823bb6c-c1054d18,no-satire,no-satire
2f550f18-cb07e5a0,satire,satire
bb3abf5a-61a10c16,no-satire,no-satire
e493fd8f-40b2859d,no-satire,no-satire
9acec4c1-57bf99a1,no-satire,no-satire
db345d7d-90e119e7,no-satire,no-satire
05e00905-dd29f1d4,satire,satire
51c2c436-fd06b12c,no-satire,no-satire
74f558d5-1f5d8793,satire,satire
d41d0ccc-fe62e3b8,no-satire,no-satire
93570630-31c6edb7,satire,satire
e0edeb9e-41ae2e58,no-satire,no-satire
afc3eecd-9797abf2,no-satire,no-satire
bdcba962-6c0a3faa,satire,satire
d607c61f-6aece151,no-satire,no-satire
ccba5bc5-8a179ece,no-satire,no-satire
73be60c4-ab0f3dc6,no-satire,no-satire
8612e89e-640831ee,satire,satire
ae2e3715-4c25a4ac,no-satire,no-satire
5fcf5169-4dfe78d5,no-satire,no-satire
0875b9e7-ddb3a8f9,satire,satire
4f29dfc2-d8eb59d8,no-satire,no-satire
593e950b-91331a52,satire,satire
d4194a35-86a1db8e,satire,satire
011a86b0-35763a39,satire,satire
bfa3b708-8deeaf73,no-satire,no-satire
c960c8c2-f2c3701b,satire,satire
104e28e0-95e43a09,no-satire,no-satire
bc4e2ddd-906d69bc,no-satire,no-satire
ee935f5f-6ed52d51,satire,satire
6e583293-dba150b0,satire,satire
9c46403c-12b1e1f4,satire,satire
b4552a6e-c0d76924,no-satire,no-satire
9bd5ab9d-76ca314d,no-satire,no-satire
cec592cc-981264ae,satire,satire
d9a90100-9e3de04a,no-satire,no-satire
35febf43-7e2f4adc,satire,satire
0e691657-2c3850d4,no-satire,no-satire
c4702e3f-fb360688,no-satire,no-satire
af4a761a-fc6dcf9a,no-satire,no-satire
2c987a5d-3d3a6ffb,satire,satire
6082051b-476191b2,no-satire,no-satire
0eff4a3a-07d63752,no-satire,no-satire
02b619f9-6129be71,no-satire,no-satire
5102b73c-8995f965,no-satire,no-satire
8691966d-5a84ff70,no-satire,no-satire
fa347eb5-a5ff5009,no-satire,no-satire
d9abd236-715f6468,satire,satire
376a87a5-2f2ae789,satire,satire
7d8079b3-57a1400f,no-satire,no-satire
83c4f6cd-fb700ed8,no-satire,no-satire
06ef283e-1e75d8c2,satire,satire
f4c6974a-5baa76c2,no-satire,no-satire
5f9c7262-708096fc,no-satire,no-satire
9054c709-33cae277,satire,satire
8f1eb675-629204d3,no-satire,no-satire
4126c204-51b0c5bd,no-satire,no-satire
210ad2e2-313bdd0e,no-satire,no-satire
3a865b14-f6f99c4c,no-satire,no-satire
3bca4685-2a2bbd75,no-satire,no-satire
18a9eb87-086f9b5c,no-satire,no-satire
ebf92bae-813ba98d,no-satire,no-satire
1a86d688-dc76c177,satire,satire
b118baac-d4ddaa90,no-satire,no-satire
0ea9bc01-ab413749,satire,satire
5e0c0e6a-38dd3e36,no-satire,no-satire
0c6803f5-b5543c78,no-satire,no-satire
eba1e0cd-9b518be9,no-satire,no-satire
0738ec73-51dd42bc,no-satire,no-satire
eb1299ad-d23a86e6,no-satire,no-satire
1cf81fa8-8eadef30,no-satire,no-satire
cdeb1225-756be942,no-satire,no-satire
30915691-e7a37143,no-satire,no-satire
d6cf3ce2-26bfc7b2,satire,satire
bdd8a5a7-ee8b2fa6,satire,satire
e58f698b-80eaa3c5,satire,satire
4ae0269b-a762b38d,satire,satire
d4b2e355-db53f10b,no-satire,no-satire
34379837-92820dbf,no-satire,no-satire
ddc17d37-8830dc93,no-satire,no-satire
1582da73-89b080eb,satire,satire
4edb7137-d1b6e2d8,no-satire,no-satire
0aa7ab44-0dad761c,no-satire,no-satire
74becdc8-b91e3860,no-satire,no-satire
39189e83-65b310b8,satire,satire
413479be-40ac66a1,satire,satire
b6bb3419-8480bd14,no-satire,no-satire
44eb1603-b8e642d3,satire,satire
e062f7a6-5d0d5d93,satire,satire
4643902f-966db003,satire,satire
831c4883-33d6efa0,no-satire,no-satire
a41c53e9-a8ae616e,satire,satire
a7ea48d3-fc873da1,satire,satire
5b5adc5d-ebb57fb5,satire,satire
d6abbec5-06afdf96,satire,satire
d4ba8609-b2a43068,no-satire,no-satire
90256e51-29273de7,satire,satire
3390c494-5046cbdc,no-satire,no-satire
511b60a7-8c1f0d86,satire,satire
072eb9dd-b43cc8a2,satire,satire
024b2251-c386a176,satire,satire
839d8119-dee52d01,no-satire,no-satire
cede5260-8aac0d6c,satire,satire
369d0da1-367a4eb8,no-satire,no-satire
6d543e96-a72de02f,no-satire,no-satire
0fd836f8-f2e714c7,no-satire,no-satire
45b6c133-fa5942d7,no-satire,no-satire
54826b04-f0e94ea0,satire,satire
b189a779-6d99d7fe,no-satire,no-satire
0ab70ece-0ffeae9e,satire,satire
9176ac5f-07fc8976,no-satire,no-satire
d1b5c5f0-e2a56f9b,no-satire,no-satire
fd5d6f76-a446ef87,no-satire,no-satire
d41639ec-1ab530b7,satire,satire
d584a480-006b9989,satire,satire
9c90d554-8f9be77d,satire,satire
be35a807-4cbdde94,satire,satire
a8c52e52-3590dc39,satire,satire
b630703f-418c61f1,no-satire,no-satire
65a51f01-d7c60e8a,satire,satire
34e2692b-81b4a119,no-satire,no-satire
2747d558-584c5969,no-satire,no-satire
0e415924-8b600d71,no-satire,no-satire
9c3f7d29-727fa523,satire,satire
1a5f5e72-a26ccd0e,satire,satire
a94fd927-3bb43721,satire,satire
a6aeb0bb-a1a613e0,satire,satire
2672f694-a3c1ccb1,no-satire,no-satire
af57a282-fa27375b,no-satire,no-satire
d1529f5c-3cfed8d0,no-satire,no-satire
605b93d6-dc1084d1,no-satire,no-satire
7464feca-264adc3f,no-satire,no-satire
9326a969-bc861fde,satire,satire
14bd8c18-3ef34ff4,no-satire,no-satire
3f0289e7-f960e95b,satire,satire
dd82d4a7-c179866c,satire,satire
826ca3d7-8718fa23,no-satire,no-satire
58fd140a-7ddccb68,satire,satire
1bf75efa-fcf1c8fc,satire,satire
bdd39c01-51e6f1ba,no-satire,no-satire
62253312-1d54bc84,no-satire,no-satire
59e12916-89b0e771,satire,satire
207ddc65-f986e806,no-satire,no-satire
2e0fc553-8b2e79f3,satire,satire
df0b47e8-c6894285,no-satire,no-satire
283a6589-7c6d445e,no-satire,no-satire
6c8cdf09-adbbfc51,satire,satire
05db7411-44bb3adb,no-satire,no-satire
73614e10-02bf0c45,no-satire,no-satire
62d4437e-b7cedca4,no-satire,no-satire
16233e35-226b1eed,no-satire,no-satire
94a9d156-33a33072,no-satire,no-satire
21b214da-2244de6c,satire,satire
1035a73a-a20ead3e,no-satire,no-satire
39794ca3-2d518f59,no-satire,no-satire
fa6ba826-485000d7,no-satire,no-satire
34b29af3-e4333402,no-satire,no-satire
9b81a93e-65072049,satire,satire
a1b31eff-b9a92bcc,no-satire,no-satire
efa38107-9b92f4ab,satire,satire
8dadb6d9-eb319d5e,satire,satire
602c6a6e-f7e4c4ad,no-satire,no-satire
74bb770d-db8d5ba1,no-satire,no-satire
1b67ea8f-4fd9f895,satire,satire
2939c858-3c5a8a21,no-satire,no-satire
0758b855-077f37de,no-satire,no-satire
86e9faff-44aa8457,satire,satire
4c53762b-838cfd47,no-satire,no-satire
0e6b39da-f50f9e52,satire,satire
be7a2879-c8999880,no-satire,no-satire
28589f89-6e736450,no-satire,no-satire
e847cc6e-7fc7b116,no-satire,no-satire
d3d468b2-83e5e5b3,satire,satire
a75e5e9a-c26655eb,satire,satire
39c55267-d8ac2c03,satire,satire
8d447cc6-f9fb2a5c,satire,satire
1d5b7ed7-31ea2502,satire,satire
d4af4805-7137a7fc,satire,satire
75fa2cd9-a109bbee,no-satire,no-satire
a0b2f2da-cdb470dc,no-satire,no-satire
9715c65e-695523a1,no-satire,no-satire
b4c1736a-927bf01c,no-satire,no-satire
53c66adf-61fbc9b5,satire,satire
61fe2976-56caa527,no-satire,no-satire
9c7c9bc5-9ca81f08,no-satire,no-satire
fee8ed24-5944f90f,satire,satire
80f3388b-ecc1c1a9,no-satire,no-satire
f1e72543-50af726c,satire,satire
9f73d134-dd9a3027,satire,satire
cbc89910-b5b9329f,satire,satire
9b4aed58-f13f1535,satire,satire
cc5c680e-1e841fdd,satire,satire
c82a9a7f-f07b5b74,no-satire,no-satire
42d4d081-2e8a4c4c,satire,satire
ab346e50-1870741f,no-satire,no-satire
b4f7ead7-e1b8b71a,no-satire,no-satire
c8abb4ef-5a338647,no-satire,no-satire
21e69290-a217873e,no-satire,no-satire
74b17061-c3bddcaa,no-satire,no-satire
fa56859b-1a907545,satire,satire
d3a3604e-489244a6,no-satire,no-satire
531736ec-8c0fc4fc,no-satire,no-satire
f580dd2c-6053a998,satire,satire
2e0e4192-6b595e0c,satire,satire
c7edb195-38aa02fd,satire,satire
ee3a19ca-b3b6fa1d,satire,satire
428f37d5-2e883dd5,satire,satire
dfa5b1be-ecb5f4f2,satire,satire
589f468a-5f96ea8b,no-satire,no-satire
5713e1aa-9bc5230f,no-satire,no-satire
6bd3b6ce-54835651,no-satire,no-satire
21e503b9-0e243e17,satire,satire
0582bd91-c1985411,no-satire,no-satire
3ac4a127-1c0e59b6,satire,satire
51e4cc40-be103558,satire,satire
93b7796d-5a79d400,satire,satire
1f5e3d8b-77df986e,satire,satire
5250d7ee-841cd679,no-satire,no-satire
9d103f79-9795d134,no-satire,no-satire
68766815-d313b6d7,satire,satire
78b05f47-2c07fd2d,no-satire,no-satire
ae73ca30-08d4b495,no-satire,no-satire
07ec19c6-04db44ce,satire,satire
a4ad0a12-90b81107,no-satire,no-satire
7a0704e4-0b5caf61,no-satire,no-satire
fce51003-a52babf6,no-satire,no-satire
04dcf4d4-1f341ee2,no-satire,no-satire
6226c5d9-d9de05c6,satire,satire
814bc305-bab84817,no-satire,no-satire
bbc0c815-a56dab38,no-satire,no-satire
f7780eac-4fe291c5,no-satire,no-satire
bd28a287-34170ca5,no-satire,no-satire
f9bd4469-43b9a93b,satire,satire
bb2d6782-10e2c4fb,no-satire,no-satire
a8607c3c-65656796,no-satire,no-satire
bbbf082c-b3ff85b4,no-satire,no-satire
64381d61-2d9179c2,no-satire,no-satire
030be1de-c4774826,no-satire,no-satire
4bb072e6-c2e494f7,satire,satire
ad42b1fc-b4f82b73,satire,satire
4dcbbc7b-8ab02cbe,no-satire,no-satire
044d0e98-ba1c8555,no-satire,no-satire
463c9add-aee4c928,no-satire,no-satire
8d412c8f-149c538b,satire,satire
a2ed2a06-519bba75,no-satire,no-satire
d951f048-58934d7d,no-satire,no-satire
3a2d0d82-a66acb29,satire,satire
1af8483a-6a2b8f1d,no-satire,no-satire
f64dcd15-1d57164f,no-satire,no-satire
33bd6eac-7c9dbef4,no-satire,no-satire
05daa665-a8e1c386,no-satire,no-satire
bb09a697-5d48935e,no-satire,no-satire
ae7b1912-e5545ccd,no-satire,no-satire
7e8bde42-422efe9b,satire,satire
613ea3a3-fb5c6971,satire,satire
ffc0a5c2-dbb2d44e,no-satire,no-satire
ddc449dc-340e1f38,satire,satire
2aa52539-220ff77b,satire,satire
4fc04549-e1850949,satire,satire
6f726f18-046e5a42,no-satire,no-satire
00784e8a-ad018892,satire,satire
c05dde35-038c1cae,satire,satire
c069728e-9f0993e8,no-satire,no-satire
3eac196b-ba28a822,satire,satire
81b03335-3551e52c,no-satire,no-satire
d5700d8d-96cda197,satire,satire
64c5577f-7da6adcc,no-satire,no-satire
d8502b3b-82e57062,no-satire,no-satire
fb8ccf0c-e9b04b49,satire,satire
22a7bb89-7dc7a06a,no-satire,no-satire
e1e500c4-2984c402,satire,satire
3bcfb899-a54119f5,no-satire,no-satire
9107057e-558d846b,satire,satire
74f1eb32-6913879a,no-satire,no-satire
ad7d3883-2fb1a27a,satire,satire
e5e6d715-9eebd435,no-satire,no-satire
fe0e86c0-0c096998,no-satire,no-satire
81926151-43eccb94,satire,satire
6c31e313-5f14aa29,no-satire,no-satire
2a2252f8-4e8a46d0,satire,satire
c561c39c-8197e093,satire,satire
be502473-7ffdc177,satire,satire
b0f8138e-95dbde83,satire,satire
9f70d06b-8291c6d6,no-satire,no-satire
9c09c7c5-85a73874,satire,satire
4a500c70-a5adb058,satire,satire
7692b979-27817e0d,no-satire,no-satire
c4cce651-d59b2314,satire,satire
7e6b9713-ee51b8ad,no-satire,no-satire
fbba37c5-e6962c74,satire,satire
9da4e2c0-1e584677,no-satire,no-satire
baa84a23-a74bf064,no-satire,no-satire
fa8a800d-e93d1b57,satire,satire
f6dd154c-7541ee64,no-satire,no-satire
0cc93f04-d6bb7b27,satire,satire
a39f8852-56143898,satire,satire
186a3a13-38a284fc,satire,satire
3b0a7c7f-96c766d1,no-satire,no-satire
5313f31b-4750bee3,no-satire,no-satire
74d78d99-1fbb9f98,no-satire,no-satire
4dc08e1f-126809ce,no-satire,no-satire
7e206f15-0f6e2f75,no-satire,no-satire
3d12a556-b59e2e2a,satire,satire
6b2074df-27428e77,no-satire,no-satire
1eaf087b-f40e6db2,satire,satire
fdcca37c-6d946450,no-satire,no-satire
84aeaa01-86e85bfb,no-satire,no-satire
7008b76b-14f0d582,satire,satire
d48ec5c0-c3e7747a,no-satire,no-satire
c2eb4a9e-b3991187,no-satire,no-satire
ffdeabcf-e5e76757,satire,satire
eb8d8d13-8165f907,satire,satire
468ffc8a-9c0ba04f,no-satire,no-satire
bce901e3-aa8aa2db,no-satire,no-satire
505ba5bb-4a87f0e5,satire,satire
d579ef35-e9ae7e6f,satire,satire
12429bff-78e60225,satire,satire
bd8681a5-d0994e79,satire,satire
41abe648-2a0bb326,satire,satire
3cbbeeaf-90205cad,satire,satire
7eeaaabe-7ba064c5,satire,satire
056d52aa-fae45a22,no-satire,no-satire
19c4d248-706b005a,satire,satire
193635b7-9c73ba64,satire,satire
16a50f58-d7eeb723,no-satire,no-satire
679437ec-6148967d,no-satire,no-satire
6dd90218-95c3c474,no-satire,no-satire
ed8f9c0f-45c8b73c,satire,satire
37e63d11-145f903d,satire,satire
cfb093bf-f8668afd,no-satire,no-satire
c0bf0fda-3f95bed8,satire,satire
ab3829fb-aa2409e4,satire,satire
1e0c4002-668151cf,satire,satire
8cfcdf72-3b12995b,no-satire,no-satire
97a7731c-5b041805,no-satire,no-satire
1df3e62e-c407d705,satire,satire
d319ee52-facd2b30,satire,satire
d39bf285-f955088b,satire,satire
9287fe23-b7fa8d2f,no-satire,no-satire
9121a5c9-71a81d65,no-satire,no-satire
cbeb9684-8f81cd75,no-satire,no-satire
62009e0a-07e98832,satire,satire
281cc75e-910c2766,satire,satire
8ca1e18d-5a22a216,satire,satire
52cf839e-2a93afe6,no-satire,no-satire
46286bb8-f578fdcb,no-satire,no-satire
7a15e15b-6c7e6ae8,satire,satire
b06f2342-a00a4d92,satire,satire
32dc90bf-addb145d,satire,satire
4dfd377d-85a914e1,satire,satire
4f84c3c8-37a59cde,no-satire,no-satire
7ab2882b-11ce940a,no-satire,no-satire
591b16e3-10cb21b3,satire,satire
012fc7c5-dc543aca,satire,satire
46998383-35987ba7,no-satire,no-satire
9f7d26ca-39160e08,satire,satire
e392eb4e-91eea120,no-satire,no-satire
8904b887-a5cfb2bd,no-satire,no-satire
3c0f4f3d-a249c098,no-satire,no-satire
e2adeed1-b3c68911,no-satire,no-satire
87457825-3832ea94,satire,satire
140b5821-4baba702,no-satire,no-satire
88ab0bb8-027b4c49,no-satire,no-satire
29cf52aa-6ee83c14,satire,satire
a8bf9022-14616e6a,satire,satire
82a5e317-fcb81605,no-satire,no-satire
853959d1-d9aa3de5,no-satire,no-satire
b74e7b03-3f45fd74,satire,satire
49962c73-744a953f,no-satire,no-satire
9ec0f1ea-e1547f34,no-satire,no-satire
2f97fd51-b9c09098,satire,satire
e445b051-0278ed12,satire,satire
e2320d6c-40d64127,satire,satire
745bd91a-89ee5313,no-satire,no-satire
41aa59ae-7988e4b2,no-satire,no-satire
cbe07f53-0dd716bc,no-satire,no-satire
042e3a9c-957f5db6,satire,satire
a5c8bb75-4ddc2c78,satire,satire
cb784c6c-cd2fec78,no-satire,no-satire
3ace1687-f3473576,satire,satire
7ef07228-b0082a58,no-satire,no-satire
9f8b4076-b4891aa0,satire,satire
130b5db3-f3f62c49,no-satire,no-satire
08db58ad-3967a60b,no-satire,no-satire
593d5154-57a29317,satire,satire
1467e135-f3963c56,satire,satire
e01b3191-aaeda496,no-satire,no-satire
583f4c52-640ed929,no-satire,no-satire
9f0c7abb-00975a70,no-satire,no-satire
a356f398-69ab32f9,satire,satire
9c13871d-b56b6dfc,satire,satire
7af767c0-eca9181e,no-satire,no-satire
6a92b8b1-9c5d05ff,satire,satire
870dae10-3b52c069,no-satire,no-satire
af03ac35-ab33d06f,no-satire,no-satire
7abf949f-de3b2069,no-satire,no-satire
08974bce-f104264f,no-satire,no-satire
a3aa2436-2c2f5886,no-satire,no-satire
f55d02f0-59a24d9d,no-satire,no-satire
a11a0e06-3a8ddfd3,no-satire,no-satire
4a474674-90bf0d96,satire,satire
48b69265-c20e0b44,satire,satire
ca8a6724-b6428abf,satire,satire
64edfdb1-4729bd2d,satire,satire
c79c4320-a09479cf,no-satire,no-satire
c9326384-e4b5d81f,satire,satire
aafc4042-c54637cb,no-satire,no-satire
4f4539fb-fc43c253,no-satire,no-satire
adf16e59-6ec7f26e,no-satire,no-satire
78448a2f-69dc1635,no-satire,no-satire
e1e1cdb7-f5a62262,satire,satire
8c49dcc3-bcee3b8a,satire,satire
ff2e836b-7ac15216,no-satire,no-satire
6fa38697-3ef1f75c,no-satire,no-satire
5415c46b-6af65ed2,no-satire,no-satire
ebbe3e01-1c19e3dc,no-satire,no-satire
7475a4df-aa1af119,no-satire,no-satire
b9a602c0-bd6f0609,satire,satire
996d8346-8e076191,no-satire,no-satire
4086fdc2-481fe187,satire,satire
4844e306-8845cb97,satire,satire
2f00935b-4976acd4,no-satire,no-satire
f806ae90-368d7ec8,no-satire,no-satire
d3807640-65f5f8d7,no-satire,no-satire
ffcdcc02-3dd10c12,satire,satire
a215d9ed-3961d678,satire,satire
547382cc-72476166,satire,satire
89e1052b-523b7ad6,no-satire,no-satire
cbd33d1a-e9d8ff8c,no-satire,no-satire
22bcbb93-3a960040,satire,satire
f89b45e3-adb2d958,no-satire,no-satire
1c986cae-d9cacd6b,satire,satire
39c810fe-1766fccd,satire,satire
2c528625-734613d6,no-satire,no-satire
b75f2de3-f090f676,no-satire,no-satire
637b681c-cdfebbae,satire,satire
a5300089-d51d0ab7,satire,satire
46864564-c3717764,no-satire,no-satire
4bb14d8a-32e330e9,no-satire,no-satire
4c061e25-fa3ff4c0,no-satire,no-satire
2bb2eafc-1d9fd600,satire,satire
e4a033b0-25d652ce,satire,satire
77ab95a7-8a875f78,no-satire,no-satire
b153b990-378b2177,satire,satire
b8ee5767-1d112e1a,satire,satire
bd217d9b-d47e900a,no-satire,no-satire
707ed288-8c95b4b4,satire,satire
3a19a45b-4370c02b,no-satire,no-satire
3fda468e-16df3c3d,satire,satire
de74dfb6-72d0ea77,satire,satire
7aed4685-53ba1ba6,no-satire,no-satire
a344229e-84a644d6,no-satire,no-satire
7c13a94a-dca0eda9,no-satire,no-satire
85fd8c43-9690a6ff,no-satire,no-satire
8c1fc236-af8f122d,no-satire,no-satire
40578070-5b62ea01,no-satire,no-satire
ddb3c771-a83cb8af,satire,satire
759834fc-eb0d5768,satire,satire
966a907b-5c57e8c8,no-satire,no-satire
1e3ebac8-d4db91d7,satire,satire
f5804e24-500ade08,satire,satire
736beac4-0118b02b,satire,satire
d521f415-f355430b,satire,satire
e4a3adbc-2babe3ef,satire,satire
d9582867-c0bf0093,satire,satire
5b26a479-4e87be5f,satire,satire
2f01fa70-f7643d56,no-satire,no-satire
77bdfb21-fc316506,no-satire,no-satire
8839d97a-e25593e5,satire,satire
ad7a208f-5dbb6de6,no-satire,no-satire
647776de-5cf0a7de,no-satire,no-satire
abbb648e-13156fcc,satire,satire
101ac41c-c4bd604e,no-satire,no-satire
72097f82-78c587ff,no-satire,no-satire
3adadf4c-755e78bc,satire,satire
400db882-375f8e5c,no-satire,no-satire
58d11579-907e7542,satire,satire
7546249c-821d3128,satire,satire
5f894f7d-9cbc82ad,no-satire,no-satire
42a2acdb-59370d78,satire,satire
88a6213a-ef45e19a,satire,satire
fafa2be5-ee99db1e,no-satire,no-satire
f1882fd8-2abb2fd5,satire,satire
4792b96f-98bb0a8a,no-satire,no-satire
2d40877d-93f33fde,satire,satire
9ec7733a-01a3ea94,no-satire,no-satire
3cc599ea-d2935ac1,satire,satire
6cebe4f7-0345e306,no-satire,no-satire
0857a027-8d21712e,no-satire,no-satire
2bddc720-3d7d3fdc,no-satire,no-satire
4e211e2b-38dcfba3,satire,satire
ef8a6d42-2f00e954,satire,satire
1bb560ee-537719b6,satire,satire
5874f36c-dc091057,no-satire,no-satire
c23b7a5b-8357c256,no-satire,no-satire
627b371f-51aaeb54,no-satire,no-satire
4e010cef-97d8f96a,satire,satire
06c566cf-1f7cdb6e,satire,satire
895a8010-b6683307,no-satire,no-satire
556f11dc-fe80de6d,no-satire,no-satire
cf3d1364-5d32964e,satire,satire
a79aa415-e6197552,no-satire,no-satire
2ed516c7-320a45fa,no-satire,no-satire
11f5f646-ac15147a,no-satire,no-satire
5eb299bf-00a3ef13,satire,satire
79a877ef-988bc764,no-satire,no-satire
e44edf46-2742c22f,no-satire,no-satire
2651dbbd-e79804af,satire,satire
1ea082ef-be3566c9,no-satire,no-satire
06f83e70-841033f8,no-satire,no-satire
f91dae7c-74a5f204,satire,satire
5bec4fdf-4573e12f,no-satire,no-satire
f2a539a1-f468f397,satire,satire
2f213465-de1cd384,satire,satire
61621e30-c2815971,satire,satire
4cd05279-25a32d53,no-satire,no-satire
914e4ab3-d67e647b,no-satire,no-satire
8c5a7da7-8fdd67d6,satire,satire
e9f31cd1-4ec50572,no-satire,no-satire
a394e422-059f5c3d,satire,satire
6b87b745-e8895d2e,satire,satire
de8e605b-291e890c,satire,satire
7313f2a5-a09cff9e,satire,satire
3cf2eece-e247ca58,satire,satire
ad95979a-ac1c4e63,no-satire,no-satire
36d33522-ff4d1d36,no-satire,no-satire
f29c1aed-8bc4cb41,satire,satire
a6cc2a0c-46119b94,no-satire,no-satire
57983d56-c5c0c39a,satire,satire
6bc8e96c-90d339ae,no-satire,no-satire
9b9de71f-f70e2f2c,satire,satire
b68e4ad4-cf0d1068,no-satire,no-satire
de7b7046-459b5243,satire,satire
bc98980c-e78b63fa,satire,satire
a0705820-487e9b12,satire,satire
92ad024d-0f884565,no-satire,no-satire
dde4209f-4ec59a43,no-satire,no-satire
e7e7a385-b8ad4cbe,satire,satire
efff4f1e-ffdadb02,no-satire,no-satire
896a7fa1-b842a0db,satire,satire
6ee80034-371e9f53,satire,satire
e9757215-066fbc9d,no-satire,no-satire
8c5bc6ef-fdfd988c,no-satire,no-satire
cf748ced-863c8fe9,satire,satire
aaa3a976-bf841985,no-satire,no-satire
f4f603d9-2097d1df,no-satire,no-satire
eccb3679-8dff8287,satire,satire
33e04bf7-840cf7ff,no-satire,no-satire
307c0a99-c31b3d5d,satire,satire
d7bccdce-6ce3b059,satire,satire
272ac45e-99c49c81,satire,satire
b72b0bfc-b48db4c7,satire,satire
5f4ff486-cebb16ed,satire,satire
eccadfaf-bb2acb0c,satire,satire
dc65fcc7-9cfd1f25,satire,satire
8d5cf37f-9023672a,satire,satire
4ac38932-12d4a18c,no-satire,no-satire
7958cdf3-255949f3,no-satire,no-satire
fd242be2-3aad2aaa,satire,satire
18453c8e-637e19b1,no-satire,no-satire
5f54fd4d-a309b6ec,no-satire,no-satire
8fbd4f85-fd3610c9,no-satire,no-satire
47cf4ae8-1237c8b0,no-satire,no-satire
41c45d08-ddab6b5a,no-satire,no-satire
650a4348-b6029ed5,no-satire,no-satire
c41ad1ec-9a7ed14d,no-satire,no-satire
e42c359e-25340086,satire,satire
8b75d056-8bb75225,no-satire,no-satire
b6e1098b-800048c7,satire,satire
7563767c-96580be1,no-satire,no-satire
0c45ceb4-8a24ffbc,no-satire,no-satire
4524270e-87ed9732,no-satire,no-satire
e4d528d0-2521dbaf,satire,satire
3357d9b8-8a4087b9,no-satire,no-satire
c0e7348e-1687f67c,no-satire,no-satire
059b1c34-a0f9404e,no-satire,no-satire
37be5d8d-c1aa514d,satire,satire
338da267-dbb23d53,satire,satire
421d1726-2efb5e1e,no-satire,no-satire
6662649d-42c4524c,no-satire,no-satire
2e6e8790-b3f0124f,satire,satire
d020f4e1-20a49031,satire,satire
23a2f1c4-322f0242,no-satire,no-satire
36dbcb7f-424a279e,no-satire,no-satire
14efde11-8f6ce65e,satire,satire
d1379242-ab3b5f4f,no-satire,no-satire
bd7ccc58-641267d6,no-satire,no-satire
251d068c-d5014bc4,no-satire,no-satire
f4fd33f5-08ce4e06,no-satire,no-satire
886fdc6c-cf4dbde5,satire,satire
01552a60-9ba36902,satire,satire
9c56055e-380747c1,no-satire,no-satire
f6e25606-001576c9,satire,satire
cf4d58cb-5d3ef82e,satire,satire
16c3ea58-0839353b,satire,satire
8126e7cb-56a930ea,no-satire,no-satire
cb5505bc-4317fff5,no-satire,no-satire
2d23a6ae-8b2ba127,satire,satire
e2bfa2ba-9e177a72,satire,satire
ff49b5c7-eb6f4e2a,satire,satire
c96d0c2c-d9def703,satire,satire
c93dafa0-d70a0bd0,no-satire,no-satire
5ac4d314-1f2c0313,no-satire,no-satire
0a351c17-37edbd75,satire,satire
0173b7ab-f93a67c6,satire,satire
747d8c28-89cfad67,no-satire,no-satire
209368d4-0767f50d,satire,satire
99ab17a9-0685ce1e,satire,satire
bd475336-1d99e371,satire,satire
6c147377-c5a7b02e,satire,satire
90d43d24-f8ba944b,satire,satire
59c53db2-8da3e70b,satire,satire
0f282c06-0843d436,satire,satire
fb76514b-8cc905c4,no-satire,no-satire
5ecbbaad-aed49d01,satire,satire
03118ca6-f1944fe0,satire,satire
f762955c-029c7785,no-satire,no-satire
760e6c67-29023b27,satire,satire
ca958c93-552dd64a,satire,satire
e9f945e8-34d7b6cf,satire,satire
68e57e30-5cddf3c8,no-satire,no-satire
35dad677-514b7a66,no-satire,no-satire
9ac67a7a-04475735,satire,satire
4d42a3f9-30180a12,no-satire,no-satire
b00d20e9-a8a265c8,satire,satire
6d965c9f-950020b5,satire,satire
290fe82f-e18ed2d1,satire,satire
10821ce1-f113cf31,no-satire,no-satire
464da5f5-9019e38d,no-satire,no-satire
8aad49ab-43d4bef3,satire,satire
34009d77-0a9a57ac,satire,satire
4fb5b2f8-0cd08a71,no-satire,no-satire
d17750a9-39b67072,no-satire,no-satire
8d2361d7-99f83313,no-satire,no-satire
2a90083d-7f0aea40,no-satire,no-satire
8d54f7f8-88f9090e,no-satire,no-satire
7e42dde7-0781a9e6,satire,satire
75c74bb2-636d189c,no-satire,no-satire
6b38cc9a-ae21b339,no-satire,no-satire
efd998af-8849dd30,no-satire,no-satire
3c286dab-cac8bb2e,satire,satire
edc73ed5-9ba344b5,no-satire,no-satire
94a2b00b-3a730687,no-satire,no-satire
42a9fbe3-a8544bdd,satire,satire
77453b8a-d5acce1b,no-satire,no-satire
fc58de51-6c332c9f,no-satire,no-satire
67085de7-e10d48ad,satire,satire
441363b0-b6bd3a26,satire,satire
20066f0d-46cca56d,no-satire,no-satire
ed7bd828-2155d856,no-satire,no-satire
71393937-48f363c9,satire,satire
99e47074-92422c1d,no-satire,no-satire
f42e2bf7-77fd420b,satire,satire
4f44e66b-be166cf6,satire,satire
de7fdb07-a828c406,satire,satire
d5066459-256ccae6,satire,satire
611f35fb-c4823406,no-satire,no-satire
ae3f7dd1-c1b3e73c,satire,satire
05d0d283-b29006cb,satire,satire
46d249f0-c336e013,satire,satire
5e05b1ea-0141cd04,satire,satire
9dc90c83-ec21e314,no-satire,no-satire
b62b7780-5276cb87,no-satire,no-satire
5ea01b9e-b0028ca4,satire,satire
acf6873a-89e9ac3a,no-satire,no-satire
8199206e-7ffd8669,satire,satire
0c835a7f-db2a0098,no-satire,no-satire
07532550-99dcc859,satire,satire
be06332d-ee0459ae,no-satire,no-satire
f84deabd-2c758198,satire,satire
e3e4d174-50dfdaa7,no-satire,no-satire
76c92b58-7dd3102c,no-satire,no-satire
4117cc70-0e478d1b,no-satire,no-satire
e149fb56-de81bc50,no-satire,no-satire
e32d959f-5c25356f,satire,satire
fe4fcfc4-31d49fbd,satire,satire
b221f29c-9fecf261,satire,satire
c2a7aad8-afd73ba9,no-satire,no-satire
764952fc-9f3e91c1,satire,satire
410cd71b-528e73ef,satire,satire
68bb1988-0c05711b,no-satire,no-satire
15654c78-d30f3ad7,satire,satire
236bd569-1a43ee68,satire,satire
170a1f93-1b36ed9a,no-satire,no-satire
b0b34c6a-ee24702b,no-satire,no-satire
313bdd63-4f9480a1,satire,satire
bb169e5e-c9dcaf9b,no-satire,no-satire
610f9bde-3159d176,satire,satire
3d4ee1a8-64455619,no-satire,no-satire
5a558b7f-15c26cc6,satire,satire
be9d9ef0-29754d89,satire,satire
a5965e9a-068c49b0,no-satire,no-satire
dd82b624-3f90f5e4,satire,satire
d2cdd26a-d91509df,no-satire,no-satire
61017d2e-0ca396b3,no-satire,no-satire
b6b9f38d-90a54915,no-satire,no-satire
25f9c0c5-7e299041,no-satire,no-satire
f292624e-0cfaff85,no-satire,no-satire
61ad2faf-259fd5c5,satire,satire
883170eb-b376b8d2,satire,satire
22af51f2-3020cf94,satire,satire
f5a845c0-88aee157,no-satire,no-satire
21d3b158-d21f3660,no-satire,no-satire
fe72761a-140c1b28,no-satire,no-satire
4f50c786-e0993941,satire,satire
dd132e2e-d622711a,satire,satire
85108d99-c61f74d3,no-satire,no-satire
eb7e3e6e-7a597d98,satire,satire
64fb1e15-08408ae7,no-satire,no-satire
6f15f7f5-15d043f3,satire,satire
bd4581aa-dbcddce0,no-satire,no-satire
ad45945f-931631b3,satire,satire
3c7aa507-cb38f678,satire,satire
640be8b9-b5de74d6,satire,satire
fef24849-335b2db7,satire,satire
07e54c89-1fc7d5ae,no-satire,no-satire
bc8057bb-291dd60c,satire,satire
16b5e4e0-30a05632,no-satire,no-satire
c4c629eb-8d2125cd,no-satire,no-satire
d965cf67-5710d679,no-satire,no-satire
3be76483-403de713,satire,satire
d74fde5e-9d976e9a,satire,satire
359b66d3-8f8f6b5e,satire,satire
58cc8346-027f35f6,satire,satire
53623522-a6217e96,no-satire,no-satire
37a1fb1f-3919a28a,no-satire,no-satire
ff4bfea0-025d7842,satire,satire
f3ef22f7-110756eb,satire,satire
af8715e2-d86f7e49,satire,satire
01c6fc25-e186d0b6,satire,satire
e8e0472a-63d0065f,satire,satire
a2698224-6a226878,no-satire,no-satire
d3027f4e-0ce7e4c7,no-satire,no-satire
25a62cd8-540d1a90,no-satire,no-satire
826d5ef6-56b740e1,no-satire,no-satire
160f22b1-8a81318a,no-satire,no-satire
cf5de6a4-519c669d,no-satire,no-satire
297cfa5b-6f2c471f,satire,satire
ecb33342-1b3a89a2,satire,satire
78914247-bbed47d7,satire,satire
1f94bd78-956e6e08,satire,satire
c0731b9b-3bda64fe,satire,satire
7560faed-aa6b976e,no-satire,no-satire
b9fcc95f-98d8e933,satire,satire
5fe39058-279c5f8b,no-satire,no-satire
c802b58e-6a76913e,satire,satire
c4b0883e-adf938ee,no-satire,no-satire
f0a55978-f2f916cf,satire,satire
e4603a4e-6528c7fc,no-satire,no-satire
689c6886-f75325ff,no-satire,no-satire
c33a8feb-048b3e84,no-satire,no-satire
cfefc03b-a271d8b3,no-satire,no-satire
42e5d28a-d3ac2e1d,no-satire,no-satire
da11dc46-f54120b1,satire,satire
74514d76-91c92e20,satire,satire
0b6f9a7a-17356882,no-satire,no-satire
3378d8c9-cc6bf3bd,no-satire,no-satire
2dc64473-f2493dd8,no-satire,no-satire
7e1e2606-263fdbbb,satire,satire
89a5cb7c-d868d763,no-satire,no-satire
d4277887-8aea77f5,no-satire,no-satire
02b36e98-19ca5d71,no-satire,no-satire
fc0d77bd-87596f1d,satire,satire
d00583ec-129bf7a5,no-satire,no-satire
1116681c-d37e24d6,satire,satire
6a7aa3df-0d86e5c8,no-satire,no-satire
cd0e06b2-7db428ec,satire,satire
50a7de96-2d245cd5,satire,satire
adcdb1c5-47a4a34a,satire,satire
3d2a9f87-daabaccf,satire,satire
d6d31c0f-d526d7d2,satire,satire
66c6c49a-5d9b60c0,satire,satire
b697e475-28eaa06d,no-satire,no-satire
528252e8-64cded11,no-satire,no-satire
78410538-2df0aa87,satire,satire
25347f34-7d88680c,no-satire,no-satire
75e7df59-d56f88aa,satire,satire
2034e93a-5f1e7cd4,satire,satire
1ccafa7c-a1b230d6,no-satire,no-satire
4e7506d7-5d281bcb,no-satire,no-satire
4955f4f8-5e841e25,satire,satire
d72493ea-736a2cf1,satire,satire
c9df0006-a86c1253,no-satire,no-satire
5d024137-abe701c9,no-satire,no-satire
08272221-569ca759,no-satire,no-satire
87683b16-ef424062,no-satire,no-satire
05fe65e0-a78f5040,no-satire,no-satire
d4b4a132-7b252dc5,no-satire,no-satire
9493136c-381f3b35,no-satire,no-satire
13bb779a-84fcf5a6,satire,satire
a071245d-5c9cd992,no-satire,no-satire
49e38957-8400221a,no-satire,no-satire
595361ac-31e9140b,satire,satire
3539a3a4-3a538b7c,satire,satire
9700fd33-7d317953,no-satire,no-satire
2597e029-1405e250,no-satire,no-satire
5d02acd2-5f7ae602,no-satire,no-satire
cbadf2d7-b8874b6d,no-satire,no-satire
6c57ccec-e1a92d55,no-satire,no-satire
3826f75b-ba14c8e5,satire,satire
e1fd5e7d-cc428aa1,no-satire,no-satire
b6ab5b47-bbedae12,no-satire,no-satire
513e5136-5b6603ab,no-satire,no-satire
01fbd3ff-8e1a8cef,no-satire,no-satire
e4a085d2-bd0cf82b,no-satire,no-satire
d92df705-4c5a6a6d,satire,satire
b3d609e5-762a7358,no-satire,no-satire
730d343f-cfe6257b,satire,satire
43cd84c1-b58843dc,no-satire,no-satire
e234af43-8ffd7492,satire,satire
3b8fb9a2-fc847f6a,no-satire,no-satire
b908da3c-617e1bf5,no-satire,no-satire
3ac70308-dd459642,satire,satire
a1306a2c-90adc792,satire,satire
ce0b3028-0227d975,no-satire,no-satire
495cae26-8d2e0e7a,no-satire,no-satire
0e8ad97d-7a3d920d,no-satire,no-satire
e73becde-ade919bb,satire,satire
c7140fae-71457dd4,no-satire,no-satire
221377d7-a72bb4e4,no-satire,no-satire
d228a6cb-37666f20,satire,satire
97a9583e-f5daf4af,satire,satire
2ef09503-9809b9c1,satire,satire
f7c55f6f-90e72e7b,no-satire,no-satire
1f4b90fb-a7711623,satire,satire
f46cdf43-e11edf0c,no-satire,no-satire
16cf27cf-62e71710,no-satire,no-satire
6d4d138b-20993353,no-satire,no-satire
1ba2a55b-9368a6fc,satire,satire
2b52a909-a703e1c3,satire,satire
2b2256db-e5fc72da,satire,satire
5f0805e6-c851c148,satire,satire
e4d18c49-0a238ba7,no-satire,no-satire
f1fd4246-4bcb8168,satire,satire
aaf9deb2-a0df7b0c,no-satire,no-satire
cdbe5c39-74726ade,no-satire,no-satire
66996a0f-03d9ef8b,no-satire,no-satire
2e97b530-3abb4470,satire,satire
0821ab7f-0f0d5c20,no-satire,no-satire
593b9a73-57fd1aed,no-satire,no-satire
9ee05b5e-0957bba9,satire,satire
1116695e-02f98551,satire,satire
0e407935-ff3da529,satire,satire
1dbe5784-c858fb03,no-satire,no-satire
1a9acebc-0fb21f19,no-satire,no-satire
e2b0df04-3f3f8ef1,satire,satire
3a75b765-36040969,no-satire,no-satire
f1580b86-478a4949,satire,satire
8931c7ac-9bfd88bf,satire,satire
54e013a7-cd8739d6,satire,satire
26552988-fae7c545,no-satire,no-satire
a353d683-5f11c9d4,no-satire,no-satire
ad48a61a-767cb3d6,no-satire,no-satire
0f009082-b7782dc7,satire,satire
54982133-700a935d,no-satire,no-satire
e8e8d7a4-db536e74,no-satire,no-satire
9671c6b7-125aeebd,no-satire,no-satire
93eab66c-dfabe416,no-satire,no-satire
6327e90e-5e60b71a,no-satire,no-satire
0d335e82-c3c07698,no-satire,no-satire
cde98edd-61c8185c,satire,satire
314db1c9-b62f836c,no-satire,no-satire
e70beded-7ec4816a,no-satire,no-satire
dddaa4c6-5709df55,satire,satire
e0eca62b-890b5a7c,no-satire,no-satire
c1c277b6-3ae0e5df,satire,satire
d6bc418d-bb8616d3,satire,satire
cbc6be59-361baf10,satire,satire
39e20016-496ef558,satire,satire
5b065fc1-46f62f32,no-satire,no-satire
f0eb4887-d080e98a,no-satire,no-satire
bc38f3b0-84717619,satire,satire
56a91878-86a3b58b,satire,satire
e28901bd-3bfe6678,satire,satire
36ad1b34-2ab46376,satire,satire
4c59549a-bbf0dad9,no-satire,no-satire
32a42d14-e7a2d705,satire,satire
8da0b289-09156084,satire,satire
2a471934-3eecaa80,no-satire,no-satire
1e0cf010-907bef8a,no-satire,no-satire
5523a678-678459cb,satire,satire
bddf4d4a-3d54e685,satire,satire
3d5916ac-79978aa7,no-satire,no-satire
e24cf119-cf5c184a,no-satire,no-satire
3b08802d-5957f857,no-satire,no-satire
a811ac1a-530adcb3,no-satire,no-satire
36f02771-764a1bef,no-satire,no-satire
f9cb694c-61de736f,no-satire,no-satire
46611762-5774ef0b,satire,satire
d63d4608-deb41ae6,satire,satire
75a3aa8a-183660b6,satire,satire
414f793e-e3e7ba61,no-satire,no-satire
9cccc816-c20fd906,satire,satire
c344932d-9cc6fbd0,no-satire,no-satire
1f79d5d6-b5dadcd4,no-satire,no-satire
10a40868-b63f93d7,no-satire,no-satire
9fd48f3f-c8654e92,satire,satire
a10e62f4-74d7f960,satire,satire
6bed15b2-533ee2cb,satire,satire
bc66b5cf-b8fb38bd,satire,satire
65690fc4-ae317231,satire,satire
52c458ba-e3cb623f,no-satire,no-satire
5035f233-768b6fe5,satire,satire
5f5ff07c-d6746253,no-satire,no-satire
477a66cc-0a4f35a3,satire,satire
caae94b3-78931e82,no-satire,no-satire
447f37fd-b82059af,no-satire,no-satire
5e5acac6-cdc0efb9,satire,satire
fff0af8e-b4836b64,no-satire,no-satire
8d29b929-34835b2b,no-satire,no-satire
c9af718c-5591ad53,no-satire,no-satire
6ab908d5-b684858c,no-satire,no-satire
1152e5dc-1f783636,satire,satire
cc8210c6-ff7972d1,satire,satire
1de5f6a2-5e7de28b,satire,satire
ec00c280-ccd48ca0,no-satire,no-satire
3d907dcf-513c12d2,no-satire,no-satire
f208421a-635f7977,no-satire,no-satire
021b61a2-9cab0392,no-satire,no-satire
3f8b4db1-85eeaeb8,no-satire,no-satire
89a5724a-f3822dc7,satire,satire
a1103920-408f325b,no-satire,no-satire
26d6f208-1238e481,no-satire,no-satire
d91e1836-12872724,satire,satire
55490bc9-3708ff47,satire,satire
8ccb3ce5-ac1f0f29,no-satire,no-satire
cd20fbac-5223b9cb,satire,satire
2004d5e0-6614dcf5,no-satire,no-satire
2977bd32-5892a7a5,no-satire,no-satire
1f742cb9-faea8eb4,satire,satire
61f481b7-55691172,no-satire,no-satire
e4420f96-d67f8b2a,no-satire,no-satire
a772edce-831b0083,no-satire,no-satire
cfe80b1b-fdd53aa5,satire,satire
e1e86e2d-3219a349,satire,satire
9bcdcddb-4eef574c,satire,satire
4a5c71c0-2127cad6,no-satire,no-satire
5307306e-913dee9d,satire,satire
717ffe3f-725e5d76,satire,satire
dab294ab-6de6b5ec,no-satire,no-satire
b104b01e-b7ac982c,satire,satire
9fd3bdd2-b0eecddd,no-satire,no-satire
d821e24d-1e786b2c,satire,satire
a7f73fe1-9891ed72,no-satire,no-satire
be3ec693-578fc466,no-satire,no-satire
87087c95-efe6cdff,no-satire,no-satire
79ed16e0-26cd0d54,satire,satire
836f7550-82a2ead2,satire,satire
c6e0efea-023ac614,no-satire,no-satire
26b0d569-bae9280b,no-satire,no-satire
a24d442b-c61b04d7,satire,satire
d243db20-13aa8dbc,satire,satire
bf96b4d2-cca9d235,satire,satire
0af976c7-f46781ad,no-satire,no-satire
98372b55-e00a35c0,no-satire,no-satire
ebcdf66f-93fd6d2e,no-satire,no-satire
253a63c2-5844accf,no-satire,no-satire
e32d354f-af4d88ea,no-satire,no-satire
d104d7d5-8601a637,no-satire,no-satire
1008ac33-707f5a83,no-satire,no-satire
888ebefc-9c92cc85,no-satire,no-satire
8e2b46db-a2185a48,no-satire,no-satire
93af97dd-d8ba6016,satire,satire
0a64c690-229d57a4,no-satire,no-satire
b302902b-d02b4e4b,no-satire,no-satire
f7d18fd8-5a7b225b,no-satire,no-satire
fb3e994c-a109f7ff,no-satire,no-satire
9fef663c-536853cc,satire,satire
ae3252c4-2b9786fb,no-satire,no-satire
a61460df-57b1c638,satire,satire
c3f531de-4e05ce5b,satire,satire
aa78b4c4-0c3affc3,no-satire,no-satire
7723fbba-631d0a44,satire,satire
81ee5f85-d856a0ba,no-satire,no-satire
b266ebe3-bc0b7178,satire,satire
8c53c3fe-02e9e861,no-satire,no-satire
92fec68f-55fe42c8,satire,satire
e02cf4a1-d2fc0f14,no-satire,no-satire
5c91160e-455152da,satire,satire
c587f7bc-128245c6,satire,satire
dc09bf77-772a0e09,no-satire,no-satire
4b0bc72d-47c29d36,no-satire,no-satire
96201b2b-52ddacb8,no-satire,no-satire
cc2bc902-8b541e54,no-satire,no-satire
0cea64bb-6e4ddc8e,satire,satire
169ec21e-f1fca18c,no-satire,no-satire
1cb158e2-95d4bcd3,satire,satire
f1b4eb1a-6c92bd74,no-satire,no-satire
0e1f4952-6c02e2bd,no-satire,no-satire
88e34c8f-735fe1d2,no-satire,no-satire
cb809e01-2609bd56,no-satire,no-satire
700949d9-778e388f,no-satire,no-satire
a4500715-3031e122,satire,satire
11fa0a5a-b273f021,satire,satire
d8c4516c-407064dc,satire,satire
34bcc1ed-58cb5402,no-satire,no-satire
73b4f81a-a8f822b1,satire,satire
dfd2ba3f-f2737d73,satire,satire
cb3f1054-fa4e3826,satire,satire
cfdde3d9-ce35eef8,no-satire,no-satire
9412e6bb-c4380e79,satire,satire
78c19cbf-67310a70,satire,satire
1fbfce02-7e793ef8,satire,satire
28b55b9e-029aeca9,no-satire,no-satire
4d5414f3-88070b9f,no-satire,no-satire
eb3da494-24a0f504,satire,satire
50132cdb-823771b5,satire,satire
7d04b0ad-d40fcb5f,no-satire,no-satire
eb314995-a2cae76f,satire,satire
8c8f88ca-3afce755,satire,satire
de9cc7e5-8d88bac2,no-satire,no-satire
743bab67-9cee6eb3,satire,satire
f682e3aa-9e18def9,satire,satire
caa76ba8-eb979fc4,satire,satire
99f70818-f2722414,no-satire,no-satire
1eec360b-65d844b4,satire,satire
2216a6c1-70832967,no-satire,no-satire
a2751e75-f2f954e6,satire,satire
fdafc879-f2a4ed53,satire,satire
ebfc8e70-c807c3a1,satire,satire
dfd79fb8-c70b44ac,satire,satire
20cdb9d7-e30b2d7e,satire,satire
6107a61b-46b126cb,no-satire,no-satire
fa5ffc8f-5d396106,satire,satire
8a9090de-564ad87e,satire,satire
0d693d10-44900565,no-satire,no-satire
244baf28-78da6562,satire,satire
768d2f43-3e678deb,no-satire,no-satire
4354b410-af0ba4b9,no-satire,no-satire
a22a7845-da909625,no-satire,no-satire
4ac7fa2d-489cd2df,no-satire,no-satire
afea42db-dc160f7a,no-satire,no-satire
a9fdfdd2-24efeb07,satire,satire
6efdb2f1-4a61fb92,no-satire,no-satire
ac9d3829-cb89f198,satire,satire
aa1dda39-d1dcff00,no-satire,no-satire
b628fd5e-c7c7dd35,no-satire,no-satire
680a0e99-dbccfd66,satire,satire
5ea0abff-27c0b820,satire,satire
cd8475cd-41d60f83,no-satire,no-satire
4c5bb2fe-b4f7a893,no-satire,no-satire
92187d6d-22cd7013,satire,satire
66bff69c-1aad4baf,no-satire,no-satire
d762b27e-b1178b4d,no-satire,no-satire
f3d64fd0-e65ef36e,satire,satire
ba603446-a9fa4651,satire,satire
0909a3e7-62dede16,satire,satire
95970c1d-23d7b78b,satire,satire
846a4d6e-6a12b65d,no-satire,no-satire
2da82e02-6dd875da,satire,satire
657ce7b7-4d87bf3b,no-satire,no-satire
171db19e-d3ebbb46,satire,satire
4b69d69a-89ec426b,satire,satire
180b2411-ae326746,no-satire,no-satire
a7a457b0-b7a02197,no-satire,no-satire
f4f68ed9-eb6d5377,satire,satire
908c388d-b68776cd,no-satire,no-satire
fe08afb3-973fa3dc,no-satire,no-satire
aa52d5dd-c641cd59,satire,satire
82e42322-3b6a6297,satire,satire
588af949-8fc548a8,satire,satire
f5ef102a-f4b7bcf6,no-satire,no-satire
344c2525-0018faac,no-satire,no-satire
b57640b1-13affd8f,satire,satire
801d1a56-317088f5,no-satire,no-satire
ec43d81b-33fbc5ee,no-satire,no-satire
e4268cd1-64701ea1,satire,satire
bff23fda-3d88a3db,satire,satire
8f10a2a0-39660c7a,satire,satire
55cbc3d0-cd9d03f5,no-satire,no-satire
d02545b9-efb01028,no-satire,no-satire
294817bc-9bbabeee,satire,satire
7339b3d2-b5b6006e,no-satire,no-satire
49ed252e-59ba01ab,no-satire,no-satire
2b5808ce-b8dad91a,satire,satire
97c2c261-02ed57a8,no-satire,no-satire
32b3f313-3c90da33,no-satire,no-satire
f097fd08-25ca7d0e,satire,satire
34eaf075-91ac5348,satire,satire
d0189c98-8431e899,no-satire,no-satire
ab3c190e-9ce355fd,satire,satire
5bf3505b-f5b30ddb,no-satire,no-satire
05b28a4e-7742cd7d,no-satire,no-satire
3bbd295f-ef7f3d2c,no-satire,no-satire
cd72ed24-a52f74de,no-satire,no-satire
1a3aeb18-0e39ed08,no-satire,no-satire
f98fee6b-b4e1570d,satire,satire
96aa27f8-4e21f4c2,no-satire,no-satire
e3053195-490cc5d9,no-satire,no-satire
ae5e95c5-42f0576c,satire,satire
92a5d6a6-031f5fb8,no-satire,no-satire
886eb2f1-06b86718,no-satire,no-satire
ed4d99d3-3c3c5e40,no-satire,no-satire
8393c027-fbdbd10a,no-satire,no-satire
dcd82d23-7cf7f1dc,no-satire,no-satire
fd0cc891-9954fa16,no-satire,no-satire
3d37151a-3fd2bd7a,satire,satire
e7fa5c85-cc446ac6,satire,satire
f8133c90-d230c18f,satire,satire
0af225cd-32befad6,no-satire,no-satire
208b2bc0-19ff8853,no-satire,no-satire
030bab00-6ea06c32,satire,satire
1aa922ba-d0b04313,no-satire,no-satire
6acbb2b6-d2fe4f6d,satire,satire
2370fbb6-ed6626dd,satire,satire
bbbc41df-2ad23142,no-satire,no-satire
526a298e-7049a310,no-satire,no-satire
64e6dbd5-697deab1,no-satire,no-satire
0c737e8a-08fb059b,satire,satire
2b7799f8-b7f7278e,no-satire,no-satire
56710c30-82c6e218,no-satire,no-satire
eabefdd9-2df35097,satire,satire
a41ce5e4-2ac49f7f,satire,satire
6843dcab-7eab3552,no-satire,no-satire
5af83c32-50cbca71,satire,satire
100ddd5c-06474bd3,satire,satire
0dbe77d5-b07da186,satire,satire
14a3ead5-50adc7ca,satire,satire
c9b495b1-52bcc4f8,no-satire,no-satire
3e8d559e-e6a1a8c4,no-satire,no-satire
b04b0f8d-7e78aadc,no-satire,no-satire
f11a59ea-a56ca038,no-satire,no-satire
215577d2-d52c17bc,satire,satire
7b28b675-1e03ecfe,satire,satire
d7f77a2c-f03e33b9,satire,satire
55fa0105-38b06d97,no-satire,no-satire
9fd356fa-e714a3c2,satire,satire
134b5a50-4c92da1d,satire,satire
7fafd664-d6fd694f,satire,satire
8899a522-84df69e8,no-satire,no-satire
a24370ca-cd12152a,no-satire,no-satire
ba68498c-48cb5fe9,satire,satire
d0a618ce-52378edc,no-satire,no-satire
bcaaa925-722f5d57,satire,satire
ee75376c-d10ca71b,no-satire,no-satire
570da63e-edad6e68,satire,satire
76948744-089bb6e2,no-satire,no-satire
3e9f621c-b5e80022,satire,satire
161d00d8-645b8507,satire,satire
7275cee6-9ab8a8fd,satire,satire
784481a1-40161117,satire,satire
a5bcfc39-788f4ea7,satire,satire
67301560-649594c0,no-satire,no-satire
ccba0c99-3c3b0aa9,satire,satire
acde2e50-459271ed,no-satire,no-satire
f37f75eb-a592f64d,no-satire,no-satire
d51ca82a-df6a97e9,no-satire,no-satire
25879594-a09a0cdc,no-satire,no-satire
10ca3b62-c5bd56c6,satire,satire
e09cebba-5731da38,satire,satire
e23deab9-397ba05d,satire,satire
cf8cee08-d57d9d60,no-satire,no-satire
27a8afe0-3ec8fe2d,no-satire,no-satire
8e3431db-965d4eaa,satire,satire
d933bdba-da5afa58,satire,satire
683d1200-3a775d63,satire,satire
ba7d2d4d-5060c1d8,no-satire,no-satire
8ef64847-18dccd79,no-satire,no-satire
1515edc8-ddf9e2c2,no-satire,no-satire
73d79425-f8605ff7,no-satire,no-satire
6b5be2e7-7d145f75,no-satire,no-satire
92bf0c3a-026afb32,no-satire,no-satire
1ceeb5a3-0afddbdb,satire,satire
a5ff67d8-29bf631d,no-satire,no-satire
c5f1ef60-68f6d7cd,satire,satire
792bd37f-2ba511b1,no-satire,no-satire
182a3c29-89c7852f,no-satire,no-satire
f3025398-58b352a0,satire,satire
32398a02-3c4ef000,satire,satire
165e683d-9d0bfbeb,satire,satire
13940d7e-f047f3c5,no-satire,no-satire
2a02a60b-1a3e0be3,satire,satire
ae37e352-03916e2d,no-satire,no-satire
01373e06-17f3aac5,no-satire,no-satire
83842d4c-0588c45b,satire,satire
9b9fc7e4-79a5ef76,satire,satire
79ec124a-fd68ff0c,satire,satire
cb1193e7-4045c2d9,satire,satire
7147930d-098099b4,satire,satire
65933ff0-57074b0d,no-satire,no-satire
4af6f6bc-1febe223,no-satire,no-satire
c770d29a-5e7352d8,satire,satire
9fc97e0b-4b733067,satire,satire
7efb4817-2574bec8,satire,satire
8e633749-b438f596,no-satire,no-satire
ea90b3d2-12c67308,no-satire,no-satire
bb3cea5b-a9e48fba,no-satire,no-satire
1b7ec1fe-e9d39eff,satire,satire
9704c9ea-84109fa7,satire,satire
5071cbff-8c8c06b1,satire,satire
298982bb-c1da2030,satire,satire
8c8d7463-dfac4ac1,satire,satire
d6f8e09a-948b9fe1,no-satire,no-satire
3cd90c7c-40909231,satire,satire
ad901840-118dedb8,no-satire,no-satire
b00e5e6e-05ce64e9,no-satire,no-satire
4c59d2d7-51d5b5e4,satire,satire
99577e19-32b6fd9a,no-satire,no-satire
88398156-db606033,no-satire,no-satire
4e7b79fb-3ac1f9b3,satire,satire
14c37ca0-d0499488,no-satire,no-satire
5d30126c-a39af260,satire,satire
f4615fcc-9f0eaf49,no-satire,no-satire
e605dd54-4129ee8e,no-satire,no-satire
3f7ed2a3-e7b7e2df,satire,satire
b96b174b-93c85ed8,no-satire,no-satire
182daf3e-0e2a85c6,no-satire,no-satire
2ad5ef8e-b0bb62b4,no-satire,no-satire
e94c7f2c-406a51dd,satire,satire
f41b50ed-362ff3a0,satire,satire
de9fc55d-44c011ff,no-satire,no-satire
77a9f8d7-f3365a37,no-satire,no-satire
4f68ba70-59b8bc8d,no-satire,no-satire
07110b7b-d1791beb,no-satire,no-satire
d3a8c955-9c3f6645,satire,satire
fe4749d9-6f03d037,satire,satire
41029503-15711eb8,no-satire,no-satire
e059b068-46dcedde,no-satire,no-satire
cbf3cc3b-273a7d28,no-satire,no-satire
ecc96964-f85c6854,no-satire,no-satire
4c5891ad-80d1c436,satire,satire
c05325cc-c4d4de61,no-satire,no-satire
639a9b84-6a552feb,satire,satire
2de82f6f-3af4fde4,satire,satire
cd6ae6ec-69650d4a,no-satire,no-satire
bed4f9e8-e3a79037,satire,satire
39114702-b71e0c34,satire,satire
ee038743-b6696125,satire,satire
4eb9592c-139e610b,no-satire,no-satire
11b58b67-3bca7dc2,satire,satire
d4e92718-21257c8b,no-satire,no-satire
6ca4df2e-9cb2200d,no-satire,no-satire
090cd9b1-8f5bc795,satire,satire
c11295fc-a80267b8,no-satire,no-satire
8d6a4757-d3904e10,satire,satire
9bd1be58-26334855,no-satire,no-satire
b04fc268-80296e82,no-satire,no-satire
135307d9-8ffaf7d0,satire,satire
c933e04f-71a3ea6f,no-satire,no-satire
2050721b-05792677,satire,satire
449b031b-4de3563c,satire,satire
6b5b27cc-738ddb63,no-satire,no-satire
d731e26b-a71242cd,no-satire,no-satire
f36e863c-0bc20235,no-satire,no-satire
e4c11c82-8d7bdee1,no-satire,no-satire
5bd6356c-b055ab4e,satire,satire
2abf8a19-1ad0b8c1,satire,satire
a9b6507f-fa7d7d51,no-satire,no-satire
99360841-497c3604,no-satire,no-satire
281fc733-7ec18eeb,satire,satire
f0ba7854-ebb3056c,satire,satire
0145ee48-2a8a635f,satire,satire
9944a9cd-fcd2c1f9,no-satire,no-satire
78919604-2c03b5ec,satire,satire
02335a5c-f3efeaac,satire,satire
711f7d96-e41917eb,no-satire,no-satire
54dafd1e-2534e96e,satire,satire
2d12a1fd-0e56440a,no-satire,no-satire
49e9ac04-ed0a97f0,no-satire,no-satire
ee704f65-525dec61,no-satire,no-satire
a53fb0da-62f1bab1,satire,satire
c21e1c92-03de8a21,satire,satire
65c876fc-9963e975,no-satire,no-satire
9be01320-32ab4139,no-satire,no-satire
1a95361c-a06eebb1,no-satire,no-satire
8b3c5147-567598fb,satire,satire
ca886076-f700bcf9,no-satire,no-satire
370d8ce0-3ecf6109,satire,satire
b4cff486-8149e606,no-satire,no-satire
7302579b-19ee0ac6,satire,satire
0e89edcc-76d6b883,no-satire,no-satire
617fed91-be25a716,no-satire,no-satire
364e8d8a-0bbe8b6d,satire,satire
fc710f57-daffd598,satire,satire
83ed1ea0-a10f0cff,no-satire,no-satire
98857d25-98c48354,no-satire,no-satire
b6afa2c0-e113afd5,satire,satire
f34a2011-a92a3ac5,satire,satire
74e2c6cb-d71a6a15,no-satire,no-satire
b8912aa3-728265c8,satire,satire
a19d08f5-18a3ca09,no-satire,no-satire
c924d027-f7a9f092,no-satire,no-satire
38bbb28a-e8e02bbb,no-satire,no-satire
25f5af61-2be71522,no-satire,no-satire
b52fabc1-66270d6b,satire,satire
3abc4b26-27022609,no-satire,no-satire
69847171-6807ae7b,no-satire,no-satire
57f2ca23-e49ed5e4,no-satire,no-satire
5e418baa-16c36b02,satire,satire
17cca4c4-81baa384,no-satire,no-satire
3078c434-96d13adb,satire,satire
0c4c90d3-b8d6e524,no-satire,no-satire
40ab73a8-f9f0e06f,no-satire,no-satire
a0992efa-1a51e7d5,no-satire,no-satire
7ab0dd43-75ebc7e5,satire,satire
34ff7a6b-f75071d0,no-satire,no-satire
952547d5-011fb287,no-satire,no-satire
fecd0c59-3bdf3a1b,no-satire,no-satire
b6d12661-4657eff0,no-satire,no-satire
8345f012-5bab3fc0,satire,satire
cdd56e7a-caee8c94,no-satire,no-satire
2a204ee1-95963c98,no-satire,no-satire
1618485c-8df24b93,satire,satire
f27794a0-b442b833,satire,satire
96ebd3f5-6475e6f3,no-satire,no-satire
5faa98c2-da26ad19,no-satire,no-satire
14eccf4e-3bd88e5f,satire,satire
5e751b97-9810a934,no-satire,no-satire
45b424d7-a529f286,no-satire,no-satire
bcd83ebc-3f322ccf,satire,satire
1e00f858-09c080c1,no-satire,no-satire
d62a519b-7854b6d8,satire,satire
40ef0bb1-7b964bc2,satire,satire
772b3e03-cc3bf45b,satire,satire
601a5d5e-724fb8ef,satire,satire
0ad7dc4d-b6e39b3a,no-satire,no-satire
08ef3e9d-94e22b41,no-satire,no-satire
b3c1c6d7-4afb0394,no-satire,no-satire
c04c4180-0437a3c5,satire,satire
26de9a08-3956e9d3,no-satire,no-satire
f2057613-a63127c7,satire,satire
d92b9bb6-1bfb5154,no-satire,no-satire
cdc16ed1-7afe9224,no-satire,no-satire
9036341a-991956f6,satire,satire
98414a29-5f6dd7dd,no-satire,no-satire
23cc057c-d7a5ab78,no-satire,no-satire
0495fd5d-73d5f1d7,satire,satire
e42ae30e-e4f061bb,no-satire,no-satire
2d46820c-4bc7079c,no-satire,no-satire
00150da2-88e07223,satire,satire
96c0716d-05f13210,satire,satire
f271566c-6606f27a,satire,satire
8a331c41-f4f9ec24,satire,satire
38c7fc21-7132a09e,no-satire,no-satire
e7df8e8e-4a505dfe,no-satire,no-satire
b8f7f484-a77a6fb3,satire,satire
54d6842f-114f2f0b,no-satire,no-satire
ae15d114-494a8d70,no-satire,no-satire
fe45a42d-14b12898,satire,satire
b3a3c559-129e4f00,no-satire,no-satire
df58f47f-f3d53105,no-satire,no-satire
2a19f1c3-607f8f42,satire,satire
2fcbd666-426d0a5f,no-satire,no-satire
d5538788-52f8f15a,satire,satire
a5c7e7aa-5a560e28,no-satire,no-satire
c6f5241f-94d349d3,no-satire,no-satire
723fa990-d2ceaec9,satire,satire
2ece140e-9221d4ad,satire,satire
804d8bc7-b09ea3fd,no-satire,no-satire
ceaa331b-e268dee0,satire,satire
b6cdf6b5-85120b25,satire,satire
4a8d230d-ec8f10bd,satire,satire
e2206879-1523242f,no-satire,no-satire
7d5b89c0-a591f39a,satire,satire
d6d539f8-f0a29407,satire,satire
4a6c7edd-f567183f,no-satire,no-satire
df2d2bfa-43791bcd,satire,satire
0ccde966-5588b1d1,no-satire,no-satire
63d3da37-86b66ca1,no-satire,no-satire
21d62c2d-8f02a5e6,satire,satire
42cb989a-77d0c0c8,satire,satire
d27672e4-8bdf6d3b,no-satire,no-satire
92923145-3cfa8361,no-satire,no-satire
ca631235-146b52bd,no-satire,no-satire
5206fcad-c44a8a10,no-satire,no-satire
3556463e-e5cd4d43,no-satire,no-satire
fd13cf26-5e0588c1,satire,satire
aff79399-5984c8f0,no-satire,no-satire
72701874-cfb3a1d5,satire,satire
10c50465-3f949a7c,no-satire,no-satire
b9536fed-8f038d66,satire,satire
8ab5dd24-1877845f,no-satire,no-satire
16e50faa-c08b0d16,satire,satire
c8116dce-94dc3168,no-satire,no-satire
e68f6c2f-011bf2a5,satire,satire
5aabe691-bac75597,satire,satire
9ff75d02-8988e65d,no-satire,no-satire
0557215f-e6ad86f2,satire,satire
67e8a016-4ed5bc3c,satire,satire
9cf89c5b-771fd016,satire,satire
d31c5fae-b1989190,no-satire,no-satire
c7ac2646-7f808dd9,no-satire,no-satire
29732619-e29ca41e,satire,satire
08e6136e-95725a16,satire,satire
a6f81067-eefe47fe,no-satire,no-satire
28482c02-0ebdd586,no-satire,no-satire
afc99789-8325ad72,satire,satire
6f061ce3-b56cb443,satire,satire
b021d9ae-182e1954,satire,satire
9d4a184f-d2e0b525,satire,satire
d431ae07-423c8179,satire,satire
954429d8-bebb33b5,satire,satire
8bc6d91c-e3d3e7d0,satire,satire
c12a28a3-f1661e40,no-satire,no-satire
11917063-882e85f3,satire,satire
2085e92a-de02f63e,satire,satire
d2cee7b7-fe853b28,no-satire,no-satire
171e04ff-e13c5ea8,satire,satire
27cfbf94-ee961107,satire,satire
c48e7205-d5dcc4da,no-satire,no-satire
01dc6d02-176576bd,satire,satire
f13c8944-dc70969e,no-satire,no-satire
dccd9f7a-931eb58c,satire,satire
63576286-d49e634c,no-satire,no-satire
3c710305-d290db59,satire,satire
d7bef483-e371fdec,no-satire,no-satire
b14ad8ab-6f62fea6,satire,satire
00992686-3430455a,satire,satire
1583dcb5-1cabfe27,no-satire,no-satire
bf865f4c-b4b05752,no-satire,no-satire
eb8731b3-14554d34,no-satire,no-satire
b78b7b37-c34f924a,satire,satire
9c169de9-bb972c41,no-satire,no-satire
396b4692-b82090ad,satire,satire
6adb9652-d1d7ac95,satire,satire
1834b323-c9a40310,satire,satire
e79a1c74-54b7dccc,no-satire,no-satire
b57322ae-a16a9eb0,no-satire,no-satire
91fd8a80-7dbc3470,satire,satire
b409cc88-42ffda2e,satire,satire
f88211db-22255c82,satire,satire
44813f57-b3832de8,satire,satire
ed753b52-e58d91ab,no-satire,no-satire
ed170cac-658ce5bd,no-satire,no-satire
21974af9-ca36a2c0,no-satire,no-satire
19f4adb9-dc823f2d,satire,satire
3fc9d8bb-177db052,no-satire,no-satire
8abdf267-e2826cfe,satire,satire
4628bdad-a42dd92c,no-satire,no-satire
90f5b000-a930ef83,no-satire,no-satire
6d3b54cb-495d02c1,no-satire,no-satire
ec2b658b-69e1eb4f,satire,satire
97580759-8a88d2ef,no-satire,no-satire
f0976d78-b00c0dbc,satire,satire
4e450713-e2352e2c,satire,satire
97b11655-ae20396e,no-satire,no-satire
4534b9d2-2bd662c6,satire,satire
02f12da4-75d6fd50,no-satire,no-satire
445d31dc-6dfd1a92,no-satire,no-satire
3706ac60-50d6c1a4,no-satire,no-satire
6b553c7d-f01e543f,no-satire,no-satire
48c39926-33a4210e,no-satire,no-satire
db5ca2d1-e7bd6faf,no-satire,no-satire
f9b2662b-b018dabe,satire,satire
ca672ba0-b98a73ba,no-satire,no-satire
5fb7632a-ae63a34f,no-satire,no-satire
c0bc548b-d219af4d,no-satire,no-satire
62286e46-1e7d8fce,no-satire,no-satire
4484b0ad-81f712a6,no-satire,no-satire
ee97467a-43b20427,satire,satire
885db229-10cb2f1b,satire,satire
97d1f4d4-b85b3bf2,satire,satire
be1b5eb0-5e35bd31,satire,satire
f656c3b4-abfe45ee,satire,satire
8999c4dd-f3e41616,satire,satire
16536d82-060d6249,no-satire,no-satire
f03dbd5f-b210e0e2,no-satire,no-satire
3fbd4ec9-9e74a4d0,no-satire,no-satire
d778ac24-95aa8ab4,satire,satire
6d777769-27bd6142,satire,satire
781749b4-0cfec9cd,no-satire,no-satire
1debeb6e-a2e4d517,satire,satire
60994ab0-f7b8d9f2,no-satire,no-satire
6df9cedd-f48e2877,no-satire,no-satire
f045db61-780956c6,no-satire,no-satire
935239f1-9b7db3ee,satire,satire
c7bb79f4-5e2b9cc8,no-satire,no-satire
9301d79d-c7171f47,satire,satire
e2428f70-ac16944d,satire,satire
1e63065c-5b467603,satire,satire
7449d937-d97f5b45,no-satire,no-satire
b4ecf4ca-12b0695a,no-satire,no-satire
56931ce8-657a476f,no-satire,no-satire
03edd58c-f29ef963,satire,satire
9cc3d26f-ebd423ea,satire,satire
cbe7d3a9-656f873e,satire,satire
47386d56-a6114c6b,satire,satire
cafafc89-d075c161,no-satire,no-satire
dfd6ecc6-3ced0585,no-satire,no-satire
72808991-321c6d2b,satire,satire
3696e396-0e761a48,no-satire,no-satire
15e284a1-7a3fe3e0,no-satire,no-satire
85dee64c-efd43ec5,no-satire,no-satire
55b9388b-ea789580,no-satire,no-satire
b292dbae-67c874c8,satire,satire
bfa61f14-d9e850b3,no-satire,no-satire
a71a5775-88f8739d,no-satire,no-satire
e156b8ae-e6225ea3,no-satire,no-satire
cd365996-a7956e9d,satire,satire
f67b6162-f632b1d7,no-satire,no-satire
9a8cab32-e5e9c4e6,satire,satire
3db4f02b-0b980766,satire,satire
16027788-d91d6536,no-satire,no-satire
06bef354-caa4e71e,satire,satire
074945fa-1587cc5f,no-satire,no-satire
1b0a09ed-c2b55be2,satire,satire
e5308cc2-cc68cc1e,no-satire,no-satire
4c1c2948-1644f040,satire,satire
609355a5-2fa51f38,satire,satire
249bda0e-94ab7f18,no-satire,no-satire
831fef79-63c1571f,satire,satire
ec7e0698-b5b96ca0,no-satire,no-satire
e525bd49-d39db26a,satire,satire
b3bdfadf-77e32c3c,no-satire,no-satire
5b1f8472-7a438366,satire,satire
efe4eff0-4cfaab96,satire,satire
200e1a2d-c069c7b0,no-satire,no-satire
7d9e30cd-fa8d9092,satire,satire
ab2c649a-0c964dd3,no-satire,no-satire
21c26924-087f5384,satire,satire
ea5cad2e-f5a37218,satire,satire
a2f2645e-165acdb2,no-satire,no-satire
74efb0c3-0067a347,no-satire,no-satire
366b055c-ea971c70,satire,satire
6deafa93-1e6ebbfa,no-satire,no-satire
b1d809fd-e552aa46,no-satire,no-satire
8cf3ab85-96aa3eda,no-satire,no-satire
ca64f2c7-5538b47a,no-satire,no-satire
a191c0ce-0559f26b,no-satire,no-satire
45180af7-b60365a7,no-satire,no-satire
609c0fd1-83472c8d,satire,satire
d9d2ea3d-0a899d07,satire,satire
17a6d2c0-d8109ed0,satire,satire
b2ad1a2b-a81085d2,no-satire,no-satire
c098e5a3-d4787416,no-satire,no-satire
a7bec473-14c76f62,satire,satire
7c2837b8-45006ecd,satire,satire
58b749e2-c3a88eeb,satire,satire
8bdd99ee-e9b88fe2,satire,satire
0628afa9-0637e061,no-satire,no-satire
06d1a813-980b918b,no-satire,no-satire
6495d363-97cb2c0b,satire,satire
5cb44478-65225053,satire,satire
8e7b5126-5ed0faa7,no-satire,no-satire
35fa807b-d36db999,no-satire,no-satire
5285d3cf-fa3835da,no-satire,no-satire
2220e13d-375d35dd,no-satire,no-satire
4b16ab2a-d2b6f4ff,satire,satire
de85268a-94b64a2d,no-satire,no-satire
ab918259-329b59ee,satire,satire
cfc9e7a1-49ca2846,no-satire,no-satire
2ff5e326-a39ed35d,satire,satire
436f985a-6ff24669,no-satire,no-satire
ebe974fa-b0cc44e4,no-satire,no-satire
d540aef0-03a1fcd1,satire,satire
547b3ba9-8d047e5e,satire,satire
6b6dbd88-db603853,no-satire,no-satire
b6b902df-d555cd17,satire,satire
47293bb2-6be4b38d,satire,satire
469db8ca-1434305c,no-satire,no-satire
fdf01e18-2f57351c,no-satire,no-satire
934ff4df-868130b5,no-satire,no-satire
80739a8f-c2b8bb1b,no-satire,no-satire
f1063525-ec63ccdb,satire,satire
e26a879b-f3de42ec,satire,satire
eff3741c-9badcedc,no-satire,no-satire
d67b0f00-82cb375b,satire,satire
f6359bf9-b3f2e7b1,no-satire,no-satire
a87c3bfb-6152b9bf,no-satire,no-satire
5a50560a-f19f8d17,satire,satire
0baa1c32-5904b4ea,satire,satire
34298ce6-5a831671,satire,satire
c24619b1-b82ea0fb,no-satire,no-satire
d74df9c3-bc149dfe,satire,satire
da48022d-98793fae,satire,satire
47b210c8-9305d4ce,no-satire,no-satire
51fb39ff-577dca5d,satire,satire
1f5e3168-18833854,no-satire,no-satire
f20614aa-7a146831,no-satire,no-satire
41bd526d-81b6b80b,no-satire,no-satire
403dfc0c-e87689b5,no-satire,no-satire
a92def92-cee96880,no-satire,no-satire
c8e1a228-cffa4df9,satire,satire
bf401b7d-31c6e850,no-satire,no-satire
0c5061e7-629406be,satire,satire
8bc55f74-3062c052,satire,satire
8f402e2e-4d0f35ec,no-satire,no-satire
c5e6e905-700b91b9,no-satire,no-satire
872766ca-5d67bdc9,no-satire,no-satire
adaac5d4-1c3c6d89,no-satire,no-satire
5e8f5b13-399b381e,satire,satire
6244b754-6f45a26e,no-satire,no-satire
b470cb4b-a014f1a8,satire,satire
117787d2-d7e4d6c6,no-satire,no-satire
258db29a-419848b6,no-satire,no-satire
fe7d4af0-1f385605,satire,satire
16c53f3b-19f206d9,no-satire,no-satire
08b12842-26b5effd,no-satire,no-satire
7f26ea70-a800786a,no-satire,no-satire
af207aca-c49d0ee8,no-satire,no-satire
9b34f387-531a6774,satire,satire
bb3dafd5-c6dd0996,satire,satire
21d997ae-4809a7d4,no-satire,no-satire
163d26bd-1bfa4e1f,no-satire,no-satire
5dfe1dd7-9c90b9e2,no-satire,no-satire
df56feab-009f41e7,no-satire,no-satire
1f05b541-1527f15c,satire,satire
813a15da-d6173a8a,satire,satire
1f3a6d9e-514fb8b0,satire,satire
b1afb749-73bad0f6,no-satire,no-satire
7242b600-5a82a365,no-satire,no-satire
0dbc87bd-58563389,no-satire,no-satire
18a7b243-2ef07dce,satire,satire
6fcc6679-9e434265,no-satire,no-satire
b5fb4276-84c860cb,no-satire,no-satire
7042cd3f-989b81c4,satire,satire
dabc231f-047c0eaf,no-satire,no-satire
8f8bfd4a-99d1e43b,satire,satire
740f9870-7eb2bcd9,satire,satire
c7d0314b-d8ea969e,no-satire,no-satire
89340ecb-a1370761,no-satire,no-satire
175f0a9a-ae1f660b,no-satire,no-satire
b77fa4d1-883e5ed8,satire,satire
8100aced-d32b04e6,satire,satire
c78a2757-ab02dcb2,no-satire,no-satire
5c93df49-76300183,no-satire,no-satire
110a1c6b-10ce75e5,satire,satire
4d281a44-f38fd23c,satire,satire
05a5541f-6990eb92,satire,satire
dac3a604-8db55b1f,satire,satire
6426cdd9-6ca2b59a,no-satire,no-satire
3b87aaf9-e4e45141,satire,satire
0a2aa7c1-b42f228b,satire,satire
8a0bf40a-f36c9bca,satire,satire
64663498-94e21a1b,no-satire,no-satire
8324893f-f5b70380,satire,satire
e9fad71a-597f1f6b,no-satire,no-satire
dcbb4acd-97cf7a50,no-satire,no-satire
5048510f-01ea788b,satire,satire
dd5750b0-45a2d21e,satire,satire
f300ee65-05b4bb91,satire,satire
e875717a-d715955f,no-satire,no-satire
c6120523-4a898383,no-satire,no-satire
78b035f9-a9c239e9,no-satire,no-satire
73811c04-41317d5f,no-satire,no-satire
48fdfa48-5a447e9a,satire,satire
2515f94d-43e4f98c,satire,satire
ef6bd0de-02d2594d,no-satire,no-satire
711eab39-367ae01e,no-satire,no-satire
a048e433-0e2dc6a2,satire,satire
1913b7ee-6c39f244,satire,satire
263b292f-7928f686,satire,satire
a8fcfa89-ba0d21eb,satire,satire
e9332ecf-ad12ee4e,no-satire,no-satire
e3b3bf73-49dcad5b,satire,satire
e5a7391e-c063327c,no-satire,no-satire
67369774-46c76a1f,no-satire,no-satire
8c3b66e6-54d0e504,no-satire,no-satire
bc20c5f3-c9da1e4d,no-satire,no-satire
411b1053-de7bf2b5,satire,satire
837775ea-49441034,satire,satire
773e0e49-0803ff7d,satire,satire
3542fec8-e2de750e,satire,satire
6953c559-c73d9234,no-satire,no-satire
7592c76e-bb740a96,satire,satire
24743979-4bbf504d,satire,satire
42e454de-08ea4087,no-satire,no-satire
5dcd8727-4932a6a7,satire,satire
616a8cb0-17a3b443,no-satire,no-satire
523b1f95-c352de95,satire,satire
7fec97c8-9ea1a89c,no-satire,no-satire
4bd6d1a5-d3d7de3d,satire,satire
f5f33a76-f2a66fc1,no-satire,no-satire
e4721084-037d703e,satire,satire
f64ceecc-340b36f8,satire,satire
c5a143f7-d95d1bda,no-satire,no-satire
d3307556-58db6aa5,satire,satire
bb54602e-13c94d63,no-satire,no-satire
99dd7e42-ae5b4515,no-satire,no-satire
2c60dd86-ddd1a21c,satire,satire
b1f3783e-1478e746,no-satire,no-satire
68c3d8a6-153d1cab,satire,satire
f1ad176e-e3664938,no-satire,no-satire
af547588-afec8ec7,satire,satire
4e611a84-43466128,no-satire,no-satire
f2cfc98c-f14492f7,satire,satire
6ec85cf9-dfcb2912,satire,satire
d6e12be7-cfd789cd,satire,satire
0b263b68-4763b9d9,no-satire,no-satire
a28c4a8b-526f34ad,no-satire,no-satire
49c5b955-1849fe13,no-satire,no-satire
f4d3d447-f677f64e,no-satire,no-satire
262b9933-db6ec4bf,no-satire,no-satire
f9e9033d-3b59b2e6,no-satire,no-satire
2fbd737b-23ab576c,no-satire,no-satire
4848074f-2f2cc136,satire,satire
d392c5b5-90dfdc07,satire,satire
c5757000-1092fc3d,satire,satire
7afefbe7-d298c1b4,satire,satire
49b9a5b9-bf3a1bf5,no-satire,no-satire
5769a6f4-19c40331,no-satire,no-satire
a3b75f45-18513b9f,no-satire,no-satire
b32ffdfd-794e79d7,satire,satire
c479980e-e84e2315,satire,satire
0096563c-b83dd149,satire,satire
e3c68b47-6131f624,no-satire,no-satire
c8e3c9f8-f6c0bcae,no-satire,no-satire
c6524fad-59b033ce,no-satire,no-satire
67b0f263-7496e838,satire,satire
cc8ebf00-489aeafe,satire,satire
3d2752f8-88784a11,no-satire,no-satire
a5f1dec1-5551441c,no-satire,no-satire
aec9ef21-ae8bd9bf,no-satire,no-satire
bdbfc2db-e0163deb,satire,satire
3a756653-408fb1ff,no-satire,no-satire
0b93107f-72a7fc95,satire,satire
756465bc-dcaf934b,no-satire,no-satire
3a29240f-195573a0,no-satire,no-satire
1a45e8b0-d18852a4,satire,satire
0a058ddf-3e6b0594,no-satire,no-satire
b9845714-222a2ad2,no-satire,no-satire
44c61e76-e836840e,satire,satire
cd0ab330-48d95f95,satire,satire
4402963d-397c9d74,no-satire,no-satire
befc3cc6-4b33f46c,no-satire,no-satire
c6f0284a-44cc9051,no-satire,no-satire
43bf9840-89ead12b,satire,satire
2d91409b-bfec910a,satire,satire
8a9a5bac-cf111da2,satire,satire
84934f7d-96c84da2,satire,satire
32cd27bd-9e7fcad4,satire,satire
0a0fd156-bf31280a,no-satire,no-satire
5ccc0f4b-11e5360e,satire,satire
97870edd-0011d13a,satire,satire
9febc22f-41b58a39,satire,satire
e8d1fdde-28fee600,no-satire,no-satire
ffad255b-55b290d2,satire,satire
ef6cf615-9a1bad64,no-satire,no-satire
bece2d30-85890b85,satire,satire
8c4f8416-8a8f2ebf,satire,satire
f1eb5271-971d69d3,no-satire,no-satire
aacb9103-9ed04353,satire,satire
b250f41e-9bbbfd72,satire,satire
9cbe2df1-318b5ea7,no-satire,no-satire
6cfcfa87-093eabf1,satire,satire
2a4b465d-e4de6d91,satire,satire
2894c7aa-5710ce68,no-satire,no-satire
9543f2c6-e3578d6d,satire,satire
84e6904b-dbc5ff86,satire,satire
f529884e-49bee00f,no-satire,no-satire
9e3e472a-c6fdd825,satire,satire
99a8624a-962d0091,no-satire,no-satire
4cdb1b1d-bee7ad10,no-satire,no-satire
6843a551-8c0ad337,satire,satire
e45229f8-6e716b03,no-satire,no-satire
21b347d6-0852cf6c,no-satire,no-satire
f3ed2aac-078c878f,no-satire,no-satire
e9d03b0a-bc89e677,satire,satire
7127b623-d263423c,no-satire,no-satire
b939b06b-f535cbb4,satire,satire
1f570df9-3c0139be,no-satire,no-satire
218d9277-11f3bbcd,satire,satire
26e6335f-211f795c,no-satire,no-satire
c6512efd-573f59a8,no-satire,no-satire
63c01ca0-bfa018e8,satire,satire
28faea4e-cb50acd3,no-satire,no-satire
75f2c378-cdfe176e,no-satire,no-satire
b0bbd11e-de62ac2f,satire,satire
4a23120e-f8d3e6fe,satire,satire
54833378-3a35acda,no-satire,no-satire
b99e416a-d9703028,no-satire,no-satire
72d9b69d-55704bd6,no-satire,no-satire
013a2677-2248d270,satire,satire
cebdb81b-77027272,no-satire,no-satire
f0e563fe-0f26650c,no-satire,no-satire
2429518d-06d2d1d6,satire,satire
3f04aacc-7d52e9cc,satire,satire
973638dd-880bbbf9,satire,satire
2a03a178-5436c137,no-satire,no-satire
0af151de-2943a2f6,satire,satire
8cc7d9f0-ab902b0d,satire,satire
59a41069-1aa2c196,no-satire,no-satire
677848b1-455b7d70,no-satire,no-satire
030b532e-aa8b1dcd,satire,satire
aa8c4f75-cd5f6c62,satire,satire
e213bfac-5b424daa,no-satire,no-satire
a8281e37-d2925c58,satire,satire
671f44f4-cab83d0a,no-satire,no-satire
96e368f2-452256ff,satire,satire
3b4e1e13-9589087a,no-satire,no-satire
500d3b36-9072a794,no-satire,no-satire
6d53c600-c95f65ca,no-satire,no-satire
bd8befbd-aae2f17e,satire,satire
1cb45e94-544d8564,satire,satire
87d7199a-0a227f67,satire,satire
dee8e754-e84808c2,satire,satire
818f4336-948b3811,no-satire,no-satire
dc56349b-933c7a26,no-satire,no-satire
4fff2adb-a9cc1be2,satire,satire
29b9f9f8-3990928b,no-satire,no-satire
1b824da1-b1d84afa,no-satire,no-satire
53d9fa68-ef2ee9a5,no-satire,no-satire
3d80fc65-9b1d2f1e,no-satire,no-satire
4449366c-28990085,no-satire,no-satire
6db74f01-119b9da7,no-satire,no-satire
690b5417-ec8d8977,satire,satire
71f24f14-1db386b8,no-satire,no-satire
a57f93d7-ec56a03e,satire,satire
96f4e865-00710187,no-satire,no-satire
65b326cb-00bc1a20,satire,satire
4c05610e-aaa556bf,no-satire,no-satire
4d152638-54bf0e72,satire,satire
8a5fef60-2743676c,no-satire,no-satire
34213796-22d2a61d,satire,satire
9dfc853a-0b49f7a2,satire,satire
9b027c7c-cbbb0bbc,no-satire,no-satire
8ed1ddd1-04c8f3c6,no-satire,no-satire
eb644883-56e1e598,no-satire,no-satire
e17d276c-b87e6f92,no-satire,no-satire
df3ada45-e21e2005,no-satire,no-satire
59500882-e3005738,satire,satire
ea8608c4-8311f982,satire,satire
3bfe60d5-9679ef46,satire,satire
d374fada-16f71826,no-satire,no-satire
f377434b-add4fff6,satire,satire
1ebb4b0b-9f8009d1,satire,satire
392d52ef-e703e3f2,satire,satire
6f658efa-3ce896d5,satire,satire
1d479a5c-63fd126f,satire,satire
203a6aa1-bf9585f1,satire,satire
5c0a96da-5769f784,no-satire,no-satire
72dbece1-7393edaf,no-satire,no-satire
741faf7f-ad81fb97,no-satire,no-satire
603c20e4-4d2b6bc3,no-satire,no-satire
49c6a879-56d3d161,no-satire,no-satire
e1154c0a-071ae749,satire,satire
814a803d-f8cef400,satire,satire
d329a41b-5200ac18,satire,satire
f084896c-39870e6d,no-satire,no-satire
b80cb82c-60fb0d8f,satire,satire
4ebc993c-bad8b915,satire,satire
70dee507-58ad02ab,satire,satire
c8c6f064-745d8d63,satire,satire
3e22c0dc-0ba9d79e,satire,satire
0b26b1ad-f33cba82,satire,satire
aff2dade-89d82828,satire,satire
cd231f6f-9e854d4a,satire,satire
ad16d349-70a8053e,no-satire,no-satire
dbc66f09-3fb95e42,satire,satire
d4955d40-5fce4e12,no-satire,no-satire
f1b22b13-09ee5181,no-satire,no-satire
26120550-b0b9d214,satire,satire
70eb2a44-63694759,no-satire,no-satire
80c2ec4e-c8c17667,no-satire,no-satire
6ec3dbd7-11e8ccb7,satire,satire
7efc8fed-687a3b04,no-satire,no-satire
fea74620-0415ba8a,no-satire,no-satire
0b2e324b-93879d2c,satire,satire
24b6f25a-1ad696d2,no-satire,no-satire
a057b730-86fbc9d5,no-satire,no-satire
86545155-79055439,no-satire,no-satire
9f725500-3406ba63,satire,satire
32a31e62-6e241ac4,no-satire,no-satire
40a6b440-d1f0bd3b,satire,satire
dcdd617a-afcaff4e,no-satire,no-satire
f5222e6c-d565d29e,satire,satire
e86ffe09-b354fc04,satire,satire
22af0ba8-38ee30a6,no-satire,no-satire
8f04ee86-7deb8785,no-satire,no-satire
f25c39bf-308f1f05,no-satire,no-satire
197e6b35-d6cc40fa,no-satire,no-satire
f57b6b3c-33d9b334,no-satire,no-satire
5c535671-2f72e079,no-satire,no-satire
a3d62913-70f40310,no-satire,no-satire
4c41c63a-96068547,satire,satire
b59210cb-d5a9c39d,satire,satire
71a64819-1a3cff06,satire,satire
102fc187-90cdf454,no-satire,no-satire
c2baff75-5372da7f,satire,satire
b38a2571-98a7bb2b,satire,satire
0d2e4210-5c7c42a1,no-satire,no-satire
147305bc-af2e44fb,no-satire,no-satire
52c7e61a-2c77fd1e,no-satire,no-satire
fb9f7fda-3e94f3b1,no-satire,no-satire
f803b36d-a5790497,satire,satire
e262c397-6acb8018,satire,satire
4a2b7362-8249423a,no-satire,no-satire
73b5d6f0-06fb5df7,no-satire,no-satire
d3ca83c4-0768241e,satire,satire
6fd73dc3-217d915e,satire,satire
bee26dd0-a7cb8a00,satire,satire
b1b5479f-8ab94d2b,satire,satire
334e8f88-3fdd231f,no-satire,no-satire
43865313-63cec802,no-satire,no-satire
fdf694ef-3ede72ec,no-satire,no-satire
0d714e04-6eaf8eee,satire,satire
1abe97ee-d21dd0a6,no-satire,no-satire
f3617371-e156a98c,no-satire,no-satire
daef9b6f-6a3ef435,satire,satire
d030c6fd-875f7875,no-satire,no-satire
4ec8b49a-b9a45813,satire,satire
9e2f11a5-a64541aa,satire,satire
b0b02222-5c87c0c2,no-satire,no-satire
25b5c5f2-6604f441,no-satire,no-satire
41acb14f-a4980d7e,satire,satire
18dc6b67-f58c97df,satire,satire
ad3e559e-404d798a,no-satire,no-satire
75ed479a-e83b0f91,satire,satire
4630f49a-4502214a,no-satire,no-satire
30e1dec9-76bb4545,satire,satire
b7394765-430f5b58,satire,satire
d5b125ac-4e7dd2ac,no-satire,no-satire
f1a23c1f-9ba6bcb9,no-satire,no-satire
3523f69f-4176ee0f,no-satire,no-satire
20d71385-9c510790,no-satire,no-satire
21174dbc-2045a083,no-satire,no-satire
cadc659f-ef77a001,satire,satire
8856370c-2d4feae8,no-satire,no-satire
691b8529-4331cf61,satire,satire
b070b418-02dda09f,no-satire,no-satire
6805005b-d8f9d2a8,no-satire,no-satire
7e11a6e9-805d653f,satire,satire
f99e1fae-9229c7c6,satire,satire
8737d4fc-4e904e29,satire,satire
c8bd6235-7cf624af,no-satire,no-satire
85ddc2e6-323f8fa5,satire,satire
c7c2e581-90289aa3,no-satire,no-satire
fe24b620-a1440e5e,satire,satire
6e5495a4-558048d1,no-satire,no-satire
dd62bad1-cb190278,no-satire,no-satire
b27d194f-07077ade,satire,satire
834175ba-6ce83fd9,satire,satire
1cbe1d01-6cdd172b,no-satire,no-satire
bfbe8cf7-35934a46,satire,satire
4c675f52-d4dae9ab,satire,satire
8beaec7a-71c4f7d8,no-satire,no-satire
0348b42b-e463e8ae,no-satire,no-satire
8cf91443-c737c0d7,no-satire,no-satire
9a8b8d50-43461684,satire,satire
24758ab0-3e85727d,satire,satire
52c86c64-50c96cb4,no-satire,no-satire
3d74689c-1906d36e,no-satire,no-satire
e85f37bd-d15cec0b,satire,satire
258ecb92-1ab828fb,no-satire,no-satire
9babb637-98517ea6,satire,satire
d677b857-59b3acf5,no-satire,no-satire
ed1ad8e5-55b612f7,no-satire,no-satire
de1fba5a-4317d2c3,satire,satire
014998bb-23fb10f2,no-satire,no-satire
f795cd4d-9caeb2d2,satire,satire
97716525-01516374,satire,satire
58812dfb-e54e547a,satire,satire
38a25f68-462ce96a,no-satire,no-satire
004dbcc0-c90aeeb5,no-satire,no-satire
6b5b5e1e-e693fbb9,no-satire,no-satire
616eedfd-371e00e7,satire,satire
4b562ed1-233cf888,no-satire,no-satire
1f2b3816-1f31c52f,satire,satire
861f8394-b148dc51,no-satire,no-satire
a00e4fb9-fd22f502,satire,satire
b4728e34-9e2df07d,no-satire,no-satire
c1ecf755-4fbc2fb3,satire,satire
9575210c-69cb7881,satire,satire
506f4e33-865aed9f,no-satire,no-satire
1993446f-6f330910,satire,satire
d5539218-8a8d6b6a,no-satire,no-satire
2a47dc1e-a17b28cb,satire,satire
6f52b91e-1becc7df,satire,satire
c6c7e216-8398d8be,satire,satire
f82a14c1-73088687,no-satire,no-satire
0026ef86-eefa1994,satire,satire
050ef4c9-8ba59aeb,satire,satire
5ece226c-2be86408,satire,satire
a5f4b9f2-32924985,satire,satire
d566bea1-80e5a242,satire,satire
d476721d-00638a3d,no-satire,no-satire
dd5c05ff-0a8440e0,no-satire,no-satire
e9994c56-dad5ca27,satire,satire
11cc9d14-02e7f6f5,no-satire,no-satire
55965fe5-39543bb8,no-satire,no-satire
79753488-7f36ba5c,satire,satire
9209257b-3078140f,satire,satire
e7446ea7-caf7475a,no-satire,no-satire
d4487b18-b80a3fe7,satire,satire
fa5e948b-3c26867e,no-satire,no-satire
bf3ec9a4-bcd4e169,no-satire,no-satire
a1a40cf9-536cd688,satire,satire
2a9dca29-6578e803,no-satire,no-satire
c7e1f28d-34b936fb,no-satire,no-satire
657f04ad-e2ae6bf9,satire,satire
e977c29f-e48f785e,satire,satire
f9626d52-2a1aae23,no-satire,no-satire
83c9d118-858b0116,no-satire,no-satire
3ba62779-2f8c0f1a,satire,satire
44ddd3de-b38b3c4d,satire,satire
0882e2fe-9ed45906,satire,satire
8fc9e149-3f7e0c6b,no-satire,no-satire
42fc2451-f0627e28,satire,satire
ccf98599-291b28fb,no-satire,no-satire
079a02a4-bb563f1c,satire,satire
bd5aee62-4935b0e4,no-satire,no-satire
3ad1dc32-8945e056,satire,satire
a85ed1c2-60cc14c4,no-satire,no-satire
6ec22d83-04c66058,satire,satire
3b30041f-5530c670,no-satire,no-satire
5e4fc75f-c5424848,satire,satire
19f65b21-8ce6812e,no-satire,no-satire
f350502b-18e074ee,satire,satire
6b231b7c-86550e03,no-satire,no-satire
28184f9d-7437dcad,no-satire,no-satire
a3e817de-d2ef9a9e,satire,satire
a9f68df4-e09faa0b,no-satire,no-satire
dbe062b4-b662e85a,no-satire,no-satire
b98ae780-9417de42,satire,satire
b38636d3-82ad8ba9,satire,satire
b506500b-a1cfdc11,no-satire,no-satire
72866e7a-47576854,satire,satire
5936ef21-09c3525a,satire,satire
57ce1b77-f6f9a180,satire,satire
adfe877c-1c62a87f,no-satire,no-satire
514d7001-1fba0493,satire,satire
cc13608e-74dbe567,satire,satire
cb908406-d062988c,no-satire,no-satire
e540e3b2-a3d837ea,satire,satire
937ba340-c81cc649,satire,satire
ce417edb-ade0ad1b,no-satire,no-satire
eeed005e-97f6814b,no-satire,no-satire
0cd378a5-d3ddd66a,satire,satire
82274799-14cb1384,no-satire,no-satire
f9ed07ba-5706de05,no-satire,no-satire
3cd959da-948d0876,no-satire,no-satire
7d575768-d690cdb5,satire,satire
691aa95c-e615aad2,no-satire,no-satire
ac6805eb-916db8a7,satire,satire
e0ca1e61-e9e3e525,no-satire,no-satire
e4bd0c0c-f3f618c8,no-satire,no-satire
d599428f-131ee282,satire,satire
7adf7b24-d529a828,no-satire,no-satire
967bb5ac-a1318671,satire,satire
9df42f98-7881dd56,no-satire,no-satire
390d0773-f173ca4a,no-satire,no-satire
b527a9a6-72ce08a9,no-satire,no-satire
76aa6b8d-cecfdf59,no-satire,no-satire
925a93eb-0a1b151f,satire,satire
ea6edde1-4b3207e4,no-satire,no-satire
579fa338-ab1f2562,satire,satire
eb4ad203-80222cb8,no-satire,no-satire
44892c1a-31d279e3,satire,satire
49a7de1c-9e530120,satire,satire
533dbbc7-b927dde7,no-satire,no-satire
567d4bfd-0f8b6f3c,no-satire,no-satire
d79908d1-d7a6a8d7,satire,satire
81bf81e5-53201b2b,satire,satire
503ed8d1-7646aac0,no-satire,no-satire
d641ac6f-c1604e31,no-satire,no-satire
258d7389-ed1c654b,no-satire,no-satire
5049b7d0-66aa0602,satire,satire
94df6d2d-bace1c92,no-satire,no-satire
859a3764-f467a494,satire,satire
d583ac19-c9598e66,no-satire,no-satire
90b2e148-a6c62463,no-satire,no-satire
82866ceb-f8fb1659,no-satire,no-satire
1671c060-39d4dd9d,satire,satire
808a03f5-9a0eaf4a,satire,satire
97d76a08-50be9c48,no-satire,no-satire
423825d9-1b8e5c18,no-satire,no-satire
6fdfd083-4ef61303,satire,satire
fdeeffb0-a3acfe44,no-satire,no-satire
09c172a9-796d080f,satire,satire
655209ff-5b69c8ec,satire,satire
e2839cc0-60b98ef2,satire,satire
055d166b-90b5254a,no-satire,no-satire
3d8ad51d-a1040fcc,no-satire,no-satire
66d6ee10-227bea97,satire,satire
145191a5-24ba71ce,satire,satire
d9aa01b6-fa605d88,satire,satire
7e47299e-858d6bb1,no-satire,no-satire
8e3edba0-e351a2f2,no-satire,no-satire
f145e407-935aa661,no-satire,no-satire
81bd5cc1-f4038fac,no-satire,no-satire
15e030c8-2c05cec4,satire,satire
24596e07-700c5c24,no-satire,no-satire
ce775e26-3f3a5241,no-satire,no-satire
c915c4aa-a54b1711,no-satire,no-satire
b3a5648c-1524df7a,no-satire,no-satire
b8399ce9-85b6ca21,satire,satire
32b608ed-11b2e297,no-satire,no-satire
a487b8b5-9eca694b,no-satire,no-satire
5ea4fcb1-eb6c21b2,no-satire,no-satire
8ce49d25-d18bd07f,no-satire,no-satire
b55cb725-d643af40,satire,satire
59cbf045-3522fda8,no-satire,no-satire
2f580cf2-45369b5e,no-satire,no-satire
c0316a21-d7fcc3f7,satire,satire
a4d5c6be-3c3a71cb,no-satire,no-satire
34473d8c-db9cc775,no-satire,no-satire
b214b863-e4be5ba4,satire,satire
8ca64c7c-ba27d7c7,no-satire,no-satire
49110914-d9f91668,no-satire,no-satire
6ef7cb0b-075e0303,satire,satire
3d0a67f1-3441bc1d,satire,satire
76052ba1-0abfe0ff,no-satire,no-satire
18b4bb1e-6bcbde96,no-satire,no-satire
edd183df-80e0376c,satire,satire
c0ddc538-4f149c91,satire,satire
6e6da964-79450548,no-satire,no-satire
f2fd882b-097f814f,no-satire,no-satire
823f64eb-d6a4fdb5,no-satire,no-satire
c5732449-1baa7b16,satire,satire
ef1ce6b1-5b6ec196,satire,satire
10e5d7a1-e7fd5ac2,satire,satire
5992032a-a219f722,satire,satire
a1027a1a-d169dddd,satire,satire
4cf109ce-906244d2,no-satire,no-satire
124f5cbf-6d812c43,no-satire,no-satire
45fcc07b-ed7192ca,no-satire,no-satire
d9f7e239-70ad54fc,no-satire,no-satire
79675277-6837b9e8,satire,satire
6dd6abb2-02dfb291,satire,satire
bff4f613-982346e7,no-satire,no-satire
9be2692e-2e2d3bbb,satire,satire
b2d46adc-7d3387a5,no-satire,no-satire
c5745c47-e7471303,no-satire,no-satire
85237efa-9e602410,no-satire,no-satire
e073f506-6774917f,satire,satire
49d6b304-3d517a75,satire,satire
e65b324f-5bb1ed3e,no-satire,no-satire
96923855-80f3cb8d,no-satire,no-satire
35ae14f7-d293672f,no-satire,no-satire
37edf782-dd1c3a33,satire,satire
46e467a3-acf4aa72,no-satire,no-satire
ac42e642-47e43039,satire,satire
231e7709-186fed21,no-satire,no-satire
effc3536-4c4fe3c5,no-satire,no-satire
9ba11817-27b4719e,no-satire,no-satire
57346313-edea51fc,no-satire,no-satire
2035bd17-ba301f4a,no-satire,no-satire
649741cc-86fbdab2,no-satire,no-satire
dde35b5e-76047a2a,no-satire,no-satire
9028b49a-ba7f9f93,satire,satire
1b453848-564d4b67,satire,satire
6a6f28ac-8b165343,no-satire,no-satire
f9562371-f9c0c154,no-satire,no-satire
02c426d4-b911b94b,satire,satire
ace39494-267774a5,satire,satire
07257a0d-5c639312,satire,satire
dde9bb55-23911833,satire,satire
46edf2f8-08569530,satire,satire
96a744b9-c9575c6d,no-satire,no-satire
2879669d-afafc236,no-satire,no-satire
afe7fbe3-22403ad7,no-satire,no-satire
438141be-ca1bf5d4,satire,satire
ee983ef4-878ae04d,no-satire,no-satire
690563ca-cf1fbb1e,satire,satire
0b3b0480-a21b20ea,no-satire,no-satire
1edab7f1-3bd37fe4,satire,satire
8ed6905e-8dd04717,no-satire,no-satire
40f0542c-fdcfecb8,no-satire,no-satire
679d7a02-344a2e3d,satire,satire
f0b0a5c9-dd30d5ae,no-satire,no-satire
bc8b7781-67ef75f3,satire,satire
21672fbc-09b6fac9,no-satire,no-satire
8dec66df-e9b35ce1,no-satire,no-satire
ecc4f8c1-1fc3942b,no-satire,no-satire
7aff76d7-6e6411b0,satire,satire
97046427-21c42d5f,satire,satire
47cdef6d-8b477005,no-satire,no-satire
ac6bdb30-13fc79c2,satire,satire
5db2df48-2f1422a0,no-satire,no-satire
f055a994-08e89b43,no-satire,no-satire
78e2bba9-0a4160fc,no-satire,no-satire
f94ad52f-b9787fd7,no-satire,no-satire
e496d409-684f30c1,satire,satire
1d537d3b-1c8661bb,satire,satire
edd432d1-d71c17c9,no-satire,no-satire
c971606c-52b5ff83,no-satire,no-satire
6d654d32-2553062c,satire,satire
b7854ff1-09cdd11a,no-satire,no-satire
b2058fec-07dadcfa,no-satire,no-satire
2363db5c-87e28ac7,satire,satire
4e92227d-fb61b5ed,no-satire,no-satire
7f1809ee-764a92ec,no-satire,no-satire
cb268b99-6cdefda1,no-satire,no-satire
c0b0973e-9979408e,no-satire,no-satire
e44346cd-2a860df7,no-satire,no-satire
9cd32116-0a8fb4e7,no-satire,no-satire
4db7b9ee-299d464f,no-satire,no-satire
99fee719-d10086bf,satire,satire
b56abb93-6f3cde09,satire,satire
1789f34e-c06dad2a,satire,satire
a30e7950-416fad4d,satire,satire
1e974256-0c35791b,satire,satire
a39d2cd7-6eb43dac,no-satire,no-satire
649bdf38-8283a421,no-satire,no-satire
0b5c4b33-b403163f,no-satire,no-satire
60b99b6e-d3f43e75,no-satire,no-satire
dfa1572e-314967f4,satire,satire
2247c43b-56119581,no-satire,no-satire
c873f7d2-46fcc1c9,satire,satire
a1fb7f1b-f788aec5,satire,satire
69e61915-5f1d18cc,no-satire,no-satire
95eb5880-dbbf3cbd,no-satire,no-satire
c42bc1c0-0a705142,no-satire,no-satire
89008e39-df8512c0,satire,satire
c6dba4c6-5e950f48,satire,satire
b81eb816-a0dd1cb8,satire,satire
9bacb64c-f71d2a2e,no-satire,no-satire
c907ebdf-451f98cd,satire,satire
52d596b0-63b59661,satire,satire
1e4f18ca-b7d0750d,no-satire,no-satire
c83c67ac-2a87de07,no-satire,no-satire
e8f78f83-22a21b08,satire,satire
679f41c4-4d7260e5,satire,satire
b65b3e50-d3900256,satire,satire
5e6d9a63-465ca434,no-satire,no-satire
8c50a992-75b50007,satire,satire
7741950f-fcbb474d,satire,satire
feb97116-428913fa,no-satire,no-satire
f3c44cb9-08190f66,satire,satire
7b092f1c-a647f782,no-satire,no-satire
60e50f3c-0e8bb609,satire,satire
7e573f9e-3a624dc0,no-satire,no-satire
fa9bca0b-6e75d173,satire,satire
7f397a5f-42c25a2f,no-satire,no-satire
cf6446a1-54fc47d1,no-satire,no-satire
58b8907b-742c418c,satire,satire
d1b99fff-c0b45451,satire,satire
0eeeb8f7-6649e8bd,no-satire,no-satire
ef9087fd-bf5145a9,satire,satire
6761b762-bb1aeccf,satire,satire
e1e4a6cb-9c40907c,no-satire,no-satire
5f890697-df9bab11,no-satire,no-satire
8cbe1e47-f0d42713,satire,satire
91e14517-7aa16b36,satire,satire
95d20b76-8b18d9dd,no-satire,no-satire
a4378506-212ce7ee,satire,satire
393f3696-f3213147,no-satire,no-satire
6e57a193-2384eccb,no-satire,no-satire
354daa8c-8e2c1e93,no-satire,no-satire
bc72d8f1-ce24dbe0,no-satire,no-satire
fcf67027-52f1f8f2,no-satire,no-satire
0ff6ac99-6213593e,satire,satire
66907d83-8bfa7cb4,no-satire,no-satire
1a2905b8-7888a38b,satire,satire
fce92a38-3adeadcb,no-satire,no-satire
988cec7d-91bcf638,satire,satire
e3649316-3d87b13e,no-satire,no-satire
c4ba7a12-a66735aa,no-satire,no-satire
1aee5833-f06ac24f,satire,satire
af4dff49-6656cba8,no-satire,no-satire
5b64ba47-518dfa1e,no-satire,no-satire
3c582770-eaaa2100,satire,satire
f0bbbe14-850bacfb,satire,satire
ffc38166-863fd8ee,satire,satire
028330d5-14cb9e8e,no-satire,no-satire
f86de517-8b22706d,satire,satire
e92e5553-9c487de6,satire,satire
5e583b31-06748836,satire,satire
9a00b90c-6924e819,satire,satire
e39c794a-4727def5,no-satire,no-satire
d61bbfe9-547bc5f4,no-satire,no-satire
9978da24-1349262b,satire,satire
e8082d54-63ea8d2b,no-satire,no-satire
8b69f9a1-3a9b176c,satire,satire
8c56fb7c-a67a33bb,no-satire,no-satire
aa822ac8-ed0d7b03,no-satire,no-satire
75f665b0-4668d26d,satire,satire
8c92bddf-6a6f835f,satire,satire
5bac916b-6108eaff,satire,satire
d3ca5bd8-7d596dc3,satire,satire
fa4bfec1-71375e4f,satire,satire
18c5e861-0af81aec,no-satire,no-satire
13562880-ec787886,no-satire,no-satire
59d028f9-4f883756,no-satire,no-satire
0b8f7f83-d3ed4187,no-satire,no-satire
3389ec75-9948ce35,satire,satire
ec85d500-ec0180e1,no-satire,no-satire
ceffe63d-b8bc78d6,satire,satire
578cfaad-ddd5504c,no-satire,no-satire
add1216b-1bb9856c,no-satire,no-satire
727db9d7-ff8f4852,satire,satire
dc09b8e4-90dae311,satire,satire
7fcca8a8-ca403118,satire,satire
2ceb870b-a922f7c6,no-satire,no-satire
157e0ad2-a11d857c,satire,satire
63014c74-5eef349a,no-satire,no-satire
9c481373-029ab249,satire,satire
97de8908-39b4a0db,satire,satire
8ce9bbf6-9af693ca,no-satire,no-satire
648c7830-8ae58393,satire,satire
597eb9a7-23f4e976,satire,satire
9edceb5a-2cc0d564,satire,satire
df5bcd58-ccab8452,satire,satire
8bc6ebf6-6409ce2e,satire,satire
0b04c6dc-c8e20476,no-satire,no-satire
12092e1d-b1f77779,no-satire,no-satire
17421349-865e5f1d,satire,satire
9d1a39f7-73ada8f4,satire,satire
c4f29b20-736217f5,no-satire,no-satire
c6fea379-cbc8ba15,satire,satire
9afa691a-551f1be6,satire,satire
e8ccd0a9-e687cc47,no-satire,no-satire
fcfefb48-ffb0ed00,satire,satire
7f21e29b-0dd5060d,satire,satire
8956d159-c6763549,no-satire,no-satire
4fc657d9-61f0c5fb,no-satire,no-satire
a0c3533b-cbab744e,satire,satire
f3b7346b-e7d3a711,satire,satire
ecdebdaf-359012a2,no-satire,no-satire
1c00b9c0-eaf48149,no-satire,no-satire
a98ffec3-01f23f0a,satire,satire
93062360-2f8feb72,no-satire,no-satire
5b030724-3758156c,satire,satire
8923ee67-36232237,no-satire,no-satire
174d06a2-f82c70a3,no-satire,no-satire
8a086641-69595e2f,no-satire,no-satire
c7b91f85-8df7fbd7,satire,satire
736d748d-7b661065,no-satire,no-satire
ff83a68f-e2e803f6,satire,satire
d8dfff60-526ec203,satire,satire
58e32a0d-0a8aae0e,satire,satire
c68c55d4-ffb388b2,no-satire,no-satire
fb9b6ea2-50c63309,satire,satire
625d895f-beed7e00,satire,satire
9aee03e8-5323b493,no-satire,no-satire
f2569611-1a07a160,no-satire,no-satire
5c4e5c37-71a91431,no-satire,no-satire
814e7c9a-bbba1b19,no-satire,no-satire
e3ab67ae-39f63492,no-satire,no-satire
68ac47ec-da4c81fb,satire,satire
c9189dda-30c8eaa1,no-satire,no-satire
87cdce3a-dde4e705,no-satire,no-satire
495838ed-5f6482cd,satire,satire
af897bc7-069e8bb5,no-satire,no-satire
01bf3d15-55383592,satire,satire
2bbc7c62-7025f301,satire,satire
257469b4-43db4735,no-satire,no-satire
efcabc71-f282194d,no-satire,no-satire
59aad13e-73809a59,satire,satire
3217fdec-dd123da0,satire,satire
9ac61fa5-3896622e,satire,satire
5fdd6f7b-867880b5,satire,satire
5cc92519-1d990b4a,no-satire,no-satire
69a390a8-cbd6889b,satire,satire
0b565236-3a971b8b,no-satire,no-satire
762fbe64-393fc9ce,satire,satire
0a8c66a3-1ed6d337,satire,satire
acb07a61-369474ee,no-satire,no-satire
0f03a008-eff4b2d5,satire,satire
caaed600-7e534223,no-satire,no-satire
8229d23c-4936619b,no-satire,no-satire
f494f58d-6b42bd5f,no-satire,no-satire
8119e8e9-e44dd128,satire,satire
945fd845-d057fec5,satire,satire
30ef7f38-58d196ae,satire,satire
30486c94-9fbfc5e3,no-satire,no-satire
270fc1e5-76ddfd3b,satire,satire
ae2ee05b-f847c567,satire,satire
6f0a679d-c8c37a57,no-satire,no-satire
6459ff34-deeeeb03,no-satire,no-satire
9d12a2c4-d1c235a3,no-satire,no-satire
d3fc00de-a10cc631,satire,satire
03a1643b-f22f9dc9,no-satire,no-satire
61992a36-924fe854,satire,satire
6d36566f-7a0e8b60,satire,satire
3b4e66b4-9f12cb3c,no-satire,no-satire
75ae6e57-182208eb,satire,satire
084a45a3-ff307b1a,no-satire,no-satire
9b1058ea-560957c3,no-satire,no-satire
3614be29-b60d8989,satire,satire
67e0d2b6-6cc7148b,no-satire,no-satire
ae4ae59b-57138fc2,satire,satire
71caaf69-3a3e3a3b,no-satire,no-satire
e69b348d-7279fb9b,satire,satire
c9242807-95d28b49,no-satire,no-satire
5b79dbe0-f555dee3,no-satire,no-satire
671c3634-1ae0fa1a,satire,satire
9780eff4-e06c3526,no-satire,no-satire
fe0ad99a-a62fc89d,no-satire,no-satire
71c8960c-6f1d7880,satire,satire
0366cd84-f7138323,satire,satire
7ca3f800-4bc77397,no-satire,no-satire
04371e38-4f57624c,no-satire,no-satire
918f8c66-9669012b,satire,satire
cd125887-470c98c9,satire,satire
49f47bed-a6c6c006,no-satire,no-satire
43b7f0e7-26060079,satire,satire
4d60630d-48805155,satire,satire
64c4629e-8da96cea,no-satire,no-satire
0b2770aa-9fa68153,no-satire,no-satire
1ae5628e-a744b237,satire,satire
5e1df5ff-e0b6d932,satire,satire
cbb233b4-a120fb21,no-satire,no-satire
e27858bb-9bde0f9e,no-satire,no-satire
0aa18a71-14189536,no-satire,no-satire
042b3dc6-2afd86e8,satire,satire
bedd9b5a-bfc8cbd1,no-satire,no-satire
52744834-2741c602,satire,satire
d27ced05-0be1f023,satire,satire
bcb26864-afc34698,no-satire,no-satire
5429db6b-d6a147ca,no-satire,no-satire
a3c1dec5-d2882b4e,no-satire,no-satire
e632350f-b2fff0aa,no-satire,no-satire
365badd7-37e68ca3,satire,satire
4ad7346d-1da586f1,no-satire,no-satire
2d93622e-2b3f7ee1,satire,satire
ce432f2f-1f4c4ecb,satire,satire
b8de06af-4dc558cd,satire,satire
95f55719-1ac7cc8f,satire,satire
7f840fb0-144204c6,no-satire,no-satire
754c06a6-33a7cb3e,satire,satire
2a602f31-d7a3a833,no-satire,no-satire
fed8ab1d-9ee8233c,no-satire,no-satire
354ded9d-5509f609,no-satire,no-satire
7ace8bae-698685c0,satire,satire
453cb866-9fec1646,satire,satire
1a4f4bc4-732872df,satire,satire
828ee12f-3a8ec1a0,no-satire,no-satire
6b8a2ac6-dcfa0c15,satire,satire
b53c67cb-88d980a7,no-satire,no-satire
149afd1c-a7a8670a,satire,satire
9bef6c1c-838612d0,no-satire,no-satire
ba6994fa-2d0945ae,no-satire,no-satire
7566d35c-2be4bc48,no-satire,no-satire
4f555311-d5d553e8,satire,satire
eb4c49ba-c51ddbf2,no-satire,no-satire
532ce385-bbaed342,satire,satire
e63cf3e8-5f5730c1,no-satire,no-satire
eb9f8938-ad5eef4c,no-satire,no-satire
7053206c-7a34e427,satire,satire
dad4e7ad-20d2440a,no-satire,no-satire
503d05d4-2f1d70f5,satire,satire
3809938c-0b224776,no-satire,no-satire
5ffdb612-304555d6,satire,satire
1f2952fc-5e32cefa,satire,satire
fcd6a5bc-1e550a19,no-satire,no-satire
b350fb70-02d8d13b,no-satire,no-satire
532e081e-47c7d118,no-satire,no-satire
59608a07-f22068e9,satire,satire
2ae3d296-e9bfab99,no-satire,no-satire
e0299d49-32309c46,no-satire,no-satire
857c0e82-d5749857,satire,satire
c4298687-9c1a38a3,no-satire,no-satire
ebbd962b-024206eb,no-satire,no-satire
82c561fb-68d053c8,no-satire,no-satire
70b5b59c-54cbdb68,satire,satire
54f64a91-00e4e4b7,satire,satire
942235ec-ba7eece8,satire,satire
35894c6a-c46f43d6,satire,satire
439558a3-421276cf,satire,satire
4dcb8fc6-90e13ff2,satire,satire
e12fafb0-b6482ed1,satire,satire
09caf974-edb9bec7,no-satire,no-satire
452ba503-f5979eaa,no-satire,no-satire
a2c84346-632cf67d,satire,satire
aa522527-0cd5fc1e,no-satire,no-satire
92908209-9b9cc76a,satire,satire
c15d3508-a42ca7da,satire,satire
08c56fed-ca972d9b,satire,satire
1bb4e1b4-55e8c945,satire,satire
39968ec4-42ff20f1,no-satire,no-satire
c45957f2-9cbcb87b,no-satire,no-satire
dd66d45a-88ab848a,satire,satire
8f7468d6-5a9cae0c,satire,satire
f744b815-91271c53,no-satire,no-satire
d9577fed-506b3675,satire,satire
3f9f0bc5-85d90991,no-satire,no-satire
152a749f-4aa9047e,satire,satire
52d0d3a2-c25726e7,satire,satire
6c1af449-7d18eac5,satire,satire
c38e0ad9-7ee5ef66,no-satire,no-satire
a6f2ee49-0991b8d1,satire,satire
fb9fa8f7-75bb85cd,satire,satire
20a8323f-feccbe42,satire,satire
0766b643-2fbbe9e7,no-satire,no-satire
cc2e2dc2-b166d6a6,no-satire,no-satire
d9cc35d3-785d4655,no-satire,no-satire
705a8ab0-16626536,satire,satire
c6c5c439-7cce5279,satire,satire
95b40985-1f26dd85,satire,satire
63eeae7e-129ec47e,satire,satire
579eb396-e90c82b9,no-satire,no-satire
82105ac5-84c56c7c,no-satire,no-satire
51832b1a-560b57f8,no-satire,no-satire
ea611f21-842a9a69,satire,satire
87d3af36-06f71b9e,no-satire,no-satire
26461260-c78a43d4,satire,satire
f72e79fc-f53b3f41,satire,satire
7074f757-c3791563,satire,satire
f8ebab76-370503e6,satire,satire
75bd1736-d357ee65,satire,satire
58509018-9cd2d8ab,no-satire,no-satire
9b9e6899-c3e0cb02,no-satire,no-satire
8467bc2b-e04fd5a8,no-satire,no-satire
7f0c4bdf-f203dad0,satire,satire
7a5f7938-e0f91ef0,no-satire,no-satire
dcadc938-06417670,satire,satire
ef7854fa-2ab77ee6,satire,satire
99144acc-f3656224,no-satire,no-satire
0121caef-0fca66f4,satire,satire
c0f55d2a-b69dd0a4,satire,satire
dfc12b7c-ba38edcc,satire,satire
c14d621f-b79c5563,no-satire,no-satire
e0be2633-f6bc3cb2,no-satire,no-satire
ca86b372-be2e2882,satire,satire
26452cd6-f2ee69a1,satire,satire
76feac40-ea02b6d2,no-satire,no-satire
ff754ca4-d840923f,satire,satire
9d971516-b515f02e,no-satire,no-satire
f461d581-494ea3ac,satire,satire
1d648311-cad84cd5,no-satire,no-satire
7570e1b2-f5e72663,no-satire,no-satire
bae25921-504e52f6,satire,satire
a7ce724c-8f921847,no-satire,no-satire
0528dd66-788f8664,satire,satire
87f40b36-21377655,satire,satire
ce2463c7-2bcaf85a,no-satire,no-satire
2c06c6be-d05eb59f,no-satire,no-satire
c7957372-eda5face,no-satire,no-satire
18628d62-43006b26,satire,satire
52c248e7-208f020a,no-satire,no-satire
bf535e30-57862e3e,no-satire,no-satire
778d0638-4773b645,no-satire,no-satire
a1177ea5-b52456d2,no-satire,no-satire
6ae18ff5-d00745aa,no-satire,no-satire
6467a1c8-56fb24ff,no-satire,no-satire
f41e9d87-c57fe3a4,no-satire,no-satire
277000f5-98ac9f66,satire,satire
2c0e5312-9e38eae9,no-satire,no-satire
2db7f2ac-403bcfa4,satire,satire
cf66e55a-87e8c597,satire,satire
e9a5a61d-36218801,satire,satire
ba8ebecc-a0a6c028,satire,satire
0f193a35-b05f7553,satire,satire
3f66cd71-67a83269,satire,satire
e6f690ae-ca6aa171,no-satire,no-satire
c61570a6-d8c98d3a,satire,satire
c55999d7-9e798291,no-satire,no-satire
7dce5497-d4d884f9,no-satire,no-satire
7f13f7b8-4c0ebf6d,satire,satire
c663a97a-cfb0143a,satire,satire
1a7e2952-d3219e9b,no-satire,no-satire
449f187b-97c0ea70,satire,satire
96755e4f-f32468b5,no-satire,no-satire
dbdbe01b-a3ae42a4,no-satire,no-satire
7e1a254c-de927fb0,satire,satire
508e7606-4ba37f4a,satire,satire
a4ff7ffc-4abe476f,no-satire,no-satire
3b82d21c-bbc5d3e9,no-satire,no-satire
b8382cf8-591a973a,no-satire,no-satire
fedcf696-6300b268,no-satire,no-satire
e34acb38-82b8a154,satire,satire
1245b309-270b0fbd,no-satire,no-satire
74948d52-f2e82f64,no-satire,no-satire
0ea93e18-5e254b74,satire,satire
15a10bcd-0b0ed94e,no-satire,no-satire
d8065b40-60f708e9,no-satire,no-satire
b5a69c45-7eaa0331,no-satire,no-satire
c98286da-f6d28f3c,satire,satire
42422b39-853ce2e0,no-satire,no-satire
1c25fdee-3d2705d3,no-satire,no-satire
07cc0f41-88f222d6,no-satire,no-satire
f87db85d-70957b0c,satire,satire
b6259f74-2a097b2b,satire,satire
25bac683-16901456,no-satire,no-satire
17fbce62-2c4b45ee,satire,satire
c7c18d70-f118efe1,no-satire,no-satire
abbf745b-085e0e35,no-satire,no-satire
2604d477-55b68095,no-satire,no-satire
e85f0c86-30e83e37,no-satire,no-satire
2779598f-c2f6f7b2,no-satire,no-satire
7345a7f9-1bd9bf4f,satire,satire
afdf0bda-0f5571fd,no-satire,no-satire
d996d141-780591a0,satire,satire
21312c14-1700242d,no-satire,no-satire
e42e4fa0-07055a6d,satire,satire
a9475572-24717842,no-satire,no-satire
736d6c1b-8850f0ef,no-satire,no-satire
7690c51d-c49dba29,satire,satire
36d42bab-2dea28d3,no-satire,no-satire
dacd712b-7d01837a,satire,satire
7328bd37-7cb0da3b,no-satire,no-satire
928c8c66-89b61574,satire,satire
484d2cfe-779a4e88,no-satire,no-satire
5bfa0171-278fc24a,satire,satire
ecf3cd69-e63f3856,no-satire,no-satire
78b9adee-9e6397bd,satire,satire
f28034d4-ad28f724,satire,satire
2cfc3948-43c38985,satire,satire
ffc709c3-11bb5597,satire,satire
aa5718dc-b66e88e1,satire,satire
d75a970d-d314f33a,no-satire,no-satire
0915ab1d-24cc72fc,no-satire,no-satire
9015ac2b-a8145e89,no-satire,no-satire
f20f1755-4ea21be7,no-satire,no-satire
63e21cfa-4b1fc578,no-satire,no-satire
f6eb1c3b-1fe0eead,no-satire,no-satire
339d834d-f9f5aff9,no-satire,no-satire
b5f5d726-ea0c2f02,satire,satire
4d9ca28d-1320d2cb,satire,satire
b6924099-42a92657,no-satire,no-satire
22b86ab0-32fc980a,no-satire,no-satire
ce1e5877-19a11f24,satire,satire
fbbaeb4e-7efe5eaa,no-satire,no-satire
580dcc62-a446c756,satire,satire
f0f19ed2-1ffb3d0f,no-satire,no-satire
8400b8f4-624ebe48,satire,satire
ee14b46b-e9d9bd56,no-satire,no-satire
0d497936-f5599f9d,no-satire,no-satire
08e058b2-4068b636,satire,satire
0fd7a345-ff41f98b,no-satire,no-satire
fedc7190-a04a13ca,no-satire,no-satire
ea751439-0405d539,satire,satire
fbb45aa4-2e92bd3c,satire,satire
8b9b2472-c350001d,no-satire,no-satire
93489767-8384debe,satire,satire
c813e475-a2d13c94,satire,satire
335ad2ca-7e975f13,no-satire,no-satire
489a3625-b6efe451,no-satire,no-satire
e7cf5f2d-e240b962,no-satire,no-satire
95d61ab6-83b08477,no-satire,no-satire
679c0e62-a0f8934c,satire,satire
ce52e509-1436e8b7,no-satire,no-satire
66312ab9-54a5e42c,no-satire,no-satire
06464939-c6c58aa2,no-satire,no-satire
ab124016-323c5776,satire,satire
2954bce1-d72ff686,no-satire,no-satire
e58152a1-9e5c793f,no-satire,no-satire
5304c25e-02a9e154,satire,satire
cc1c553a-cf792a25,satire,satire
278e58ae-e84a4cb3,no-satire,no-satire
5a09c211-1a60f1bd,satire,satire
de1cd99e-965cbf2a,satire,satire
02ee8262-54feaad5,no-satire,no-satire
849891ad-3795ed32,no-satire,no-satire
debc30ad-75081d95,no-satire,no-satire
f8b87f20-7824e739,no-satire,no-satire
353cfd7a-f346a8e3,no-satire,no-satire
4eafb8d1-a2fc8bef,no-satire,no-satire
7377470c-cf25501d,no-satire,no-satire
bde88e31-88431c5a,no-satire,no-satire
5cc5c02b-c8af5a1c,no-satire,no-satire
a42a81b6-7f0362e6,satire,satire
315951e9-b929e72c,no-satire,no-satire
fce26246-80617200,satire,satire
9ead01d8-24217561,satire,satire
38827900-eeed11aa,satire,satire
fdbc26b9-80924dd0,no-satire,no-satire
4c8ad2e3-68274a60,satire,satire
06e7c526-4ae0d042,no-satire,no-satire
16e0cf5a-64677fd5,satire,satire
0c10bc56-fd38437a,satire,satire
795a1fb1-f2ab05f0,no-satire,no-satire
b28c0092-52a1a0e4,no-satire,no-satire
6123b1f4-4050b9ef,no-satire,no-satire
74119953-411729bb,no-satire,no-satire
b62e131f-4d783fcd,no-satire,no-satire
6dcf2c18-c461d0ca,satire,satire
226825b7-3ef5a02c,satire,satire
4149be84-326433ab,no-satire,no-satire
2f3336b1-a740a86d,satire,satire
2cbcbcd4-ed8fa050,satire,satire
4ea32e6d-f5eae3c0,satire,satire
e96e97c8-4efc85d6,satire,satire
afa4601a-0c7fbc28,no-satire,no-satire
f4b0ecb7-7583c99a,no-satire,no-satire
c317a870-231338cf,no-satire,no-satire
19a6252a-b49d9278,no-satire,no-satire
c292aa97-0d0cf94f,satire,satire
8b94bea6-7254fc17,satire,satire
b4f4fb38-b91dd1c5,no-satire,no-satire
0ef4d26e-03e070c4,satire,satire
2266a727-bc944b51,no-satire,no-satire
ae6b3cf8-6a2867f1,satire,satire
15fb95a4-7beffc8f,no-satire,no-satire
def9d20f-650e5359,satire,satire
92808591-035acd01,satire,satire
8ec749b7-6bbb8a3e,satire,satire
153a177d-48acd65c,no-satire,no-satire
7779cd37-7681de46,no-satire,no-satire
cff6f60e-600c0dc7,satire,satire
0b3ca1b9-dfe34e30,no-satire,no-satire
03089f9d-ed9f24b0,satire,satire
e1975a13-38c9fb02,no-satire,no-satire
0ea1c028-55d6f559,satire,satire
132b9c11-1da7948f,satire,satire
8e02393a-faa51ee6,satire,satire
f8ec5875-254ae405,no-satire,no-satire
2a6f653d-90cc594d,satire,satire
7f3970ef-370e4d8a,no-satire,no-satire
98d47301-7432aa2b,no-satire,no-satire
5488576c-7d27809a,no-satire,no-satire
8a45344d-9b501d2b,no-satire,no-satire
b7b2c958-5c0c8b1d,satire,satire
fb82affd-18c981aa,no-satire,no-satire
17e90fbc-e256244e,no-satire,no-satire
df79235c-ac93f954,no-satire,no-satire
8c2cac45-8a12ad00,satire,satire
51b7a116-e4e58665,satire,satire
e021c9cf-83e997a0,no-satire,no-satire
ac67c169-359ba9a0,satire,satire
7e4433fd-1e3ba671,satire,satire
5f012881-94484945,no-satire,no-satire
b62c1534-1af97759,no-satire,no-satire
14fc8ed0-e62049c2,satire,satire
4fe8f9ab-e7871dfd,no-satire,no-satire
16069624-bd8b8e5b,no-satire,no-satire
7d85df55-e6da91bd,no-satire,no-satire
93e01031-6844586d,no-satire,no-satire
e30a2e38-127e9fe1,satire,satire
d870c49e-c6671248,no-satire,no-satire
e53fa8f9-29c7acec,satire,satire
10e712ea-4413bfcd,satire,satire
b6928309-724e1095,satire,satire
f511ce8b-d0f42921,satire,satire
a3ece38b-3c59e556,satire,satire
1385cc5f-9ac97c45,satire,satire
ff8c208c-6f8147bf,no-satire,no-satire
c47be26e-aa266a95,no-satire,no-satire
b73535e4-882d8d35,no-satire,no-satire
468699f7-66f4f932,no-satire,no-satire
d08a467b-f586d9a6,satire,satire
eb511310-4c4f4964,satire,satire
1db4a440-e632b226,satire,satire
c5b5daf3-a46e6d7f,satire,satire
648922da-47e2438c,satire,satire
4657b10e-159e8f1a,no-satire,no-satire
ca581409-5d2575c7,no-satire,no-satire
23d28c2e-e0f9d86b,no-satire,no-satire
8dbf541f-022869cc,no-satire,no-satire
39b6261f-11a01bd0,no-satire,no-satire
b926757b-318522de,no-satire,no-satire
138cac7e-b0c4d1c0,satire,satire
bfc90f03-c9801537,satire,satire
fae608b8-02178a89,no-satire,no-satire
a99ecc1e-c23e0503,no-satire,no-satire
2e5836c5-d912d9e7,satire,satire
80875974-0a4b2dea,satire,satire
97d28912-dfbabf26,no-satire,no-satire
7fb9c7dd-b84c9e84,no-satire,no-satire
5e23bba9-fe5aaea8,no-satire,no-satire
0d0b72d6-c4bebe3f,no-satire,no-satire
88f1942c-59d297f4,no-satire,no-satire
e2488b8e-4f61a13c,no-satire,no-satire
3a14a04a-56ccc375,satire,satire
03680fa8-97411b73,no-satire,no-satire
97ed7caa-b9ebaa9f,no-satire,no-satire
21e86459-5a6201ab,satire,satire
4178dcf4-2df6aa60,satire,satire
1b8a2bc0-42895bc8,satire,satire
d8c1df0f-9278e5f0,satire,satire
16be5a7d-dc476a94,no-satire,no-satire
8a9eda1f-b34f699c,no-satire,no-satire
e74b40c5-5693996e,satire,satire
721b075f-3eea27a6,satire,satire
389455d1-f9f27439,no-satire,no-satire
b59e3b8c-6bda08f9,satire,satire
f477c170-0efe9419,satire,satire
30491ab4-5f1f9ad9,no-satire,no-satire
ef4e827c-403fd240,no-satire,no-satire
54841a46-cac61c37,satire,satire
611cc4e4-25bee75d,satire,satire
ac2bfd0b-26414695,satire,satire
5b3c9a8c-d7738c0d,no-satire,no-satire
ab61ebbb-7785a623,satire,satire
dc837512-c6c451c6,no-satire,no-satire
4f53c45c-7904c9bc,no-satire,no-satire
cde0c1e0-0f6d8abe,no-satire,no-satire
71c91fae-65a85459,satire,satire
722a4125-fc2a73cf,satire,satire
94883f52-294c1964,no-satire,no-satire
506a36eb-132e2015,satire,satire
be95fef1-7aff577b,satire,satire
6be0c3f5-4a7f7f45,no-satire,no-satire
093718bb-e9e6e581,satire,satire
34d74f85-2233469e,no-satire,no-satire
ef75c313-bcd085b1,no-satire,no-satire
15781b75-b83c5bcc,no-satire,no-satire
3f912bf4-0bcba97e,satire,satire
9eda6dcc-e33b2731,satire,satire
809600dc-b9d7a3ae,satire,satire
f048e503-602e3c25,no-satire,no-satire
ccdbff2a-c7b6d1af,no-satire,no-satire
44be792a-e38a7b51,satire,satire
b2e40cd2-cdef0f21,no-satire,no-satire
709e6d2f-1ce152ee,satire,satire
39d41c6a-c3a9f6d5,no-satire,no-satire
5131efc0-9dc6023d,no-satire,no-satire
588a7b1c-e915e0bd,satire,satire
c1f3f6ee-2cca24fe,satire,satire
f5ce599f-a8d1a493,no-satire,no-satire
4cb76fd6-7c170f7e,satire,satire
19dd75b2-94513f0d,no-satire,no-satire
fc447829-9569e06d,no-satire,no-satire
e40a86f7-6287c030,satire,satire
c0e7f539-bfc20d80,satire,satire
b2ae996b-d731451d,no-satire,no-satire
b7cd8142-f33c732f,no-satire,no-satire
b911ef38-f611d475,satire,satire
820c9ac8-12f2ff33,satire,satire
93a4537c-0f7d1c9e,satire,satire
b985af30-c8e20917,satire,satire
ff766c3b-1d1f6e67,satire,satire
93e2f53a-7ea2a9b2,satire,satire
b6cfb469-79892dfd,no-satire,no-satire
7b8593fa-aa345f7a,satire,satire
34206e71-93272ed1,satire,satire
c736ee48-33d0cc3f,no-satire,no-satire
9c813aa1-e6aa3208,no-satire,no-satire
ff0d577c-921c665b,no-satire,no-satire
8229e011-748f1e40,satire,satire
c4c80011-13cabe85,no-satire,no-satire
4776d457-e2b03276,no-satire,no-satire
bec79542-0de2838d,no-satire,no-satire
c131d0f8-e72cefe7,no-satire,no-satire
c43591ef-b76b6e6d,no-satire,no-satire
35736fdc-a9ce6b90,no-satire,no-satire
67355b86-646c18f4,satire,satire
3e943113-4472fe19,no-satire,no-satire
431e56cb-0a08fb88,no-satire,no-satire
5e8c19b8-0c0c92d7,no-satire,no-satire
bec87a7f-3823939f,no-satire,no-satire
24b59f54-f6c401b1,satire,satire
2cb4dede-c07c2bab,satire,satire
ba6f2521-fe181026,satire,satire
dce947d8-efe3b47e,satire,satire
bb55c309-9f6cf90b,no-satire,no-satire
df7c1f89-77dec12b,no-satire,no-satire
1d91173d-90ce9648,satire,satire
b3e3b4f0-1f2262c9,no-satire,no-satire
7fd84e6b-31e51227,no-satire,no-satire
6ee8af06-b612471b,satire,satire
4f9831f0-0b7da373,satire,satire
d5237d65-9d248808,satire,satire
db3a486d-161963c1,no-satire,no-satire
1385a776-628331ce,no-satire,no-satire
1ed91c55-f6431071,no-satire,no-satire
5e7aa97a-1b3c7897,satire,satire
ccb65a16-ceb3ae73,no-satire,no-satire
a453b7fe-e1a5ae4c,no-satire,no-satire
998262a7-76f0c3a7,no-satire,no-satire
2e5f3f09-e2e0d8d0,satire,satire
f4ab7977-231fe00d,satire,satire
fac50740-66c4b60a,no-satire,no-satire
54cb30b1-d28704c2,no-satire,no-satire
1311ce36-d83f006d,satire,satire
f8658e1c-885dc2b9,satire,satire
35556918-30ae23a9,satire,satire
8c0c9ae2-04ed2bcf,satire,satire
af720bcf-63f51e01,no-satire,no-satire
8f07e29a-c9f2f03d,satire,satire
5ea86a42-3e9e39e8,no-satire,no-satire
d29b906c-01b5af87,satire,satire
e31832ce-f51f0dfc,satire,satire
2db55f1f-cb2b6ff9,satire,satire
03740ea1-b74fca02,no-satire,no-satire
3b6ed7f5-aaa443ef,satire,satire
46997de9-47be193c,no-satire,no-satire
f1282f8b-f667d8da,no-satire,no-satire
10f687bb-f4f20a09,no-satire,no-satire
d01d3b7b-2b3d7e73,satire,satire
c600ff7f-c6de84b2,no-satire,no-satire
0da1f8fa-0b07de26,no-satire,no-satire
3845d5d3-3b1aaac6,satire,satire
29b93501-b5b4572a,no-satire,no-satire
ee2e46d0-a8064980,no-satire,no-satire
9e37ab09-3cb867e2,satire,satire
cb537bd2-df265b30,satire,satire
8d6197fa-851cd2d1,no-satire,no-satire
e69060f8-2ddfa35d,no-satire,no-satire
7a8ff1b7-ab4933aa,satire,satire
920bcd43-f84e2d29,no-satire,no-satire
e4063d4a-751e1c21,no-satire,no-satire
a4ef5412-172b0b15,no-satire,no-satire
f3887019-052b8c0f,no-satire,no-satire
d3f39fcb-c4f6e891,satire,satire
101473b9-051e0a1c,no-satire,no-satire
5c0ccd47-da73154a,satire,satire
497698ef-6335326e,no-satire,no-satire
75e1cc61-39474596,satire,satire
591d556d-6e6f7544,satire,satire
a6a6d23f-4ce47c01,satire,satire
c6480020-c8393231,satire,satire
830baf65-634fb4dd,satire,satire
44b8f597-179e511e,no-satire,no-satire
0f8fcb8b-75de5648,no-satire,no-satire
73fac0a7-d5afe860,no-satire,no-satire
b2c91aca-fcdd4dff,no-satire,no-satire
004ffb2d-184c6a3e,no-satire,no-satire
f42b814d-3998b07b,no-satire,no-satire
219aa2f3-ee64eaf2,no-satire,no-satire
616cad18-5c43b088,no-satire,no-satire
324c2a90-b278ff6b,no-satire,no-satire
67cd5b1c-909e5842,satire,satire
8bba2a1a-b7f9894c,no-satire,no-satire
c3ff2ce1-0dc6de5d,no-satire,no-satire
fb374387-3c212b0c,no-satire,no-satire
36898914-473c3a4e,no-satire,no-satire
4b4a1f2d-dd8e07cc,satire,satire
e9d49e8c-cd42ebc8,satire,satire
f6d4fc72-c3349583,no-satire,no-satire
4cca5ba9-3ca31bea,no-satire,no-satire
f7bbc147-fbe3f8d1,no-satire,no-satire
3bfbfeee-16bc369a,no-satire,no-satire
e1850c29-5499de0b,satire,satire
6b3beab9-0540a2e5,no-satire,no-satire
78ee06e3-6e2d27cc,satire,satire
f3a41423-7ddbe190,satire,satire
d522a90b-a971decd,satire,satire
cc5315dd-1567d63f,satire,satire
579de630-7d2cc86f,no-satire,no-satire
5dc79919-49aa67b3,no-satire,no-satire
a68c9fd1-c30aaa0d,no-satire,no-satire
56781c66-c2731a55,satire,satire
90047a87-05926bef,satire,satire
30d9b65b-fd347995,satire,satire
317a806f-e5d77a3e,satire,satire
d690d12d-0790bd1f,satire,satire
5308b734-da0b34c6,no-satire,no-satire
e8294a31-626b0f7d,satire,satire
70ca3bd2-9f059d84,satire,satire
a985ee53-5e3cdf62,satire,satire
fc7f701e-2546bd3a,satire,satire
5994bb54-783d5984,no-satire,no-satire
64d96eb9-a5dff73e,no-satire,no-satire
e9c9a3f2-9c59e89b,no-satire,no-satire
f82bf3f7-629a7094,no-satire,no-satire
08dc8a70-8c830bab,no-satire,no-satire
dc662739-a1a865cd,no-satire,no-satire
9a0152c2-0ac3704b,satire,satire
30fb50ce-6ff2c59e,satire,satire
82a61659-2408a730,no-satire,no-satire
0d413963-b6fba5d2,satire,satire
0949f1a7-79b7f6b6,satire,satire
c0a6e820-e08fcd31,satire,satire
50cd47a8-6963ae78,satire,satire
b69f51cb-9f050048,satire,satire
88b8e65d-5d9281b5,no-satire,no-satire
11f0f9c6-ef043c54,no-satire,no-satire
2f196ee9-43f2af54,no-satire,no-satire
b06cf6eb-fe28d44e,no-satire,no-satire
a0edc657-1a58b927,no-satire,no-satire
e942661e-806f3a17,satire,satire
9cff07e6-38999dc6,no-satire,no-satire
2b6f9e30-ad15f1cd,satire,satire
6484f22b-9a989c1a,satire,satire
5ea78a89-4f126bf3,no-satire,no-satire
a2a6d278-6dbba6ad,no-satire,no-satire
c9fbef70-169fbda5,no-satire,no-satire
8b3aa61f-c7156a8c,satire,satire
b8643430-e5845a8e,satire,satire
2b5fe3ab-2a2ed3f9,satire,satire
3e001c5a-4b1e62db,no-satire,no-satire
82d6bc13-9ae268d4,no-satire,no-satire
8861e4e5-bab45afd,satire,satire
f121ef09-7e1cfaff,no-satire,no-satire
1842aa50-77ad164a,no-satire,no-satire
9918a334-76fcd406,no-satire,no-satire
1c1dfae6-693bf60e,satire,satire
889c622a-f6ae3083,satire,satire
89f5ee82-71506398,no-satire,no-satire
7a1e09ba-813abc3e,satire,satire
ac0c7053-1ff783cc,no-satire,no-satire
700ac1d8-79ef8517,no-satire,no-satire
9a459265-ab26e8f0,satire,satire
47119778-5388bfdc,satire,satire
f5bb5109-c0f3062d,satire,satire
17310dcb-02927fd9,satire,satire
2204334e-2c6f7133,satire,satire
e173aff2-bf684abc,satire,satire
f31ec1d3-b4a0f9fc,satire,satire
eaf67e3a-a45aef4c,satire,satire
b78f03f6-4f471315,satire,satire
e4b5f63e-b0907e19,no-satire,no-satire
0edfe15a-fac9b9a9,no-satire,no-satire
89ef4415-b85a1efe,satire,satire
c2a5fd2e-bb2e2b88,satire,satire
375df067-cc90821c,no-satire,no-satire
07507220-d7f94fe6,no-satire,no-satire
62146fb8-79ce1a50,no-satire,no-satire
2a5f9bbb-948a0798,satire,satire
db18412e-ae0e5c36,satire,satire
719413d0-502a871f,no-satire,no-satire
f084fe30-d1eb6deb,satire,satire
4dea4a61-d9812ba0,no-satire,no-satire
2611fb72-c9347958,satire,satire
a33502d3-731d5c2d,no-satire,no-satire
6cc8bbe3-59aed052,satire,satire
b1373891-33522ea4,no-satire,no-satire
3e0af63d-34d4739e,satire,satire
cdecd910-1a85b64e,no-satire,no-satire
1a1d2b49-e6f7b3b5,satire,satire
c0515b38-976265a8,no-satire,no-satire
3e133f40-ed359338,satire,satire
4745db51-b23a0682,no-satire,no-satire
3e418a5b-77f1fb21,satire,satire
1a355224-f66c2ace,no-satire,no-satire
2028d981-484c79ad,no-satire,no-satire
4e055ce6-7998e77a,satire,satire
a7f1f891-26230005,satire,satire
a55391aa-1f7bf47e,satire,satire
78086322-ee938143,satire,satire
88b7863e-8b07afab,satire,satire
d79f9e85-f35adb9b,satire,satire
66ccc014-819e11ce,no-satire,no-satire
ca1c9b8b-577e7708,satire,satire
e641d999-d3bff292,satire,satire
a6c264d5-8d3c99d4,no-satire,no-satire
4b9cf013-04f15087,satire,satire
00fa1680-cf4f0532,satire,satire
389582e5-20095459,satire,satire
bc78dbab-4bc902d2,satire,satire
2ae6ad21-c044b4cc,no-satire,no-satire
93fbd41f-2c3a4919,satire,satire
11601efd-8c360451,no-satire,no-satire
25489f2f-075932b8,no-satire,no-satire
05ac6aeb-bcde3474,no-satire,no-satire
4f9655cc-394f52fc,satire,satire
14319546-c46731a6,no-satire,no-satire
7c6d3e11-7ac5a8a1,no-satire,no-satire
512b4b75-ff78df42,satire,satire
1d0736e3-97bbd961,no-satire,no-satire
c0cc2634-375fd37d,satire,satire
d841a03e-2b07a8e7,no-satire,no-satire
b6abe59e-6aa59d2d,no-satire,no-satire
ec97bf55-3e33ec29,no-satire,no-satire
2d1850d3-d7095dc7,no-satire,no-satire
7c53a8b2-78589984,no-satire,no-satire
a8f70e8a-1e0a3cf8,satire,satire
4715d731-f14327e8,satire,satire
fbd171ef-98c93bd8,no-satire,no-satire
d87dd730-aa91cf45,no-satire,no-satire
aa3f5e46-4f8f4459,no-satire,no-satire
f053e144-c95faef4,satire,satire
4a1cb79e-97809c88,no-satire,no-satire
4700008e-f0a0094b,no-satire,no-satire
645279bb-b5c2125a,satire,satire
4d4739aa-c7a045d0,satire,satire
b629c21f-c9506e8f,no-satire,no-satire
d237fddc-0d6a2f5b,no-satire,no-satire
b4e831ad-e1350f92,satire,satire
0fffed0e-ef5a31de,no-satire,no-satire
fcaf8e71-79fc3680,satire,satire
661fe477-902f3940,satire,satire
b41958e4-ba992b37,no-satire,no-satire
0a5690d4-39e6f49e,no-satire,no-satire
160a653d-a11b6cf9,satire,satire
e76c8353-4f21e106,no-satire,no-satire
b2f4db1b-d877205c,no-satire,no-satire
006a4732-01c0e29f,satire,satire
900d3818-b0254e07,satire,satire
1f1a4d42-669adfa8,satire,satire
8fc4591d-789d2370,no-satire,no-satire
7ddafe8c-7431a5d5,satire,satire
ada13389-4891316a,satire,satire
4b6eefda-4304c7a7,no-satire,no-satire
3e46fc54-b58bcebd,no-satire,no-satire
9bb35c6c-3d094331,no-satire,no-satire
1b16fa51-f0ad3e91,no-satire,no-satire
9aba8101-2450c231,satire,satire
0db6ad43-acfc5db0,no-satire,no-satire
e61d9142-a264efb4,no-satire,no-satire
17a37497-42a87656,no-satire,no-satire
1e5bf26d-e8e1e2d9,satire,satire
8ca84db6-791e8d53,no-satire,no-satire
d29a48c7-87bc5cf2,satire,satire
098724a1-f83be1a8,satire,satire
ef5b3993-43f92855,satire,satire
aa352c05-532b33cc,satire,satire
ef0ad9ee-6b0e6586,no-satire,no-satire
6bfd19a8-c397b957,satire,satire
2fbb17fc-487e16d2,satire,satire
902ca5b8-c4a06c55,no-satire,no-satire
fc93153a-e03f2d94,no-satire,no-satire
7c2131b9-4ce4e531,satire,satire
3982793b-e3c0ec4a,no-satire,no-satire
f0442261-0348093a,satire,satire
64ea7bec-c46cfd71,no-satire,no-satire
59a76f7b-75cc8d14,no-satire,no-satire
6e6fc787-a59e99c4,satire,satire
