     Orden	Palabra	Frec.absoluta 	 Frec.normalizada 
1	de	9,999,518 	6554555
2	la	6,277,560 	4114859
3	que 	4,681,839 	3068885
4	el	4,569,652 	2995348
5	en	4,234,281 	2775516
6	y	4,180,279 	2740119
7	a	3,260,939 	2137503
8	los	2,618,657 	1716495
9	se	2,022,514 	1325731
10	del	1,857,225 	1217387
11	las	1,686,741 	1105637
12	un	1,659,827 	1087995
13	por	1,561,904 	1023807
14	con 	1,481,607 	971174
15	no	1,465,503 	960618
16	una 	1,347,603 	883336
17	su	1,103,617 	723406
18	para	1,062,152 	696226
19	es	1,019,669 	668379
20	al	  951,054	623403
21	lo	  866,955	568277
22	como 	  773,465	506996
23	más 	  661,696	433733
24	o	  542,284	355460
25	pero	  450,512	295304
26	sus 	  449,870	294884
27	le	  413,241	270874
28	ha	  380,339	249307
29	me 	  374,368	245393
30	si	  327,480	214658
31	sin	  298,383	195586
32	sobre	  289,704	189897
33	este	  285,461	187116
34	ya	  274,177	179719
35	entre	  267,493	175338
36	cuando 	  257,272	168638
37	todo	  247,340	162128
38	esta	  238,841	156557
39	ser	  232,924	152678
40	son 	  232,415	152345
41	dos 	  228,439	149738
42	también 	  227,411	149064
43	fue	  223,791	146692
44	había	  223,430	146455
45	era	  219,933	144163
46	muy 	  208,540	136695
47	años 	  203,027	133081
48	hasta	  202,935	133021
49	desde 	  198,647	130210
50	está	  194,168	127274
51	mi	  186,360	122156
52	porque 	  185,700	121723
53	qué 	  184,956	121236
54	sólo	  170,552	111794
55	han 	  169,718	111247
56	yo	  167,684	109914
57	hay 	  164,940	108116
58	vez	  163,538	107197
59	puede 	  161,219	105676
60	todos	  158,168	103677
61	así	  155,645	102023
62	nos 	  154,412	101215
63	ni	  153,451	100585
64	parte	  148,750	97503
65	tiene	  147,274	96536
66	él	  139,080	91165
67	uno 	  136,020	89159
68	donde 	  132,077	86574
69	bien	  130,957	85840
70	tiempo 	  130,896	85800
71	mismo  	  130,746	85702
72	ese 	  127,976	83886
73	ahora	  125,661	82369
74	cada 	  124,558	81646
75	e	  123,729	81102
76	vida	  123,491	80946
77	otro	  121,983	79958
78	después 	  121,746	79802
79	te	  120,052	78692
80	otros	  119,500	78330
81	aunque 	  115,556	75745
82	esa 	  115,377	75628
83	eso 	  114,523	75068
84	hace 	  114,507	75057
85	otra	  113,982	74713
86	gobierno	  113,011	74077
87	tan	  112,471	73723
88	durante	  112,020	73427
89	siempre 	  111,557	73124
90	día	  110,921	72707
91	tanto	  110,679	72548
92	ella	  110,620	72509
93	tres	  109,542	71803
94	sí	  108,631	71206
95	dijo	  108,471	71101
96	sido	  107,352	70367
97	gran	  106,991	70131
98	país	  104,568	68542
99	según 	  104,204	68304
100	menos  	  103,498	67841
101	mundo  	  101,745	66692
102	año 	  100,790	66066
103	antes	  100,761	66047
104	estado 	  100,757	66044
105	contra	  100,403	65812
106	sino	   98,145	64332
107	forma	   97,165	63690
108	caso 	   96,979	63568
109	nada 	   96,340	63149
110	hacer	   96,063	62968
111	general	   95,768	62774
112	estaba 	   93,607	61358
113	poco 	   92,205	60439
114	estos	   91,398	59910
115	presidente	   91,350	59878
116	mayor 	   90,166	59102
117	ante	   87,990	57676
118	unos 	   86,747	56861
119	les	   86,363	56609
120	algo	   85,999	56371
121	hacia	   85,122	55796
122	casa 	   85,064	55758
123	ellos	   84,636	55477
124	ayer	   84,310	55264
125	hecho 	   83,898	54994
126	primera	   83,428	54685
127	mucho  	   83,240	54562
128	mientras	   82,630	54162
129	además  	   82,576	54127
130	quien	   82,555	54113
131	momento  	   82,132	53836
132	millones	   81,999	53749
133	esto	   81,979	53736
134	españa 	   80,195	52566
135	hombre 	   80,152	52538
136	están	   79,844	52336
137	pues 	   79,642	52204
138	hoy 	   78,479	51441
139	lugar	   78,250	51291
140	madrid 	   77,837	51021
141	nacional	   77,541	50827
142	trabajo	   77,478	50785
143	otras	   77,428	50753
144	mejor	   77,315	50678
145	nuevo 	   77,262	50644
146	decir	   76,867	50385
147	algunos 	   76,107	49887
148	entonces 	   75,706	49624
149	todas	   75,517	49500
150	días	   75,144	49255
151	debe 	   74,229	48656
152	política	   73,464	48154
153	cómo 	   73,100	47916
154	casi	   72,965	47827
155	toda	   72,248	47357
156	tal	   71,419	46814
157	luego	   70,522	46226
158	pasado 	   70,484	46201
159	primer	   69,918	45830
160	medio 	   69,273	45407
161	va	   69,098	45292
162	estas	   69,071	45275
163	sea 	   68,921	45176
164	tenía	   67,093	43978
165	nunca 	   66,939	43877
166	poder	   66,900	43852
167	aquí	   66,821	43800
168	ver	   66,479	43576
169	veces 	   66,441	43551
170	embargo 	   66,116	43338
171	partido	   65,492	42929
172	personas 	   65,410	42875
173	grupo	   65,390	42862
174	cuenta 	   65,368	42847
175	pueden 	   63,889	41878
176	tienen	   63,652	41723
177	misma  	   63,462	41598
178	nueva 	   63,427	41575
179	cual	   62,309	40842
180	fueron	   62,220	40784
181	mujer	   61,936	40598
182	frente	   61,469	40292
183	josé	   61,080	40037
184	tras	   60,064	39371
185	cosas 	   59,580	39053
186	fin	   59,108	38744
187	ciudad	   59,049	38705
188	he	   58,965	38650
189	social	   58,484	38335
190	manera 	   58,134	38106
191	tener	   58,029	38037
192	sistema 	   57,810	37893
193	será	   57,808	37892
194	historia	   57,791	37881
195	muchos  	   57,523	37705
196	juan	   57,204	37496
197	tipo	   56,606	37104
198	cuatro	   56,570	37080
199	dentro	   56,565	37077
200	nuestro	   56,307	36908
201	punto	   56,259	36877
202	dice	   56,253	36873
203	ello	   55,768	36555
204	cualquier	   55,361	36288
205	noche 	   55,281	36235
206	aún 	   54,761	35895
207	agua 	   54,702	35856
208	parece 	   54,554	35759
209	haber	   54,150	35494
210	situación	   54,020	35409
211	fuera	   53,979	35382
212	bajo	   53,243	34900
213	grandes 	   52,362	34322
214	nuestra	   52,321	34295
215	ejemplo 	   51,803	33956
216	acuerdo 	   51,485	33747
217	habían	   50,397	33034
218	usted	   50,073	32822
219	estados 	   49,814	32652
220	hizo	   49,733	32599
221	nadie	   49,689	32570
222	países	   49,445	32410
223	horas	   49,389	32373
224	posible	   49,082	32172
225	tarde	   48,963	32094
226	ley	   48,945	32082
227	importante	   48,397	31723
228	guerra	   48,391	31719
229	desarrollo	   48,378	31711
230	proceso 	   48,064	31505
231	realidad	   47,650	31233
232	sentido	   47,559	31174
233	lado	   47,315	31014
234	mí	   47,248	30970
235	tu	   47,057	30845
236	cambio 	   46,814	30685
237	allí	   46,771	30657
238	mano 	   46,657	30583
239	eran	   46,367	30392
240	estar	   46,282	30337
241	san 	   46,004	30155
242	número 	   45,985	30142
243	sociedad 	   45,974	30135
244	unas 	   45,565	29867
245	centro	   45,456	29795
246	padre	   45,236	29651
247	gente	   45,235	29650
248	final	   44,920	29444
249	relación	   44,617	29245
250	cuerpo 	   44,470	29149
251	obra	   44,308	29043
252	incluso	   44,285	29028
253	través	   44,212	28980
254	último	   44,086	28897
255	madre 	   43,697	28642
256	mis 	   43,564	28555
257	modo 	   43,478	28499
258	problemas 	   43,295	28379
259	cinco	   43,283	28371
260	carlos	   42,834	28077
261	hombres 	   42,544	27887
262	información	   42,423	27807
263	ojos	   42,371	27773
264	muerte 	   42,341	27753
265	nombre 	   42,284	27716
266	algunas 	   42,223	27676
267	público	   42,201	27662
268	mujeres 	   42,094	27592
269	siglo	   41,890	27458
270	todavía	   41,792	27394
271	meses  	   41,650	27301
272	mañana  	   41,368	27116
273	esos 	   41,184	26995
274	nosotros	   40,870	26789
275	hora	   40,581	26600
276	muchas  	   40,566	26590
277	pueblo	   40,425	26498
278	alguna	   40,406	26485
279	dar	   40,396	26479
280	problema 	   40,295	26412
281	don 	   40,224	26366
282	da	   40,191	26344
283	tú	   40,119	26297
284	derecho 	   39,939	26179
285	verdad	   39,924	26169
286	maría	   39,812	26096
287	unidos	   39,806	26092
288	podría	   39,797	26086
289	sería	   39,731	26043
290	junto	   39,521	25905
291	cabeza 	   39,451	25859
292	aquel	   39,377	25811
293	luis	   39,370	25806
294	cuanto 	   38,519	25248
295	tierra	   38,352	25139
296	equipo	   38,214	25048
297	segundo 	   38,160	25013
298	director	   38,096	24971
299	dicho	   38,074	24957
300	cierto	   37,979	24894
301	casos 	   37,796	24774
302	manos  	   37,736	24735
303	nivel	   37,419	24527
304	podía	   37,403	24517
305	familia	   37,376	24499
306	largo	   37,315	24459
307	partir	   37,278	24435
308	falta	   37,196	24381
309	llegar	   37,054	24288
310	propio	   36,979	24239
311	ministro	   36,337	23818
312	cosa 	   36,267	23772
313	primero	   36,232	23749
314	seguridad	   36,054	23632
315	hemos  	   35,988	23589
316	mal 	   35,964	23573
317	trata	   35,744	23429
318	algún	   35,564	23311
319	tuvo	   35,490	23263
320	respecto	   35,394	23200
321	semana  	   35,354	23174
322	varios	   35,315	23148
323	real	   35,222	23087
324	sé	   35,154	23042
325	voz	   34,982	22930
326	paso 	   34,921	22890
327	señor	   34,905	22879
328	mil	   34,834	22833
329	quienes 	   34,743	22773
330	proyecto	   34,716	22755
331	mercado 	   34,677	22730
332	mayoría 	   34,634	22702
333	luz	   34,617	22690
334	claro	   34,589	22672
335	iba	   34,380	22535
336	éste	   34,338	22508
337	pesetas 	   34,204	22420
338	orden	   33,982	22274
339	español 	   33,920	22234
340	buena 	   33,759	22128
341	quiere	   33,735	22112
342	aquella	   33,723	22104
343	programa 	   33,620	22037
344	palabras	   33,485	21948
345	internacional	   33,448	21924
346	van	   33,398	21891
347	esas 	   33,382	21881
348	segunda 	   33,363	21869
349	empresa 	   33,301	21828
350	puesto 	   33,254	21797
351	ahí	   33,248	21793
352	propia	   33,149	21728
353	m 	   33,099	21695
354	libro	   33,056	21667
355	igual	   32,950	21598
356	político	   32,928	21583
357	persona 	   32,756	21471
358	últimos	   32,689	21427
359	ellas	   32,635	21391
360	total	   32,539	21328
361	creo	   32,504	21305
362	tengo	   32,413	21246
363	dios	   32,373	21220
364	c	   32,345	21201
365	española 	   32,140	21067
366	condiciones 	   32,094	21037
367	méxico 	   32,084	21030
368	fuerza	   32,082	21029
369	solo	   32,010	20982
370	único	   31,999	20974
371	acción	   31,789	20837
372	amor 	   31,690	20772
373	policía	   31,598	20712
374	puerta	   31,503	20649
375	pesar	   31,436	20605
376	zona 	   31,365	20559
377	sabe 	   31,358	20554
378	calle	   31,330	20536
379	interior	   31,198	20449
380	tampoco 	   31,014	20329
381	música 	   30,968	20299
382	ningún	   30,962	20295
383	vista	   30,952	20288
384	campo  	   30,775	20172
385	buen 	   30,756	20160
386	hubiera	   30,754	20158
387	saber	   30,644	20086
388	obras	   30,575	20041
389	razón	   30,539	20017
390	ex	   30,522	20006
391	niños	   30,449	19958
392	presencia	   30,426	19943
393	tema 	   30,398	19925
394	dinero	   30,386	19917
395	comisión 	   30,350	19894
396	antonio	   30,339	19886
397	servicio	   30,318	19873
398	hijo	   30,298	19859
399	última	   30,269	19840
400	ciento	   30,146	19760
401	estoy	   30,136	19753
402	hablar	   30,127	19747
403	dio	   30,123	19745
404	minutos 	   30,012	19672
405	producción 	   29,875	19582
406	camino 	   29,830	19553
407	seis	   29,812	19541
408	quién	   29,760	19507
409	fondo	   29,750	19500
410	dirección	   29,708	19473
411	papel	   29,702	19469
412	demás  	   29,623	19417
413	barcelona	   29,613	19410
414	idea	   29,613	19410
415	especial	   29,458	19309
416	diferentes	   29,378	19256
417	dado 	   29,292	19200
418	base 	   29,243	19168
419	capital	   29,220	19153
420	ambos  	   29,178	19125
421	europa 	   29,171	19121
422	libertad	   29,119	19087
423	relaciones	   29,055	19045
424	espacio 	   28,844	18906
425	medios 	   28,828	18896
426	ir	   28,757	18849
427	actual	   28,719	18824
428	población	   28,668	18791
429	empresas  	   28,653	18781
430	estudio	   28,640	18773
431	salud	   28,630	18766
432	servicios	   28,547	18712
433	haya 	   28,528	18699
434	principio	   28,476	18665
435	siendo	   28,468	18660
436	cultura	   28,382	18604
437	anterior	   28,310	18556
438	alto	   28,306	18554
439	media 	   28,292	18545
440	mediante 	   28,252	18518
441	primeros	   28,193	18480
442	arte	   28,165	18461
443	paz 	   28,159	18457
444	sector	   28,156	18455
445	imagen 	   28,109	18425
446	medida 	   28,101	18419
447	deben 	   28,008	18358
448	datos	   28,003	18355
449	consejo 	   27,968	18332
450	personal	   27,930	18307
451	interés	   27,919	18300
452	julio	   27,919	18300
453	grupos 	   27,863	18263
454	miembros  	   27,843	18250
455	ninguna 	   27,822	18236
456	existe	   27,779	18208
457	cara	   27,756	18193
458	edad 	   27,731	18177
459	etc	   27,709	18162
460	movimiento 	   27,696	18154
461	visto	   27,677	18141
462	llegó	   27,556	18062
463	puntos 	   27,488	18018
464	actividad	   27,283	17883
465	bueno 	   27,256	17865
466	uso 	   27,235	17852
467	niño	   27,157	17801
468	difícil	   27,109	17769
469	joven	   27,024	17713
470	futuro	   26,989	17690
471	aquellos	   26,975	17681
472	mes 	   26,958	17670
473	pronto	   26,934	17654
474	soy 	   26,903	17634
475	hacía	   26,850	17599
476	nuevos 	   26,828	17585
477	nuestros	   26,789	17559
478	estaban 	   26,694	17497
479	posibilidad	   26,611	17443
480	sigue	   26,580	17422
481	cerca	   26,495	17367
482	resultados	   26,413	17313
483	educación 	   26,327	17257
484	atención	   26,299	17238
485	gonzález 	   26,281	17226
486	capacidad 	   26,228	17192
487	efecto	   26,209	17179
488	necesario	   26,149	17140
489	valor	   26,106	17112
490	aire	   26,060	17081
491	investigación	   26,001	17043
492	siguiente	   25,891	16971
493	figura	   25,859	16950
494	central	   25,780	16898
495	comunidad  	   25,745	16875
496	necesidad 	   25,699	16845
497	serie	   25,677	16830
498	organización	   25,647	16811
499	nuevas 	   25,638	16805
500	calidad	   25,597	16778
501	economía 	   25,553	16749
502	carácter	   25,528	16733
503	jefe	   25,526	16731
504	estamos 	   25,495	16711
505	prensa 	   25,472	16696
506	control	   25,219	16530
507	sociales	   25,197	16516
508	universidad	   25,155	16488
509	militar	   25,150	16485
510	cabo 	   25,125	16469
511	diez	   25,114	16461
512	fuerzas	   25,106	16456
513	congreso 	   25,073	16435
514	ésta	   25,041	16414
515	hijos	   24,995	16383
516	justicia	   24,983	16376
517	mundial 	   24,963	16362
518	dólares	   24,939	16347
519	juego	   24,922	16336
520	económica  	   24,845	16285
521	políticos	   24,824	16271
522	duda 	   24,821	16269
523	recursos	   24,800	16256
524	pública	   24,775	16239
525	crisis	   24,760	16229
526	próximo 	   24,728	16208
527	tenemos 	   24,716	16201
528	decisión	   24,685	16180
529	varias	   24,657	16162
530	popular	   24,543	16087
531	tenido	   24,472	16041
532	apenas 	   24,440	16020
533	época 	   24,358	15966
534	banco 	   24,341	15955
535	presente	   24,211	15869
536	menor 	   24,142	15824
537	quiero	   24,054	15767
538	pasar	   24,048	15763
539	resultado	   24,030	15751
540	televisión	   23,938	15691
541	encuentra 	   23,833	15622
542	gracias	   23,794	15596
543	ministerio	   23,781	15588
544	conjunto	   23,735	15557
545	defensa 	   23,717	15546
546	alguien	   23,626	15486
547	queda 	   23,600	15469
548	hacen 	   23,508	15409
549	pasa 	   23,503	15405
550	resto	   23,366	15316
551	causa 	   23,283	15261
552	seguir	   23,261	15247
553	allá	   23,155	15177
554	palabra	   23,090	15135
555	voy	   23,067	15120
556	cuya 	   23,048	15107
557	vamos 	   23,036	15099
558	mar 	   23,022	15090
559	estudios	   23,011	15083
560	derechos 	   22,989	15068
561	importancia	   22,969	15055
562	cuales	   22,961	15050
563	contrario	   22,957	15048
564	manuel 	   22,924	15026
565	garcía	   22,851	14978
566	fuerte	   22,828	14963
567	sol	   22,823	14960
568	jóvenes	   22,791	14939
569	apoyo 	   22,776	14929
570	habría	   22,760	14918
571	civil	   22,758	14917
572	miguel	   22,755	14915
573	pedro	   22,738	14904
574	partidos	   22,728	14897
575	libre	   22,640	14840
576	fuentes	   22,592	14808
577	administración	   22,536	14772
578	común  	   22,536	14772
579	dejar	   22,499	14747
580	cine	   22,492	14743
581	salir	   22,447	14713
582	comunicación 	   22,434	14705
583	b	   22,407	14687
584	experiencia	   22,402	14684
585	demasiado  	   22,378	14668
586	plan	   22,279	14603
587	respuesta 	   22,259	14590
588	energía	   22,241	14578
589	izquierda	   22,232	14572
590	función	   22,148	14517
591	principal	   22,074	14469
592	superior	   22,014	14429
593	naturaleza	   22,002	14422
594	podemos  	   21,958	14393
595	unión	   21,933	14376
596	especialmente 	   21,931	14375
597	rey	   21,907	14359
598	domingo 	   21,823	14304
599	favor	   21,818	14301
600	cantidad	   21,812	14297
601	elecciones	   21,781	14277
602	clase	   21,733	14245
603	productos 	   21,731	14244
604	españoles 	   21,693	14219
605	conocer 	   21,681	14211
606	teatro	   21,663	14199
607	importantes	   21,597	14156
608	evitar	   21,587	14150
609	color	   21,575	14142
610	actividades	   21,564	14134
611	mesa 	   21,558	14130
612	p	   21,518	14104
613	decía	   21,458	14065
614	cuyo 	   21,444	14056
615	debido	   21,378	14013
616	alta	   21,377	14012
617	francisco	   21,361	14001
618	secretario	   21,351	13995
619	objeto	   21,336	13985
620	quizá	   21,323	13976
621	posición	   21,168	13875
622	parecía	   21,152	13864
623	natural	   21,146	13860
624	elementos 	   21,133	13852
625	hubo 	   21,112	13838
626	objetivo	   21,097	13828
627	formas 	   21,083	13819
628	única	   21,076	13815
629	pueda 	   21,061	13805
630	origen	   21,055	13801
631	blanco	   21,035	13788
632	mismos  	   21,006	13769
633	lleva	   20,947	13730
634	económico  	   20,927	13717
635	opinión	   20,927	13717
636	ayuda 	   20,918	13711
637	oficial	   20,905	13702
638	silencio	   20,896	13697
639	buenos 	   20,881	13687
640	pensar 	   20,880	13686
641	república	   20,854	13669
642	dónde 	   20,846	13664
643	sangre 	   20,798	13632
644	encuentro 	   20,719	13581
645	siquiera	   20,708	13573
646	autor	   20,676	13552
647	reunión	   20,609	13508
648	haciendo 	   20,582	13491
649	suelo	   20,565	13480
650	muestra 	   20,563	13478
651	viejo	   20,558	13475
652	encima 	   20,522	13451
653	resulta	   20,497	13435
654	tomar 	   20,492	13432
655	bastante	   20,488	13429
656	siete	   20,483	13426
657	lucha	   20,434	13394
658	pudo 	   20,404	13374
659	amigos 	   20,369	13351
660	línea	   20,338	13331
661	sur	   20,334	13328
662	pocos 	   20,289	13299
663	medidas 	   20,225	13257
664	norte	   20,173	13223
665	partes	   20,137	13199
666	iglesia	   20,101	13175
667	tratamiento	   20,030	13129
668	existencia	   19,997	13107
669	cargo	   19,935	13067
670	grande 	   19,882	13032
671	américa 	   19,874	13027
672	boca 	   19,829	12997
673	plaza	   19,792	12973
674	pie	   19,780	12965
675	trabajadores	   19,723	12928
676	poner	   19,722	12927
677	existen	   19,634	12869
678	viene	   19,630	12867
679	permite	   19,607	12852
680	análisis	   19,554	12817
681	argentina	   19,553	12816
682	acto	   19,520	12795
683	hechos 	   19,465	12759
684	tiempos 	   19,394	12712
685	políticas	   19,285	12641
686	radio	   19,271	12631
687	puedo 	   19,230	12605
688	crecimiento	   19,202	12586
689	francia	   19,193	12580
690	compañía 	   19,178	12570
691	amigo 	   19,176	12569
692	autoridades	   19,175	12568
693	realizar	   19,166	12563
694	acciones 	   19,075	12503
695	padres 	   19,075	12503
696	diario	   19,064	12496
697	ve	   19,059	12492
698	derecha 	   19,049	12486
699	ambiente 	   19,000	12454
700	i	   18,980	12441
701	habrá	   18,951	12422
702	precisamente 	   18,930	12408
703	enfermedad 	   18,927	12406
704	especie 	   18,903	12390
705	ejército	   18,900	12388
706	santa	   18,890	12382
707	cambios 	   18,886	12379
708	río	   18,885	12378
709	sabía	   18,873	12371
710	seguro 	   18,856	12359
711	espera 	   18,850	12355
712	momentos  	   18,847	12353
713	viaje	   18,834	12345
714	quería	   18,827	12340
715	ocho 	   18,818	12334
716	vivir	   18,817	12334
717	región	   18,771	12304
718	formación	   18,743	12285
719	escuela 	   18,722	12272
720	cuarto	   18,721	12271
721	valores	   18,677	12242
722	quedó 	   18,674	12240
723	participación	   18,598	12190
724	éxito	   18,595	12188
725	baja	   18,542	12154
726	artículo	   18,504	12129
727	principales	   18,490	12119
728	fernando	   18,468	12105
729	metros 	   18,468	12105
730	marcha 	   18,427	12078
731	régimen 	   18,382	12049
732	consecuencia 	   18,358	12033
733	conocimiento 	   18,346	12025
734	corazón 	   18,331	12015
735	campaña  	   18,261	11969
736	estructura	   18,261	11969
737	efectos	   18,253	11964
738	finalmente	   18,231	11950
739	modelo 	   18,221	11943
740	carta	   18,218	11941
741	construcción	   18,098	11863
742	médico 	   18,083	11853
743	miedo 	   18,049	11830
744	mayores 	   17,976	11783
745	entrada	   17,955	11769
746	humanos  	   17,917	11744
747	sean 	   17,892	11727
748	actitud	   17,843	11695
749	deja	   17,838	11692
750	dejó	   17,827	11685
751	d	   17,810	11674
752	llevar	   17,798	11666
753	negro	   17,774	11650
754	texto	   17,714	11611
755	mitad	   17,705	11605
756	estuvo	   17,681	11589
757	alrededor	   17,639	11562
758	acerca 	   17,598	11535
759	peso 	   17,589	11529
760	humano  	   17,581	11524
761	pequeño 	   17,577	11521
762	fecha	   17,551	11504
763	serán	   17,529	11490
764	doctor	   17,526	11488
765	ideas	   17,495	11467
766	vino	   17,491	11465
767	materia	   17,468	11450
768	llega	   17,456	11442
769	carrera	   17,451	11438
770	cierta	   17,389	11398
771	sola	   17,362	11380
772	psoe 	   17,360	11379
773	lejos	   17,339	11365
774	juez	   17,328	11358
775	características	   17,307	11344
776	riesgo	   17,271	11320
777	fácil	   17,205	11277
778	diferencia	   17,178	11259
779	cultural	   17,164	11250
780	libros	   17,146	11238
781	práctica	   17,142	11236
782	mayo 	   17,123	11223
783	nuestras	   17,121	11222
784	programas 	   17,118	11220
785	memoria 	   17,083	11197
786	llegado	   17,052	11177
787	plazo	   16,976	11127
788	expresión	   16,966	11120
789	diciembre	   16,954	11113
790	mantener 	   16,948	11109
791	enero	   16,929	11096
792	volver	   16,898	11076
793	cuadro 	   16,891	11071
794	producto	   16,851	11045
795	produce 	   16,845	11041
796	europea 	   16,842	11039
797	conciencia	   16,829	11031
798	tenían	   16,811	11019
799	atrás	   16,786	11003
800	felipe	   16,782	11000
801	creación	   16,777	10997
802	chile	   16,768	10991
803	precio	   16,767	10990
804	película	   16,761	10986
805	puerto	   16,749	10978
806	fuego	   16,685	10936
807	cuestión	   16,666	10924
808	pasó 	   16,644	10909
809	costa	   16,638	10905
810	supuesto 	   16,637	10905
811	local	   16,607	10885
812	habla	   16,597	10879
813	aspectos 	   16,569	10860
814	cuba 	   16,565	10858
815	sala	   16,524	10831
816	cámara 	   16,523	10830
817	vuelta	   16,521	10829
818	vía	   16,508	10820
819	mirada 	   16,481	10803
820	mejores 	   16,443	10778
821	informe	   16,436	10773
822	unidad	   16,427	10767
823	distintos	   16,415	10759
824	suerte	   16,390	10743
825	tales	   16,386	10740
826	mira	   16,334	10706
827	llamado 	   16,312	10692
828	técnica	   16,308	10689
829	título	   16,308	10689
830	s	   16,293	10679
831	principios	   16,282	10672
832	octubre	   16,228	10637
833	volvió	   16,207	10623
834	período	   16,199	10618
835	g	   16,194	10614
836	encontrar	   16,166	10596
837	democracia 	   16,159	10592
838	aumento 	   16,145	10582
839	fútbol	   16,137	10577
840	prueba 	   16,113	10561
841	consumo  	   16,095	10550
842	pese 	   16,043	10515
843	ocasiones 	   16,026	10504
844	exterior	   15,988	10479
845	solución	   15,967	10466
846	u	   15,967	10466
847	hija	   15,958	10460
848	sueño 	   15,944	10451
849	parís	   15,929	10441
850	capaz 	   15,925	10438
851	ocasión 	   15,924	10437
852	industria	   15,902	10423
853	adelante	   15,900	10422
854	salida	   15,899	10421
855	ciencia	   15,885	10412
856	asunto 	   15,844	10385
857	asociación	   15,835	10379
858	puso 	   15,831	10377
859	intereses	   15,830	10376
860	oro	   15,811	10363
861	podrá	   15,804	10359
862	pregunta	   15,741	10318
863	oposición	   15,736	10314
864	entrar	   15,711	10298
865	señora 	   15,705	10294
866	señaló	   15,699	10290
867	santiago	   15,697	10289
868	dolor	   15,685	10281
869	zonas 	   15,679	10277
870	comercio 	   15,637	10249
871	operación	   15,633	10247
872	tribunal	   15,609	10231
873	instituciones	   15,606	10229
874	temas 	   15,569	10205
875	militares	   15,566	10203
876	junio	   15,555	10196
877	marco 	   15,548	10191
878	sectores	   15,541	10186
879	hacerlo	   15,539	10185
880	aspecto 	   15,528	10178
881	razones 	   15,527	10177
882	contenido	   15,481	10147
883	juicio	   15,481	10147
884	electoral	   15,465	10137
885	considera	   15,460	10133
886	tendrá	   15,431	10114
887	mucha  	   15,397	10092
888	voluntad	   15,394	10090
889	dicen	   15,383	10083
890	recuerdo	   15,382	10082
891	socialista	   15,371	10075
892	área	   15,369	10074
893	aparece 	   15,367	10072
894	vio	   15,334	10051
895	cama 	   15,328	10047
896	aun 	   15,317	10040
897	presenta	   15,315	10038
898	pp	   15,293	10024
899	revolución	   15,285	10019
900	busca 	   15,280	10015
901	abril	   15,278	10014
902	rodríguez	   15,272	10010
903	fiscal	   15,265	10006
904	lópez	   15,245	9992
905	victoria	   15,241	9990
906	violencia	   15,235	9986
907	primeras	   15,226	9980
908	pequeña 	   15,214	9972
909	armas 	   15,153	9932
910	debía	   15,149	9929
911	ii	   15,123	9912
912	esfuerzo	   15,109	9903
913	humana  	   15,107	9902
914	posibilidades	   15,090	9891
915	centros	   15,076	9882
916	profesional	   15,075	9881
917	asimismo 	   15,048	9863
918	grado	   15,048	9863
919	has 	   15,027	9850
920	toma 	   15,003	9834
921	distintas	   14,926	9783
922	material	   14,915	9776
923	carne	   14,905	9770
924	llama	   14,903	9768
925	particular	   14,876	9751
926	jorge	   14,867	9745
927	trabajar	   14,837	9725
928	propuesta 	   14,830	9720
929	muerto 	   14,816	9711
930	precios	   14,809	9707
931	reforma	   14,779	9687
932	hermano 	   14,736	9659
933	corte	   14,735	9658
934	comenzó  	   14,733	9657
935	etapa	   14,716	9646
936	obstante	   14,695	9632
937	pone 	   14,685	9625
938	diversos	   14,671	9616
939	visita	   14,660	9609
940	concepto 	   14,657	9607
941	pacientes	   14,637	9594
942	semanas  	   14,603	9572
943	tipos	   14,592	9564
944	solamente 	   14,520	9517
945	deseo 	   14,499	9503
946	sistemas 	   14,484	9494
947	encuentran 	   14,482	9492
948	siguientes	   14,475	9488
949	martín	   14,429	9458
950	suficiente	   14,414	9448
951	marzo 	   14,408	9444
952	propios	   14,404	9441
953	jamás 	   14,371	9420
954	dan 	   14,364	9415
955	club	   14,359	9412
956	instituto	   14,354	9408
957	constitución	   14,299	9372
958	curso	   14,290	9366
959	lenguaje	   14,270	9353
960	estilo	   14,237	9332
961	rosa	   14,180	9294
962	imposible	   14,178	9293
963	pablo	   14,152	9276
964	buscar 	   14,151	9275
965	peor	   14,145	9271
966	piel	   14,128	9260
967	arriba	   14,085	9232
968	generales	   14,073	9224
969	septiembre 	   14,072	9224
970	blanca	   14,061	9216
971	r	   14,041	9203
972	aquellas	   13,996	9174
973	teoría	   13,935	9134
974	animales 	   13,916	9121
975	hicieron	   13,913	9119
976	larga	   13,908	9116
977	perdido	   13,890	9104
978	imágenes 	   13,887	9102
979	paciente	   13,885	9101
980	conseguir	   13,871	9092
981	máximo  	   13,855	9081
982	noviembre 	   13,848	9077
983	j	   13,831	9066
984	líder	   13,830	9065
985	hospital	   13,823	9060
986	diversas	   13,816	9056
987	rafael	   13,804	9048
988	vuelve	   13,799	9045
989	destino	   13,783	9034
990	torno	   13,781	9033
991	proyectos 	   13,773	9028
992	flores	   13,763	9021
993	niveles	   13,759	9018
994	afirmó	   13,758	9018
995	explicó	   13,751	9013
996	n	   13,748	9011
997	somos  	   13,727	8997
998	términos	   13,719	8992
999	premio 	   13,701	8980
1000	tercera	   13,694	8976
1001	simple	   13,681	8967
1002	trabajos	   13,675	8963
1003	factores	   13,674	8963
1004	fuente	   13,660	8953
1005	cielo	   13,644	8943
1006	ambas  	   13,612	8922
1007	mismas  	   13,605	8917
1008	fernández	   13,589	8907
1009	actualmente 	   13,587	8906
1010	conocido 	   13,575	8898
1011	condición	   13,573	8896
1012	ejercicio	   13,542	8876
1013	cree	   13,521	8862
1014	par	   13,516	8859
1015	ocurre	   13,510	8855
1016	ti	   13,509	8854
1017	espíritu	   13,491	8843
1018	lengua	   13,488	8841
1019	responsabilidad	   13,471	8830
1020	digo	   13,455	8819
1021	pérez	   13,455	8819
1022	distancia	   13,446	8813
1023	organismo 	   13,422	8797
1024	cruz	   13,396	8780
1025	evolución	   13,376	8767
1026	realmente 	   13,374	8766
1027	alberto	   13,371	8764
1028	francés	   13,368	8762
1029	novela	   13,361	8757
1030	alma 	   13,357	8755
1031	doble	   13,353	8752
1032	anteriores	   13,350	8750
1033	obtener	   13,347	8748
1034	dije	   13,346	8748
1035	selección	   13,345	8747
1036	podido	   13,335	8740
1037	nación	   13,332	8738
1038	ido	   13,331	8738
1039	crear	   13,289	8710
1040	motivo	   13,285	8708
1041	tercer	   13,284	8707
1042	detrás	   13,283	8706
1043	significa	   13,261	8692
1044	empleo 	   13,252	8686
1045	escrito	   13,247	8683
1046	departamento 	   13,232	8673
1047	contacto	   13,227	8670
1048	casas 	   13,203	8654
1049	red	   13,203	8654
1050	rostro	   13,200	8652
1051	oportunidad	   13,103	8588
1052	procesos 	   13,098	8585
1053	terreno	   13,097	8584
1054	daba 	   13,096	8584
1055	calles	   13,077	8571
1056	lista	   13,060	8560
1057	nacionales	   13,060	8560
1058	funciones	   13,057	8558
1059	leyes	   13,046	8551
1060	acceso 	   13,025	8537
1061	técnico	   13,022	8535
1062	visión	   13,008	8526
1063	preguntó	   12,997	8519
1064	jesús	   12,989	8514
1065	grave	   12,988	8513
1066	tenga	   12,953	8490
1067	lunes	   12,951	8489
1068	aplicación	   12,947	8486
1069	junta	   12,909	8461
1070	lugares	   12,907	8460
1071	verano	   12,897	8453
1072	capítulo	   12,887	8447
1073	éstos	   12,881	8443
1074	pensamiento 	   12,873	8438
1075	york	   12,832	8411
1076	frecuencia	   12,826	8407
1077	gestión	   12,826	8407
1078	viernes	   12,790	8383
1079	javier	   12,777	8375
1080	sitio	   12,776	8374
1081	agosto 	   12,771	8371
1082	propiedad	   12,768	8369
1083	profesionales	   12,765	8367
1084	últimas	   12,764	8366
1085	gusta	   12,748	8356
1086	objetivos	   12,745	8354
1087	movimientos 	   12,700	8324
1088	alcalde	   12,693	8320
1089	ejecutivo	   12,680	8311
1090	ciudadanos 	   12,676	8308
1091	necesidades 	   12,673	8306
1092	exposición	   12,660	8298
1093	término	   12,645	8288
1094	veinte	   12,600	8259
1095	cuál	   12,596	8256
1096	clara	   12,595	8255
1097	altura	   12,585	8249
1098	pequeños 	   12,578	8244
1099	presión	   12,570	8239
1100	moral	   12,560	8232
1101	lograr	   12,559	8232
1102	comité 	   12,519	8206
1103	teléfono	   12,510	8200
1104	asuntos 	   12,508	8198
1105	peligro	   12,498	8192
1106	escena 	   12,475	8177
1107	gusto	   12,470	8173
1108	palacio	   12,470	8173
1109	hotel	   12,446	8158
1110	colombia 	   12,430	8147
1111	aseguró 	   12,427	8145
1112	isla	   12,420	8141
1113	guardia	   12,415	8137
1114	confianza	   12,409	8133
1115	ciudades 	   12,398	8126
1116	esperar	   12,392	8122
1117	café	   12,353	8097
1118	demanda  	   12,349	8094
1119	personajes 	   12,330	8082
1120	directamente 	   12,323	8077
1121	salió	   12,317	8073
1122	discurso	   12,310	8069
1123	sánchez 	   12,310	8069
1124	representantes	   12,292	8057
1125	normal 	   12,289	8055
1126	pena 	   12,272	8044
1127	jugadores	   12,257	8034
1128	supone 	   12,231	8017
1129	industrial	   12,220	8010
1130	referencia	   12,205	8000
1131	febrero	   12,200	7996
1132	entender	   12,195	7993
1133	esté	   12,191	7991
1134	física	   12,184	7986
1135	dejado	   12,174	7979
1136	alimentos	   12,172	7978
1137	pies	   12,169	7976
1138	doña 	   12,159	7970
1139	protección	   12,149	7963
1140	autores	   12,131	7951
1141	marido 	   12,108	7936
1142	podrían	   12,106	7935
1143	llamada 	   12,090	7924
1144	brazos 	   12,083	7920
1145	intervención	   12,079	7917
1146	sal	   12,076	7915
1147	páginas 	   12,072	7913
1148	nueve 	   12,053	7900
1149	pueblos 	   12,048	7897
1150	temporada 	   12,035	7888
1151	tus	   12,019	7878
1152	abajo	   11,985	7856
1153	aquello	   11,983	7854
1154	maestro 	   11,975	7849
1155	internacionales	   11,974	7848
1156	técnicas	   11,968	7844
1157	estás	   11,947	7831
1158	esposa 	   11,922	7814
1159	crítica	   11,908	7805
1160	totalmente	   11,894	7796
1161	perder	   11,890	7793
1162	venta	   11,882	7788
1163	finales	   11,874	7783
1164	ramón 	   11,856	7771
1165	contar	   11,855	7770
1166	diferencias	   11,842	7762
1167	familiar	   11,842	7762
1168	martínez	   11,842	7762
1169	kilómetros	   11,837	7759
1170	mala 	   11,835	7757
1171	fundamental 	   11,820	7747
1172	enorme 	   11,815	7744
1173	puedan 	   11,815	7744
1174	líneas	   11,802	7736
1175	ofrece	   11,794	7730
1176	comercial	   11,790	7728
1177	pan 	   11,785	7724
1178	aires	   11,781	7722
1179	profesor	   11,775	7718
1180	inversión	   11,752	7703
1181	municipal	   11,750	7701
1182	declaraciones	   11,735	7692
1183	funcionarios	   11,734	7691
1184	aguas 	   11,732	7690
1185	responsable 	   11,731	7689
1186	sábado 	   11,715	7679
1187	alguno	   11,712	7677
1188	federal	   11,712	7677
1189	señala	   11,673	7651
1190	conflicto	   11,672	7650
1191	dicha	   11,660	7642
1192	efe	   11,660	7642
1193	dirigentes	   11,645	7633
1194	cambiar 	   11,644	7632
1195	superficie	   11,632	7624
1196	necesita	   11,627	7621
1197	estudiantes	   11,601	7604
1198	tantos	   11,601	7604
1199	golpe	   11,569	7583
1200	públicos	   11,563	7579
1201	públicas	   11,561	7578
1202	equipos 	   11,555	7574
1203	literatura	   11,517	7549
1204	pruebas 	   11,502	7539
1205	alemania 	   11,499	7537
1206	circunstancias	   11,479	7524
1207	tienes	   11,471	7519
1208	documento  	   11,468	7517
1209	fiesta	   11,448	7504
1210	simplemente 	   11,448	7504
1211	enrique	   11,443	7500
1212	aceite	   11,431	7492
1213	establecer	   11,431	7492
1214	médicos 	   11,416	7483
1215	eres	   11,414	7481
1216	locales	   11,407	7477
1217	empezó  	   11,400	7472
1218	pobre	   11,397	7470
1219	debería	   11,391	7466
1220	llevó	   11,389	7465
1221	parlamento 	   11,362	7447
1222	territorio	   11,351	7440
1223	sale	   11,346	7437
1224	treinta	   11,345	7436
1225	coche 	   11,337	7431
1226	clases	   11,331	7427
1227	afirma	   11,326	7424
1228	oficiales	   11,319	7419
1229	diálogo	   11,314	7416
1230	vi	   11,314	7416
1231	respeto	   11,285	7397
1232	tratado	   11,282	7395
1233	llevaba	   11,278	7392
1234	revista	   11,262	7382
1235	copa 	   11,253	7376
1236	pintura	   11,242	7368
1237	nombres 	   11,241	7368
1238	propósito	   11,240	7367
1239	leche	   11,239	7367
1240	actualidad	   11,229	7360
1241	constituye	   11,218	7353
1242	tarea	   11,215	7351
1243	alcanzar	   11,206	7345
1244	competencia 	   11,204	7344
1245	normas 	   11,188	7333
1246	plata	   11,177	7326
1247	vecinos	   11,172	7323
1248	fenómeno 	   11,158	7313
1249	intención	   11,157	7313
1250	dando 	   11,151	7309
1251	diputados	   11,146	7306
1252	judicial	   11,134	7298
1253	cualquiera	   11,124	7291
1254	fe	   11,115	7285
1255	jornada	   11,097	7273
1256	italia	   11,076	7260
1257	ganar	   11,074	7258
1258	candidato	   11,070	7256
1259	calor	   11,067	7254
1260	esperanza 	   11,062	7250
1261	recién	   11,057	7247
1262	suele	   11,055	7246
1263	miles	   11,034	7232
1264	ritmo	   11,016	7220
1265	vive	   11,016	7220
1266	quizás	   11,011	7217
1267	pasos 	   11,009	7216
1268	sensación 	   11,008	7215
1269	representación	   11,005	7213
1270	presidencia	   11,004	7212
1271	triunfo	   11,001	7211
1272	ayuntamiento 	   10,995	7207
1273	plantas	   10,989	7203
1274	niña	   10,987	7201
1275	frío	   10,983	7199
1276	tono	   10,983	7199
1277	compañeros  	   10,974	7193
1278	quieren	   10,960	7184
1279	pesos 	   10,951	7178
1280	delante	   10,949	7176
1281	propias	   10,948	7176
1282	plano	   10,939	7170
1283	enfermedades  	   10,916	7155
1284	institución	   10,916	7155
1285	edificio	   10,901	7145
1286	nota	   10,899	7144
1287	franco	   10,897	7142
1288	jugar	   10,886	7135
1289	the	   10,881	7132
1290	representa	   10,864	7121
1291	gesto	   10,844	7108
1292	mensaje 	   10,836	7102
1293	vasco 	   10,831	7099
1294	pudiera	   10,812	7087
1295	gómez  	   10,811	7086
1296	influencia	   10,811	7086
1297	pocas 	   10,805	7082
1298	realizado	   10,795	7075
1299	conducta 	   10,792	7074
1300	objetos	   10,786	7070
1301	tamaño 	   10,778	7064
1302	provincia	   10,775	7062
1303	europeo 	   10,770	7059
1304	verde	   10,769	7058
1305	informó	   10,765	7056
1306	escribir	   10,760	7053
1307	materiales	   10,759	7052
1308	eduardo 	   10,757	7051
1309	cumplir	   10,756	7050
1310	pidió	   10,755	7049
1311	alumnos 	   10,752	7047
1312	ámbito 	   10,747	7044
1313	muertos 	   10,747	7044
1314	explica	   10,746	7043
1315	consecuencias  	   10,745	7043
1316	refiere	   10,721	7027
1317	comer 	   10,716	7024
1318	fines	   10,693	7009
1319	versión	   10,662	6988
1320	abierto	   10,661	6988
1321	debate 	   10,657	6985
1322	barrio	   10,656	6984
1323	labor	   10,656	6984
1324	fondos	   10,650	6980
1325	justo	   10,635	6971
1326	tradición	   10,633	6969
1327	diferente	   10,628	6966
1328	piensa	   10,624	6963
1329	tecnología	   10,620	6961
1330	mantiene 	   10,609	6954
1331	situaciones	   10,597	6946
1332	fase	   10,593	6943
1333	histórico	   10,592	6942
1334	agentes 	   10,591	6942
1335	planta	   10,588	6940
1336	venezuela 	   10,579	6934
1337	f	   10,571	6929
1338	actuación	   10,567	6926
1339	iban	   10,556	6919
1340	actos	   10,547	6913
1341	posibles	   10,545	6912
1342	león	   10,541	6909
1343	mamá  	   10,525	6899
1344	velocidad	   10,520	6895
1345	familiares	   10,505	6885
1346	especies 	   10,499	6881
1347	cabe 	   10,491	6876
1348	asamblea 	   10,483	6871
1349	comunidades  	   10,458	6855
1350	museo  	   10,449	6849
1351	conferencia	   10,442	6844
1352	prácticamente 	   10,437	6841
1353	autoridad	   10,435	6840
1354	sujeto	   10,431	6837
1355	alfonso	   10,430	6836
1356	tratar	   10,426	6834
1357	hacerse 	   10,418	6828
1358	pérdida	   10,416	6827
1359	dificultades	   10,411	6824
1360	rato	   10,410	6823
1361	pagar	   10,407	6821
1362	colegio	   10,396	6814
1363	sabes 	   10,391	6811
1364	l	   10,383	6805
1365	personaje	   10,380	6803
1366	áreas	   10,363	6792
1367	audiencia	   10,361	6791
1368	doce 	   10,355	6787
1369	haga 	   10,352	6785
1370	periódico	   10,351	6784
1371	v	   10,351	6784
1372	distribución	   10,343	6779
1373	ausencia 	   10,342	6779
1374	entrevista	   10,314	6760
1375	recibió	   10,309	6757
1376	añadió	   10,308	6756
1377	cocina	   10,307	6756
1378	edición	   10,301	6752
1379	económicos  	   10,291	6745
1380	naturales	   10,288	6743
1381	parecer	   10,286	6742
1382	santo	   10,285	6741
1383	vieja	   10,282	6739
1384	mario	   10,251	6719
1385	corresponde 	   10,250	6718
1386	decidió	   10,243	6714
1387	perú	   10,243	6714
1388	llegada	   10,230	6705
1389	comienza 	   10,224	6701
1390	organizaciones 	   10,218	6697
1391	tendencia	   10,199	6685
1392	escenario	   10,188	6678
1393	definitiva	   10,187	6677
1394	deberá 	   10,174	6668
1395	indicó	   10,173	6668
1396	noticia	   10,173	6668
1397	inglés	   10,157	6657
1398	reina	   10,153	6655
1399	ustedes 	   10,149	6652
1400	madera 	   10,134	6642
1401	alemán 	   10,115	6630
1402	habitantes	   10,114	6629
1403	recibir	   10,112	6628
1404	salvo	   10,110	6626
1405	familias	   10,102	6621
1406	miembro 	   10,100	6620
1407	escritor	   10,096	6617
1408	conoce 	   10,091	6614
1409	cuidado 	   10,089	6613
1410	identidad	   10,086	6611
1411	quiso	   10,068	6599
1412	pareja	   10,055	6590
1413	evidente	   10,054	6590
1414	brasil	   10,048	6586
1415	ciertos	   10,043	6583
1416	siguen	   10,035	6577
1417	declaración	   10,031	6575
1418	cadena 	   10,027	6572
1419	acaba 	   10,016	6565
1420	consiste	   10,008	6560
1421	presentación	   10,008	6560
1422	cuentas 	   10,007	6559
1423	azul	    9,981	6542
1424	década 	    9,979	6541
1425	puertas	    9,978	6540
1426	comida 	    9,977	6539
1427	inmediato	    9,971	6535
1428	marca 	    9,965	6531
1429	antiguo	    9,961	6529
1430	rojo	    9,958	6527
1431	debemos  	    9,957	6526
1432	instante	    9,940	6515
1433	operaciones 	    9,925	6505
1434	iniciativa	    9,924	6505
1435	caer	    9,919	6501
1436	luna	    9,912	6497
1437	veía	    9,908	6494
1438	verdadero	    9,902	6490
1439	habitación	    9,889	6482
1440	manifestó	    9,881	6476
1441	tío	    9,880	6476
1442	quedado 	    9,863	6465
1443	martes 	    9,851	6457
1444	pleno	    9,834	6446
1445	declaró	    9,833	6445
1446	juegos	    9,818	6435
1447	mínimo 	    9,817	6434
1448	aparición	    9,812	6431
1449	estará	    9,812	6431
1450	transporte	    9,793	6419
1451	ven	    9,784	6413
1452	pretende	    9,782	6411
1453	tantas	    9,775	6407
1454	sede 	    9,767	6402
1455	comportamiento  	    9,766	6401
1456	periodistas	    9,758	6396
1457	animal	    9,757	6395
1458	convertido	    9,755	6394
1459	brazo	    9,737	6382
1460	hermanos  	    9,723	6373
1461	rico	    9,721	6371
1462	anunció 	    9,720	6371
1463	presupuesto 	    9,720	6371
1464	estrategia	    9,711	6365
1465	naciones 	    9,711	6365
1466	utilizar	    9,711	6365
1467	buenas 	    9,708	6363
1468	compromiso  	    9,706	6362
1469	acaso 	    9,688	6350
1470	completo 	    9,686	6349
1471	pelo	    9,677	6343
1472	piedra	    9,675	6341
1473	medicina 	    9,674	6341
1474	campos  	    9,670	6338
1475	liga	    9,662	6333
1476	vaya	    9,656	6329
1477	disposición	    9,641	6319
1478	permanente 	    9,627	6310
1479	método 	    9,626	6309
1480	sentía	    9,626	6309
1481	próxima 	    9,624	6308
1482	tierras	    9,623	6307
1483	error	    9,616	6303
1484	incremento 	    9,612	6300
1485	piso	    9,610	6299
1486	socialistas	    9,610	6299
1487	similar	    9,594	6288
1488	viento	    9,594	6288
1489	salvador	    9,586	6283
1490	seres	    9,581	6280
1491	posteriormente	    9,576	6276
1492	dispuesto	    9,574	6275
1493	poeta	    9,572	6274
1494	económicas  	    9,560	6266
1495	secreto	    9,552	6261
1496	funcionamiento 	    9,538	6252
1497	debajo	    9,535	6250
1498	recordar	    9,528	6245
1499	valencia	    9,519	6239
1500	presentó	    9,494	6223
1501	jueves	    9,491	6221
1502	corriente	    9,490	6220
1503	ingresos	    9,489	6219
1504	intento	    9,484	6216
1505	tuvieron	    9,473	6209
1506	colores	    9,462	6202
1507	altos	    9,459	6200
1508	sevilla	    9,459	6200
1509	hojas	    9,453	6196
1510	probablemente 	    9,444	6190
1511	búsqueda 	    9,435	6184
1512	pequeñas 	    9,432	6182
1513	oferta	    9,429	6180
1514	washington 	    9,419	6174
1515	cataluña	    9,413	6170
1516	oficina	    9,400	6161
1517	produjo	    9,394	6157
1518	soldados 	    9,384	6151
1519	pasada 	    9,362	6136
1520	volumen 	    9,351	6129
1521	parecen 	    9,345	6125
1522	causas 	    9,342	6123
1523	dieron	    9,337	6120
1524	división	    9,323	6111
1525	darle	    9,322	6110
1526	clave	    9,321	6109
1527	ana 	    9,316	6106
1528	reciente	    9,316	6106
1529	votos	    9,315	6105
1530	logró	    9,289	6088
1531	piernas	    9,285	6086
1532	sirve	    9,284	6085
1533	carmen 	    9,274	6078
1534	deuda 	    9,271	6077
1535	noticias	    9,266	6073
1536	menores 	    9,264	6072
1537	querido	    9,264	6072
1538	pago 	    9,263	6071
1539	fig	    9,258	6068
1540	recuerda	    9,250	6063
1541	podrán 	    9,247	6061
1542	independencia 	    9,245	6059
1543	ataque 	    9,240	6056
1544	igualmente 	    9,235	6053
1545	necesaria	    9,230	6050
1546	quedan 	    9,229	6049
1547	regional	    9,229	6049
1548	castro	    9,227	6048
1549	decisiones	    9,226	6047
1550	concepción 	    9,224	6046
1551	llegaron	    9,219	6042
1552	siente	    9,218	6042
1553	juntos	    9,216	6040
1554	sabemos  	    9,216	6040
1555	ropa	    9,212	6038
1556	parque 	    9,209	6036
1557	empresarios 	    9,208	6035
1558	conmigo 	    9,206	6034
1559	procedimiento 	    9,205	6033
1560	suma 	    9,204	6033
1561	elección	    9,201	6031
1562	leer	    9,200	6030
1563	feliz	    9,194	6026
1564	ninguno 	    9,189	6023
1565	continuación	    9,184	6019
1566	ministros	    9,183	6019
1567	verdadera	    9,173	6012
1568	reacción	    9,170	6010
1569	podían	    9,168	6009
1570	tanta	    9,168	6009
1571	tomó 	    9,162	6005
1572	mente 	    9,147	5995
1573	tradicional	    9,146	5995
1574	abierta	    9,142	5992
1575	breve	    9,139	5990
1576	aparecen 	    9,136	5988
1577	trataba	    9,120	5978
1578	recibido	    9,110	5971
1579	mejorar	    9,107	5969
1580	ciertas	    9,104	5967
1581	aparte	    9,101	5965
1582	cárcel	    9,101	5965
1583	entidad	    9,100	5964
1584	investigaciones	    9,094	5961
1585	temperatura 	    9,082	5953
1586	siento	    9,079	5951
1587	londres	    9,077	5949
1588	directa	    9,076	5949
1589	portavoz	    9,076	5949
1590	eta	    9,071	5945
1591	responsables 	    9,066	5942
1592	ventana	    9,056	5936
1593	contrato	    9,055	5935
1594	elemento 	    9,053	5934
1595	privada	    9,048	5930
1596	quince	    9,040	5925
1597	veo	    9,038	5924
1598	os	    9,037	5923
1599	firma	    9,024	5915
1600	incluye	    9,023	5914
1601	pobres 	    9,010	5905
1602	vas	    8,997	5897
1603	abogado 	    8,983	5888
1604	presentar	    8,976	5883
1605	gobernador 	    8,962	5874
1606	próximos 	    8,962	5874
1607	jaime	    8,953	5868
1608	hablando 	    8,952	5867
1609	canal	    8,950	5866
1610	tráfico	    8,950	5866
1611	capitán	    8,948	5865
1612	personalidad	    8,946	5863
1613	género 	    8,941	5860
1614	generación 	    8,930	5853
1615	documentos  	    8,928	5852
1616	espectáculo 	    8,909	5839
1617	vivo	    8,906	5837
1618	tendría	    8,899	5833
1619	preguntas 	    8,890	5827
1620	inmediatamente 	    8,882	5822
1621	cien	    8,878	5819
1622	colaboración	    8,871	5814
1623	hermana 	    8,871	5814
1624	conde 	    8,869	5813
1625	mío 	    8,863	5809
1626	federación	    8,850	5801
1627	cincuenta	    8,845	5797
1628	sorpresa	    8,834	5790
1629	regiones	    8,829	5787
1630	carga	    8,827	5785
1631	bienes	    8,825	5784
1632	masa 	    8,819	5780
1633	cartas	    8,804	5770
1634	reyes	    8,799	5767
1635	principalmente	    8,797	5766
1636	puestos 	    8,795	5765
1637	sombra 	    8,792	5763
1638	andrés 	    8,779	5754
1639	criterios	    8,779	5754
1640	abrir	    8,776	5752
1641	cuyos 	    8,776	5752
1642	filosofía	    8,768	5747
1643	miró	    8,751	5736
1644	negra	    8,740	5728
1645	margen 	    8,739	5728
1646	artista	    8,731	5723
1647	constante 	    8,729	5721
1648	encontraba 	    8,726	5719
1649	gastos 	    8,711	5709
1650	morir	    8,711	5709
1651	espacios 	    8,707	5707
1652	figuras	    8,702	5704
1653	miércoles	    8,695	5699
1654	venido	    8,695	5699
1655	indica	    8,684	5692
1656	comienzo 	    8,677	5687
1657	diseño	    8,669	5682
1658	cuarenta	    8,667	5681
1659	encontró	    8,663	5678
1660	poesía	    8,660	5676
1661	t	    8,649	5669
1662	planes	    8,647	5667
1663	ee	    8,646	5667
1664	negocios 	    8,641	5664
1665	integración	    8,637	5661
1666	caída	    8,629	5656
1667	entrega	    8,628	5655
1668	hacienda 	    8,614	5646
1669	acuerdos 	    8,612	5645
1670	preciso	    8,611	5644
1671	cuello	    8,609	5643
1672	banda 	    8,608	5642
1673	suyo 	    8,607	5641
1674	realiza	    8,602	5638
1675	frase	    8,597	5635
1676	bases 	    8,590	5630
1677	siglos	    8,590	5630
1678	decidido	    8,589	5629
1679	sentir	    8,582	5625
1680	artistas	    8,581	5624
1681	asegura 	    8,580	5624
1682	culpa	    8,580	5624
1683	original	    8,579	5623
1684	únicamente 	    8,578	5622
1685	unidades 	    8,573	5619
1686	ocurrió	    8,567	5615
1687	sexo 	    8,563	5612
1688	entra	    8,562	5612
1689	hayan 	    8,553	5606
1690	resolver	    8,553	5606
1691	misión	    8,551	5605
1692	caja	    8,550	5604
1693	considerar	    8,549	5603
1694	extranjeros	    8,548	5603
1695	extremo 	    8,547	5602
1696	periodista	    8,547	5602
1697	reducción	    8,545	5601
1698	matrimonio 	    8,543	5599
1699	quieres	    8,540	5597
1700	mas 	    8,538	5596
1701	películas	    8,535	5594
1702	fui	    8,525	5588
1703	laboral	    8,525	5588
1704	importa	    8,524	5587
1705	seguía	    8,524	5587
1706	negocio 	    8,523	5586
1707	sexual	    8,523	5586
1708	enseñanza  	    8,515	5581
1709	agregó 	    8,500	5571
1710	labios	    8,499	5570
1711	resolución	    8,495	5568
1712	fundación	    8,489	5564
1713	hará	    8,487	5563
1714	depende 	    8,481	5559
1715	diego	    8,480	5558
1716	actor	    8,477	5556
1717	técnicos	    8,473	5553
1718	belleza	    8,470	5551
1719	titular	    8,466	5549
1720	roma 	    8,462	5546
1721	logrado	    8,459	5544
1722	víctimas	    8,459	5544
1723	detalles	    8,454	5541
1724	europeos 	    8,449	5538
1725	caballo	    8,447	5536
1726	huelga	    8,434	5528
1727	carretera	    8,430	5525
1728	norteamericano 	    8,416	5516
1729	producir	    8,411	5513
1730	antigua	    8,406	5510
1731	alianza	    8,394	5502
1732	físico	    8,386	5496
1733	sacar	    8,386	5496
1734	publicidad	    8,383	5494
1735	previsto	    8,372	5487
1736	entorno	    8,364	5482
1737	preocupación 	    8,360	5479
1738	resistencia	    8,358	5478
1739	murió	    8,348	5472
1740	éstas	    8,335	5463
1741	saben 	    8,332	5461
1742	generalmente 	    8,328	5458
1743	h	    8,328	5458
1744	dormir	    8,320	5453
1745	individuo	    8,319	5452
1746	cuerpos 	    8,316	5451
1747	corto	    8,312	5448
1748	organismos 	    8,311	5447
1749	especiales	    8,305	5443
1750	internet	    8,300	5440
1751	bancos 	    8,296	5437
1752	jugador	    8,290	5433
1753	esfuerzos	    8,289	5433
1754	beneficios	    8,280	5427
1755	terminar	    8,278	5426
1756	equilibrio	    8,277	5425
1757	oído	    8,276	5424
1758	lectura	    8,275	5424
1759	piezas	    8,274	5423
1760	límites	    8,253	5409
1761	aproximadamente  	    8,250	5407
1762	abre	    8,247	5405
1763	david	    8,244	5403
1764	llevado	    8,226	5392
1765	privado	    8,226	5392
1766	salón	    8,223	5390
1767	roberto	    8,210	5381
1768	actuales	    8,208	5380
1769	graves	    8,202	5376
1770	sonrisa	    8,200	5374
1771	uu	    8,199	5374
1772	foto	    8,191	5369
1773	perspectiva	    8,190	5368
1774	cifra	    8,189	5367
1775	crédito	    8,189	5367
1776	interesante	    8,184	5364
1777	constitucional	    8,179	5361
1778	aceptar	    8,175	5358
1779	producido	    8,174	5357
1780	bolsa	    8,167	5353
1781	factor	    8,162	5350
1782	noches 	    8,157	5346
1783	reconocimiento 	    8,149	5341
1784	juventud	    8,145	5338
1785	habitual	    8,144	5338
1786	categoría	    8,143	5337
1787	requiere	    8,142	5336
1788	fuese	    8,134	5331
1789	impresión	    8,132	5330
1790	llamar	    8,131	5329
1791	duro	    8,129	5328
1792	universal	    8,125	5325
1793	explicar	    8,124	5325
1794	presentan 	    8,121	5323
1795	realización	    8,115	5319
1796	rápido	    8,110	5316
1797	científicos	    8,108	5314
1798	serio	    8,100	5309
1799	científico	    8,093	5304
1800	comprender 	    8,093	5304
1801	reino	    8,093	5304
1802	preparación	    8,088	5301
1803	síntomas 	    8,088	5301
1804	recuperación	    8,087	5300
1805	utilización	    8,085	5299
1806	fuertes	    8,083	5298
1807	sonido	    8,082	5297
1808	inteligencia	    8,078	5295
1809	conversación 	    8,076	5293
1810	establece	    8,073	5291
1811	hubiese 	    8,065	5286
1812	plena	    8,065	5286
1813	venía	    8,061	5283
1814	realizó	    8,052	5277
1815	aznar	    8,042	5271
1816	daniel	    8,041	5270
1817	francesa	    8,036	5267
1818	legal	    8,029	5262
1819	abrió	    8,021	5257
1820	alegría	    8,010	5250
1821	ojo	    8,010	5250
1822	ocurrido	    8,008	5249
1823	díaz	    8,005	5247
1824	vuelto	    7,995	5240
1825	diputado	    7,991	5237
1826	correspondiente	    7,977	5228
1827	interna	    7,970	5224
1828	musical 	    7,969	5223
1829	segundos 	    7,969	5223
1830	recientemente 	    7,967	5222
1831	empieza 	    7,960	5217
1832	decreto	    7,947	5209
1833	china	    7,939	5203
1834	pareció	    7,927	5196
1835	células	    7,926	5195
1836	suelen	    7,925	5194
1837	perfectamente 	    7,923	5193
1838	azúcar 	    7,919	5190
1839	inversiones	    7,917	5189
1840	concentración 	    7,911	5185
1841	espalda 	    7,910	5184
1842	producen 	    7,906	5182
1843	democrática 	    7,897	5176
1844	respondió	    7,897	5176
1845	sucede 	    7,885	5168
1846	contexto	    7,884	5167
1847	claramente 	    7,881	5165
1848	paredes 	    7,876	5162
1849	motivos	    7,875	5161
1850	ciencias	    7,872	5159
1851	tuve	    7,872	5159
1852	isabel	    7,871	5159
1853	argentino	    7,868	5157
1854	inicio	    7,865	5155
1855	mercados  	    7,865	5155
1856	métodos 	    7,859	5151
1857	estudiar	    7,858	5150
1858	interpretación	    7,857	5150
1859	culturales	    7,855	5148
1860	prisión	    7,854	5148
1861	llevan	    7,847	5143
1862	amplio	    7,840	5139
1863	queremos  	    7,840	5139
1864	apertura	    7,836	5136
1865	dedos 	    7,836	5136
1866	vale	    7,836	5136
1867	creer	    7,829	5131
1868	voto	    7,829	5131
1869	participar	    7,827	5130
1870	corrupción	    7,817	5123
1871	histórica	    7,815	5122
1872	teresa	    7,814	5121
1873	papá 	    7,812	5120
1874	voces 	    7,808	5118
1875	pienso	    7,786	5103
1876	ángel	    7,784	5102
1877	inicial	    7,783	5101
1878	escala	    7,768	5091
1879	estrellas	    7,765	5089
1880	página	    7,755	5083
1881	guatemala 	    7,751	5080
1882	temor 	    7,743	5075
1883	encontrado 	    7,742	5074
1884	compra 	    7,739	5072
1885	pensó 	    7,731	5067
1886	dudas 	    7,717	5058
1887	reconocer 	    7,716	5057
1888	máxima  	    7,713	5055
1889	actuar	    7,709	5053
1890	reales	    7,697	5045
1891	universo	    7,687	5038
1892	directo	    7,683	5036
1893	negociaciones 	    7,679	5033
1894	ricardo	    7,677	5032
1895	instalaciones	    7,675	5030
1896	artículos	    7,672	5028
1897	aparato	    7,671	5028
1898	lleno	    7,671	5028
1899	intelectual	    7,666	5024
1900	cifras	    7,664	5023
1901	jardín	    7,657	5019
1902	vacío	    7,654	5017
1903	ciclo	    7,653	5016
1904	valle	    7,653	5016
1905	pensaba 	    7,651	5015
1906	forman 	    7,649	5013
1907	dirigente	    7,646	5011
1908	pide	    7,645	5011
1909	vehículos	    7,641	5008
1910	cuestiones 	    7,639	5007
1911	puesta 	    7,639	5007
1912	llamó	    7,635	5004
1913	ruiz	    7,634	5003
1914	mostró 	    7,625	4998
1915	pecho 	    7,617	4992
1916	honor	    7,615	4991
1917	pedir	    7,610	4988
1918	formar	    7,606	4985
1919	numerosos  	    7,605	4984
1920	seguramente  	    7,605	4984
1921	extraño	    7,603	4983
1922	recurso	    7,602	4983
1923	independiente	    7,598	4980
1924	posiciones	    7,594	4977
1925	sociedades 	    7,593	4977
1926	exteriores	    7,588	4973
1927	cita	    7,581	4969
1928	periodo	    7,574	4964
1929	propuestas 	    7,573	4964
1930	empleados  	    7,571	4962
1931	teniendo	    7,567	4960
1932	agencia 	    7,565	4958
1933	cuadros 	    7,564	4958
1934	partida	    7,564	4958
1935	tensión	    7,564	4958
1936	raúl	    7,555	4952
1937	mirar	    7,552	4950
1938	rica	    7,549	4948
1939	mexicano 	    7,547	4946
1940	modelos 	    7,539	4941
1941	regreso	    7,538	4941
1942	gobiernos	    7,537	4940
1943	constituyen	    7,535	4939
1944	absoluta	    7,533	4937
1945	clima	    7,523	4931
1946	criterio	    7,521	4929
1947	latina	    7,521	4929
1948	continúa	    7,515	4925
1949	punta	    7,513	4924
1950	amplia	    7,510	4922
1951	registro	    7,507	4920
1952	sesión	    7,507	4920
1953	patria	    7,506	4920
1954	posee 	    7,506	4920
1955	entró	    7,504	4918
1956	servir	    7,502	4917
1957	lluvia	    7,501	4916
1958	ganado 	    7,498	4914
1959	pasando 	    7,493	4911
1960	construir	    7,492	4910
1961	completa 	    7,490	4909
1962	personales 	    7,490	4909
1963	reducir	    7,480	4903
1964	desarrollar	    7,478	4901
1965	alcance 	    7,477	4901
1966	deporte	    7,475	4899
1967	pacto	    7,475	4899
1968	elaboración	    7,473	4898
1969	quedaba 	    7,472	4897
1970	vicepresidente	    7,472	4897
1971	alcohol	    7,471	4897
1972	etcétera	    7,471	4897
1973	fórmula	    7,458	4888
1974	inferior	    7,451	4884
1975	tasa	    7,449	4882
1976	expertos	    7,448	4882
1977	extranjero	    7,443	4878
1978	diciendo	    7,440	4876
1979	olvidar	    7,428	4868
1980	presentes 	    7,425	4866
1981	pensando 	    7,424	4866
1982	esperaba 	    7,421	4864
1983	código	    7,405	4853
1984	cooperación 	    7,398	4849
1985	fotografía	    7,397	4848
1986	batalla	    7,390	4844
1987	alternativa	    7,386	4841
1988	nacido	    7,379	4836
1989	árboles	    7,378	4836
1990	penal	    7,376	4834
1991	llena	    7,371	4831
1992	siguió	    7,363	4826
1993	hablaba 	    7,356	4821
1994	turismo	    7,355	4821
1995	papeles 	    7,350	4817
1996	menudo  	    7,347	4815
1997	angel	    7,346	4815
1998	papa 	    7,346	4815
1999	populares	    7,344	4813
2000	estación	    7,339	4810
2001	rápidamente 	    7,337	4809
2002	sección 	    7,329	4804
2003	determinado 	    7,328	4803
2004	convertirse	    7,327	4802
2005	global	    7,327	4802
2006	negociación 	    7,327	4802
2007	instrumento	    7,323	4800
2008	dura	    7,320	4798
2009	significado	    7,320	4798
2010	intensidad	    7,318	4796
2011	posterior	    7,318	4796
2012	múltiples	    7,317	4796
2013	gas 	    7,315	4794
2014	nuevamente  	    7,308	4790
2015	hierro	    7,290	4778
2016	seguido 	    7,290	4778
2017	once 	    7,289	4777
2018	conseguido 	    7,288	4777
2019	di	    7,288	4777
2020	soledad 	    7,287	4776
2021	mirando 	    7,280	4771
2022	presentado 	    7,278	4770
2023	instrumentos 	    7,274	4768
2024	supo 	    7,274	4768
2025	disco	    7,268	4764
2026	festival	    7,260	4758
2027	llegan	    7,254	4754
2028	mezcla 	    7,254	4754
2029	drogas 	    7,253	4754
2030	vivienda	    7,249	4751
2031	x	    7,245	4749
2032	escuchar 	    7,242	4747
2033	coronel	    7,240	4745
2034	completamente  	    7,231	4739
2035	ideal	    7,224	4735
2036	cáncer 	    7,214	4728
2037	textos	    7,210	4726
2038	hambre 	    7,207	4724
2039	solidaridad	    7,207	4724
2040	vicente	    7,199	4718
2041	continuar	    7,198	4718
2042	porcentaje	    7,198	4718
2043	artes	    7,193	4714
2044	vienen	    7,191	4713
2045	iii	    7,190	4712
2046	villa	    7,189	4712
2047	ah	    7,188	4711
2048	nicaragua	    7,188	4711
2049	hacían	    7,187	4710
2050	lector	    7,184	4709
2051	estructuras	    7,180	4706
2052	venir	    7,180	4706
2053	castillo	    7,175	4703
2054	opción	    7,175	4703
2055	comentó 	    7,170	4699
2056	sindicatos	    7,167	4697
2057	ganó 	    7,160	4693
2058	amenaza  	    7,152	4688
2059	representante	    7,148	4685
2060	comerciales 	    7,147	4684
2061	puedes 	    7,146	4684
2062	planeta	    7,142	4681
2063	perdió	    7,136	4677
2064	beneficio	    7,132	4674
2065	miami 	    7,130	4673
2066	buscando 	    7,125	4670
2067	sentimientos	    7,124	4669
2068	comprar 	    7,120	4667
2069	quedar 	    7,118	4665
2070	accidente	    7,108	4659
2071	ventaja	    7,105	4657
2072	impuesto 	    7,103	4655
2073	dejando 	    7,099	4653
2074	distinto	    7,099	4653
2075	tía	    7,095	4650
2076	semejante 	    7,093	4649
2077	españolas 	    7,086	4644
2078	occidental	    7,081	4641
2079	capaces 	    7,078	4639
2080	científica	    7,073	4636
2081	tengan 	    7,070	4634
2082	ruido	    7,065	4631
2083	individuos	    7,064	4630
2084	víctima	    7,062	4629
2085	vestido	    7,061	4628
2086	comunista 	    7,052	4622
2087	moda 	    7,052	4622
2088	títulos	    7,050	4621
2089	diagnóstico	    7,047	4619
2090	experiencias	    7,047	4619
2091	espejo	    7,039	4613
2092	puente 	    7,017	4599
2093	ingreso	    7,015	4598
2094	sueños 	    7,011	4595
2095	vehículo	    7,008	4593
2096	convierte	    7,002	4589
2097	viejos	    6,994	4584
2098	empezar 	    6,991	4582
2099	profesores	    6,985	4578
2100	pasión	    6,984	4577
2101	basta	    6,977	4573
2102	democrático 	    6,976	4572
2103	sintió	    6,976	4572
2104	dijeron	    6,974	4571
2105	comunes  	    6,972	4570
2106	sentimiento	    6,972	4570
2107	sentencia	    6,971	4569
2108	estatal	    6,970	4568
2109	madrugada  	    6,967	4566
2110	moderna 	    6,966	4566
2111	impacto 	    6,965	4565
2112	complejo 	    6,962	4563
2113	denuncia 	    6,961	4562
2114	toro	    6,959	4561
2115	víctor	    6,958	4560
2116	tabla	    6,947	4553
2117	delito	    6,946	4553
2118	ventas	    6,946	4553
2119	dominio 	    6,944	4551
2120	entidades	    6,943	4551
2121	superiores	    6,942	4550
2122	candidatos 	    6,937	4547
2123	gloria	    6,936	4546
2124	índice	    6,925	4539
2125	indios	    6,913	4531
2126	raíz	    6,908	4528
2127	john	    6,899	4522
2128	xix	    6,894	4518
2129	recordó	    6,887	4514
2130	absoluto	    6,881	4510
2131	agricultura	    6,880	4509
2132	marcos 	    6,877	4507
2133	composición 	    6,876	4507
2134	cuándo 	    6,873	4505
2135	joaquín	    6,873	4505
2136	terminó	    6,873	4505
2137	fueran	    6,872	4504
2138	asistencia	    6,870	4503
2139	explicación	    6,867	4501
2140	torres	    6,862	4497
2141	lógica	    6,860	4496
2142	triste	    6,855	4493
2143	avión	    6,853	4492
2144	enfermo 	    6,846	4487
2145	cuyas 	    6,842	4484
2146	excepción 	    6,842	4484
2147	habló	    6,838	4482
2148	placer	    6,836	4480
2149	humor 	    6,832	4478
2150	mecanismos  	    6,832	4478
2151	cerebro	    6,831	4477
2152	caliente	    6,830	4476
2153	excelente	    6,829	4476
2154	darse	    6,828	4475
2155	conocimientos 	    6,827	4475
2156	príncipe	    6,827	4475
2157	religión	    6,826	4474
2158	ganas 	    6,820	4470
2159	críticas	    6,819	4469
2160	profunda	    6,817	4468
2161	manifestaciones 	    6,816	4467
2162	dosis	    6,812	4465
2163	baño 	    6,811	4464
2164	paro	    6,807	4461
2165	profundo	    6,807	4461
2166	conceptos 	    6,803	4459
2167	depresión	    6,802	4458
2168	altas	    6,798	4456
2169	pared	    6,797	4455
2170	liberación	    6,794	4453
2171	estrella	    6,791	4451
2172	duración	    6,788	4449
2173	perro	    6,786	4448
2174	intentar	    6,785	4447
2175	aumentar 	    6,782	4445
2176	asesinato	    6,776	4441
2177	órdenes 	    6,772	4438
2178	ignacio	    6,767	4435
2179	roja	    6,764	4433
2180	permiten	    6,757	4429
2181	despacho 	    6,756	4428
2182	añade 	    6,755	4427
2183	poca 	    6,750	4424
2184	recibe	    6,747	4422
2185	muchacho  	    6,739	4417
2186	considerado 	    6,734	4414
2187	conversaciones 	    6,730	4411
2188	tendrán	    6,730	4411
2189	definición	    6,721	4405
2190	viven	    6,714	4400
2191	consideran 	    6,710	4398
2192	restos	    6,708	4397
2193	tomado 	    6,708	4397
2194	estadio	    6,703	4393
2195	actores	    6,692	4386
2196	debió	    6,690	4385
2197	conviene	    6,688	4383
2198	errores	    6,686	4382
2199	negros 	    6,686	4382
2200	humanidad  	    6,677	4376
2201	individual	    6,672	4373
2202	hogar	    6,670	4372
2203	conocida 	    6,656	4362
2204	acontecimientos 	    6,651	4359
2205	minuto 	    6,651	4359
2206	millón	    6,648	4357
2207	pantalla	    6,648	4357
2208	estadounidense 	    6,639	4351
2209	progreso	    6,632	4347
2210	inició	    6,631	4346
2211	pieza	    6,626	4343
2212	firme	    6,624	4341
2213	fundamentales 	    6,621	4339
2214	olor	    6,617	4337
2215	gracia	    6,612	4334
2216	autonomía 	    6,606	4330
2217	esencial	    6,602	4327
2218	exige	    6,600	4326
2219	viva	    6,598	4324
2220	norteamericana 	    6,595	4322
2221	nacimiento 	    6,594	4322
2222	polvo	    6,592	4320
2223	castilla	    6,577	4311
2224	fundamentalmente  	    6,573	4308
2225	impuestos 	    6,572	4307
2226	implica	    6,569	4305
2227	utiliza	    6,556	4297
2228	totalidad	    6,554	4296
2229	discusión	    6,552	4294
2230	italiano	    6,552	4294
2231	postura	    6,542	4288
2232	clientes	    6,533	4282
2233	luces	    6,530	4280
2234	encontramos  	    6,522	4275
2235	liberal	    6,522	4275
2236	interno	    6,521	4274
2237	dientes	    6,519	4273
2238	sesenta 	    6,517	4271
2239	exactamente  	    6,505	4263
2240	compañero  	    6,496	4258
2241	cuento 	    6,495	4257
2242	virus	    6,491	4254
2243	tareas	    6,486	4251
2244	evaluación	    6,485	4250
2245	máquina 	    6,476	4244
2246	funcionario	    6,472	4242
2247	señalar	    6,471	4241
2248	residencia	    6,470	4241
2249	absolutamente 	    6,468	4239
2250	dolores	    6,466	4238
2251	nació	    6,464	4237
2252	sebastián	    6,464	4237
2253	ánimo 	    6,462	4235
2254	caminos 	    6,461	4235
2255	torneo	    6,457	4232
2256	acabar 	    6,448	4226
2257	gol	    6,448	4226
2258	fracaso	    6,447	4225
2259	recorrido	    6,444	4223
2260	contiene	    6,439	4220
2261	eficacia	    6,439	4220
2262	policías	    6,436	4218
2263	suárez 	    6,436	4218
2264	inglaterra	    6,435	4218
2265	concreto	    6,434	4217
2266	determinar	    6,434	4217
2267	haberse 	    6,429	4214
2268	reglas	    6,427	4212
2269	clinton	    6,425	4211
2270	ríos	    6,420	4208
2271	redacción	    6,419	4207
2272	localidad	    6,414	4204
2273	escuelas 	    6,410	4201
2274	distinta	    6,409	4201
2275	seguida 	    6,400	4195
2276	paisaje	    6,398	4193
2277	comprobar 	    6,397	4193
2278	numerosas  	    6,393	4190
2279	creciente	    6,392	4189
2280	hernández 	    6,391	4189
2281	serían	    6,389	4187
2282	césar	    6,388	4187
2283	crimen 	    6,387	4186
2284	conocía 	    6,386	4185
2285	pintor	    6,383	4183
2286	suya 	    6,381	4182
2287	definitivamente	    6,380	4182
2288	propiedades 	    6,378	4180
2289	cierre	    6,371	4176
2290	jueces	    6,367	4173
2291	ofrecer	    6,367	4173
2292	estaría	    6,365	4172
2293	frontera	    6,365	4172
2294	virgen	    6,363	4170
2295	clasificación	    6,350	4162
2296	municipales 	    6,347	4160
2297	marina 	    6,341	4156
2298	abuela	    6,340	4155
2299	componentes  	    6,338	4154
2300	adecuada 	    6,337	4153
2301	resultó	    6,331	4149
2302	esperando 	    6,330	4149
2303	oscuro 	    6,330	4149
2304	parecido	    6,330	4149
2305	detenido	    6,327	4147
2306	gasto	    6,327	4147
2307	malo 	    6,326	4146
2308	pura	    6,315	4139
2309	investigadores	    6,314	4138
2310	cargos 	    6,312	4137
2311	cayó 	    6,306	4133
2312	pasaba 	    6,302	4130
2313	abandonar 	    6,301	4130
2314	sierra	    6,300	4129
2315	lima	    6,293	4124
2316	apareció	    6,291	4123
2317	secretaría	    6,289	4122
2318	pausa 	    6,288	4121
2319	prácticas	    6,288	4121
2320	cortés	    6,285	4119
2321	siguiendo	    6,285	4119
2322	conclusión	    6,282	4117
2323	habana 	    6,276	4113
2324	convirtió	    6,275	4113
2325	hipótesis	    6,272	4111
2326	editorial	    6,271	4110
2327	petróleo	    6,271	4110
2328	estén	    6,269	4109
2329	playa	    6,267	4107
2330	invierno	    6,265	4106
2331	convenio	    6,260	4103
2332	infantil	    6,254	4099
2333	extensión	    6,248	4095
2334	horno	    6,245	4093
2335	límite	    6,242	4091
2336	elegido	    6,241	4090
2337	concurso 	    6,240	4090
2338	japón	    6,231	4084
2339	probable	    6,230	4083
2340	observar	    6,227	4081
2341	déficit	    6,226	4081
2342	reconoce 	    6,220	4077
2343	anual	    6,217	4075
2344	trabajando	    6,212	4071
2345	responde 	    6,204	4066
2346	tren	    6,204	4066
2347	presidencial	    6,202	4065
2348	vías	    6,202	4065
2349	interesa	    6,199	4063
2350	supremo 	    6,195	4060
2351	enemigo 	    6,192	4058
2352	respectivamente 	    6,192	4058
2353	dificultad	    6,181	4051
2354	similares	    6,176	4048
2355	entiende	    6,168	4043
2356	morales 	    6,163	4039
2357	alimentación	    6,162	4039
2358	norma 	    6,157	4035
2359	mental 	    6,154	4033
2360	soluciones	    6,151	4031
2361	adecuado 	    6,149	4030
2362	cuánto 	    6,143	4026
2363	santos 	    6,141	4025
2364	amistad 	    6,140	4024
2365	derrota	    6,139	4024
2366	consiguió	    6,138	4023
2367	positivo	    6,138	4023
2368	compañías  	    6,137	4022
2369	ejecución	    6,134	4020
2370	expresó 	    6,127	4016
2371	embajador 	    6,126	4015
2372	tomás 	    6,125	4014
2373	dulce	    6,119	4010
2374	promedio 	    6,115	4008
2375	letras	    6,113	4006
2376	cuesta 	    6,110	4005
2377	academia 	    6,107	4003
2378	mando  	    6,102	3999
2379	costumbre 	    6,098	3997
2380	colectivo	    6,097	3996
2381	piedras	    6,097	3996
2382	rasgos 	    6,090	3991
2383	industriales	    6,089	3991
2384	mía 	    6,087	3989
2385	protesta	    6,087	3989
2386	viajes	    6,086	3989
2387	chica	    6,085	3988
2388	periódicos	    6,085	3988
2389	moneda  	    6,083	3987
2390	órganos 	    6,079	3984
2391	comunicado  	    6,078	3984
2392	mantenimiento 	    6,074	3981
2393	geografía	    6,072	3980
2394	manejo 	    6,072	3980
2395	fría	    6,068	3977
2396	patrimonio	    6,064	3974
2397	exclusivamente 	    6,061	3972
2398	antiguos	    6,060	3972
2399	universidades	    6,058	3970
2400	frecuente	    6,054	3968
2401	oficio	    6,053	3967
2402	ayudar 	    6,050	3965
2403	pedido	    6,048	3964
2404	superar	    6,045	3962
2405	auto	    6,042	3960
2406	relato	    6,038	3957
2407	unido	    6,038	3957
2408	sentado 	    6,037	3957
2409	quisiera	    6,035	3955
2410	detalle	    6,030	3952
2411	quedaron 	    6,024	3948
2412	obligado	    6,017	3944
2413	libres	    6,015	3942
2414	panamá  	    6,012	3940
2415	acabó 	    6,009	3938
2416	aeropuerto	    6,009	3938
2417	pobreza 	    6,007	3937
2418	reflexión	    6,004	3935
2419	cumbre 	    6,002	3934
2420	imaginación 	    6,000	3932
2421	cubano 	    5,997	3930
2422	solar	    5,997	3930
2423	costo	    5,995	3929
2424	hubieran	    5,994	3928
2425	tesis	    5,994	3928
2426	catalán	    5,990	3926
2427	armadas 	    5,988	3925
2428	hice	    5,977	3917
2429	oír	    5,975	3916
2430	dada 	    5,969	3912
2431	estabilidad	    5,966	3910
2432	vaso	    5,965	3909
2433	mecanismo  	    5,960	3906
2434	escribe	    5,958	3905
2435	aprender	    5,957	3904
2436	cambiado 	    5,957	3904
2437	bilbao	    5,954	3902
2438	naturalmente 	    5,954	3902
2439	comandante  	    5,946	3897
2440	potencia	    5,944	3896
2441	toros	    5,944	3896
2442	puro	    5,940	3893
2443	elegir	    5,937	3891
2444	facultad	    5,936	3890
2445	ocupa 	    5,936	3890
2446	patio	    5,935	3890
2447	recuperar	    5,931	3887
2448	corta	    5,930	3887
2449	pase 	    5,929	3886
2450	necesarios 	    5,925	3883
2451	responder 	    5,922	3881
2452	reuniones	    5,922	3881
2453	daño 	    5,920	3880
2454	trabaja	    5,919	3879
2455	promoción 	    5,908	3872
2456	ingredientes	    5,904	3869
2457	descubrir	    5,903	3869
2458	viviendas	    5,903	3869
2459	señal	    5,898	3866
2460	clínica	    5,896	3864
2461	tradicionales	    5,894	3863
2462	loco	    5,892	3862
2463	paseo 	    5,880	3854
2464	arena	    5,876	3851
2465	consideración	    5,876	3851
2466	deberán 	    5,876	3851
2467	esquema  	    5,875	3850
2468	creado 	    5,872	3849
2469	utilizado	    5,866	3845
2470	establecido	    5,865	3844
2471	concierto	    5,860	3841
2472	manifestación	    5,859	3840
2473	enfermos 	    5,857	3839
2474	rechazo 	    5,852	3835
2475	salido	    5,847	3832
2476	dejan	    5,840	3828
2477	israel	    5,837	3826
2478	consciente 	    5,834	3824
2479	propone 	    5,833	3823
2480	manifiesto	    5,832	3822
2481	publicado	    5,832	3822
2482	ejemplos 	    5,829	3820
2483	llamaba 	    5,826	3818
2484	barco	    5,825	3818
2485	usar	    5,824	3817
2486	signo	    5,821	3815
2487	afecta	    5,816	3812
2488	árbol	    5,816	3812
2489	riqueza	    5,813	3810
2490	difusión	    5,812	3809
2491	quiera	    5,811	3809
2492	disciplina	    5,809	3807
2493	vemos 	    5,805	3805
2494	felicidad	    5,804	3804
2495	mejora 	    5,803	3803
2496	dirige	    5,802	3803
2497	correr	    5,795	3798
2498	dimensión 	    5,793	3797
2499	oscar	    5,793	3797
2500	petición	    5,792	3796
2501	transformación	    5,792	3796
2502	notable	    5,789	3794
2503	pista	    5,784	3791
2504	andalucía	    5,779	3788
2505	marta 	    5,775	3785
2506	realizada	    5,774	3784
2507	aplicar	    5,773	3784
2508	cena 	    5,773	3784
2509	eléctrica	    5,767	3780
2510	enviado	    5,765	3778
2511	modos  	    5,763	3777
2512	fortuna	    5,759	3774
2513	conflictos	    5,758	3774
2514	infancia	    5,758	3774
2515	permitió	    5,756	3772
2516	campesinos  	    5,755	3772
2517	tercero	    5,755	3772
2518	desea 	    5,754	3771
2519	sida	    5,753	3771
2520	obligación	    5,752	3770
2521	oriente	    5,752	3770
2522	colección	    5,751	3769
2523	eficaz	    5,751	3769
2524	exceso 	    5,743	3764
2525	evidencia	    5,741	3763
2526	poderes 	    5,741	3763
2527	demostrar 	    5,740	3762
2528	muestran 	    5,740	3762
2529	protagonista	    5,739	3761
2530	alcanza 	    5,733	3757
2531	recuerdos 	    5,728	3754
2532	montaña 	    5,727	3753
2533	dictadura	    5,726	3753
2534	observa	    5,725	3752
2535	indígenas	    5,724	3752
2536	pasan 	    5,720	3749
2537	ortega	    5,719	3748
2538	claridad	    5,717	3747
2539	estuviera	    5,717	3747
2540	consulta	    5,715	3746
2541	financiero	    5,714	3745
2542	inflación	    5,713	3744
2543	senado 	    5,711	3743
2544	tropas	    5,711	3743
2545	mexicana 	    5,708	3741
2546	correspondientes 	    5,699	3735
2547	levantó	    5,695	3732
2548	vuelo	    5,694	3732
2549	imperio	    5,692	3731
2550	gana 	    5,691	3730
2551	agente 	    5,690	3729
2552	respuestas 	    5,682	3724
2553	civiles	    5,677	3721
2554	pierde	    5,676	3720
2555	moderno 	    5,675	3719
2556	homenaje 	    5,672	3717
2557	establecimiento	    5,671	3717
2558	crea	    5,669	3715
2559	fiestas	    5,668	3715
2560	números 	    5,668	3715
2561	controlar	    5,667	3714
2562	tratando	    5,667	3714
2563	intenta	    5,665	3713
2564	circulación	    5,659	3709
2565	reserva	    5,659	3709
2566	silla	    5,659	3709
2567	franceses	    5,657	3708
2568	expresa 	    5,653	3705
2569	escribió	    5,651	3704
2570	virtud	    5,646	3700
2571	satisfacción	    5,645	3700
2572	huevos 	    5,642	3698
2573	vos	    5,638	3695
2574	descenso 	    5,637	3694
2575	terrorismo	    5,635	3693
2576	ecuador 	    5,634	3693
2577	chico	    5,632	3691
2578	segura 	    5,632	3691
2579	contó	    5,629	3689
2580	líderes	    5,627	3688
2581	lentamente 	    5,624	3686
2582	historias	    5,618	3682
2583	galicia	    5,617	3681
2584	acompañado  	    5,615	3680
2585	décadas 	    5,615	3680
2586	reconoció	    5,615	3680
2587	hago 	    5,614	3679
2588	apartado	    5,609	3676
2589	feria	    5,609	3676
2590	rueda	    5,603	3672
2591	usuarios	    5,602	3672
2592	útil	    5,602	3672
2593	emilio	    5,598	3669
2594	cumplimiento 	    5,595	3667
2595	transición	    5,595	3667
2596	campeón  	    5,594	3666
2597	xx	    5,592	3665
2598	verse	    5,582	3658
2599	anteriormente	    5,581	3658
2600	defender	    5,581	3658
2601	cuáles	    5,580	3657
2602	hecha 	    5,578	3656
2603	remedio 	    5,577	3655
2604	ponen 	    5,576	3654
2605	debo 	    5,573	3653
2606	procedimientos 	    5,573	3653
2607	gritos	    5,566	3648
2608	círculo	    5,565	3647
2609	norteamericanos 	    5,564	3647
2610	rojas	    5,562	3645
2611	dirigido	    5,561	3645
2612	delitos	    5,560	3644
2613	avenida	    5,547	3635
2614	alonso	    5,545	3634
2615	obtuvo	    5,543	3633
2616	matar 	    5,536	3628
2617	cortes	    5,532	3626
2618	grados 	    5,528	3623
2619	previamente 	    5,521	3618
2620	publicación	    5,521	3618
2621	aprendizaje	    5,517	3616
2622	motor 	    5,515	3615
2623	crítico	    5,514	3614
2624	señores 	    5,512	3613
2625	muchacha  	    5,508	3610
2626	rumbo 	    5,506	3609
2627	trato	    5,502	3606
2628	arquitectura	    5,501	3605
2629	querer	    5,499	3604
2630	encargado 	    5,498	3603
2631	pensé 	    5,496	3602
2632	distrito	    5,495	3601
2633	rápida	    5,494	3601
2634	ay	    5,491	3599
2635	campeonato  	    5,491	3599
2636	gabriel	    5,479	3591
2637	maestros 	    5,479	3591
2638	reformas	    5,478	3590
2639	explotación	    5,474	3588
2640	católica	    5,469	3584
2641	contenidos 	    5,469	3584
2642	sustancias 	    5,469	3584
2643	regresar	    5,458	3577
2644	formado 	    5,457	3576
2645	creía	    5,456	3576
2646	juzgado 	    5,455	3575
2647	bolivia	    5,446	3569
2648	famoso 	    5,446	3569
2649	avance 	    5,445	3569
2650	particulares	    5,445	3569
2651	usa 	    5,443	3567
2652	cerrar	    5,440	3565
2653	aprobación 	    5,438	3564
2654	llamadas 	    5,438	3564
2655	termina	    5,437	3563
2656	borde	    5,436	3563
2657	fenómenos  	    5,431	3559
2658	of	    5,430	3559
2659	metro 	    5,429	3558
2660	corrientes	    5,427	3557
2661	dedicado 	    5,423	3554
2662	zaragoza 	    5,422	3554
2663	creen	    5,421	3553
2664	continente	    5,419	3552
2665	ventajas	    5,419	3552
2666	clásico	    5,418	3551
2667	orquesta	    5,417	3550
2668	oye 	    5,417	3550
2669	analizar	    5,416	3550
2670	ernesto	    5,412	3547
2671	cuentan 	    5,410	3546
2672	diarios	    5,410	3546
2673	dueño 	    5,403	3541
2674	actitudes	    5,399	3538
2675	bajar	    5,397	3537
2676	telefónica	    5,396	3537
2677	rusia	    5,395	3536
2678	coalición	    5,394	3535
2679	gustaría	    5,389	3532
2680	cerrado	    5,385	3529
2681	descubierto	    5,381	3527
2682	urbano 	    5,380	3526
2683	atentado	    5,373	3521
2684	deportivo	    5,372	3521
2685	viendo	    5,372	3521
2686	órgano 	    5,370	3519
2687	asociaciones 	    5,365	3516
2688	instalación	    5,362	3514
2689	hombros 	    5,360	3513
2690	introducción	    5,358	3512
2691	demostrado 	    5,355	3510
2692	determinados 	    5,354	3509
2693	mostrar	    5,352	3508
2694	atmósfera 	    5,351	3507
2695	gentes 	    5,349	3506
2696	moreno 	    5,347	3504
2697	sabido	    5,347	3504
2698	diga	    5,344	3502
2699	vender	    5,343	3502
2700	dejaba	    5,342	3501
2701	polémica 	    5,339	3499
2702	guillermo	    5,338	3498
2703	vacaciones 	    5,333	3495
2704	vidas	    5,331	3494
2705	mediados 	    5,330	3493
2706	subir	    5,330	3493
2707	iniciar	    5,328	3492
2708	droga	    5,323	3489
2709	iv	    5,320	3487
2710	asegurar	    5,319	3486
2711	entusiasmo 	    5,318	3485
2712	prestigio	    5,317	3485
2713	centrales	    5,316	3484
2714	edificios	    5,316	3484
2715	contestó	    5,313	3482
2716	extraña	    5,313	3482
2717	signos	    5,312	3481
2718	cristo	    5,311	3481
2719	permitir	    5,311	3481
2720	sensibilidad	    5,305	3477
2721	lógico	    5,304	3476
2722	terminado 	    5,302	3475
2723	bar	    5,301	3474
2724	comenzaron  	    5,298	3472
2725	ciudadano 	    5,296	3471
2726	actuaciones 	    5,293	3469
2727	particularmente	    5,286	3464
2728	especialistas	    5,285	3464
2729	canciones 	    5,280	3460
2730	golpes	    5,277	3459
2731	pertenece 	    5,277	3459
2732	legislación	    5,276	3458
2733	delegación	    5,273	3456
2734	anoche 	    5,270	3454
2735	dignidad	    5,269	3453
2736	armada 	    5,266	3451
2737	unidas	    5,260	3447
2738	citado	    5,256	3445
2739	conveniente	    5,256	3445
2740	empresario 	    5,256	3445
2741	llaman	    5,253	3443
2742	presos 	    5,252	3442
2743	expansión 	    5,248	3439
2744	radical	    5,248	3439
2745	advirtió	    5,243	3436
2746	tomando 	    5,243	3436
2747	comenzar  	    5,242	3436
2748	conforme 	    5,239	3434
2749	detenidos	    5,239	3434
2750	deseos 	    5,234	3430
2751	impulso 	    5,228	3426
2752	dispone 	    5,227	3426
2753	necesarias 	    5,223	3423
2754	esquina 	    5,221	3422
2755	productores	    5,220	3421
2756	ponerse 	    5,218	3420
2757	destaca 	    5,217	3419
2758	mantuvo 	    5,215	3418
2759	cola	    5,210	3415
2760	tuviera	    5,210	3415
2761	inmediata	    5,206	3412
2762	mexicanos  	    5,206	3412
2763	socios	    5,206	3412
2764	bajas	    5,205	3411
2765	informes	    5,205	3411
2766	romero 	    5,204	3411
2767	jefes	    5,203	3410
2768	argumento 	    5,202	3409
2769	cultivo	    5,201	3409
2770	vivía	    5,200	3408
2771	opiniones	    5,199	3407
2772	reloj	    5,199	3407
2773	in	    5,198	3407
2774	habido	    5,195	3405
2775	riesgos	    5,190	3401
2776	meta 	    5,188	3400
2777	gonzalo 	    5,187	3400
2778	laboratorio	    5,184	3398
2779	comunicaciones  	    5,183	3397
2780	medias 	    5,177	3393
2781	elena	    5,176	3392
2782	escolar	    5,175	3392
2783	danza 	    5,173	3390
2784	terrible	    5,172	3390
2785	notas	    5,171	3389
2786	entero	    5,169	3388
2787	suave 	    5,168	3387
2788	alejandro	    5,167	3386
2789	activa	    5,161	3382
2790	dirigida	    5,159	3381
2791	eje	    5,157	3380
2792	variedad	    5,157	3380
2793	fácilmente	    5,156	3379
2794	canción 	    5,154	3378
2795	cantidades 	    5,154	3378
2796	orientación	    5,144	3371
2797	fotos	    5,141	3369
2798	definir	    5,137	3367
2799	masas  	    5,135	3365
2800	tabaco 	    5,134	3365
2801	aventura	    5,130	3362
2802	próximas 	    5,129	3361
2803	pude 	    5,129	3361
2804	llegaba	    5,127	3360
2805	conocidos 	    5,126	3360
2806	raíces	    5,122	3357
2807	gravedad 	    5,121	3356
2808	blancos 	    5,119	3355
2809	gabinete	    5,113	3351
2810	alfredo	    5,112	3350
2811	municipio	    5,100	3342
2812	arroz	    5,098	3341
2813	potencial	    5,097	3341
2814	islas	    5,096	3340
2815	goles	    5,094	3339
2816	oportunidades 	    5,093	3338
2817	estuvieron	    5,090	3336
2818	caballero	    5,084	3332
2819	colocar	    5,084	3332
2820	comentarios 	    5,084	3332
2821	profundidad	    5,084	3332
2822	comprensión 	    5,083	3331
2823	panorama  	    5,081	3330
2824	otan	    5,080	3329
2825	revolucionario	    5,080	3329
2826	síntesis	    5,080	3329
2827	seno 	    5,078	3328
2828	anda 	    5,076	3327
2829	dependencia 	    5,076	3327
2830	primavera	    5,076	3327
2831	aumenta 	    5,071	3323
2832	manifiesta	    5,071	3323
2833	fruto	    5,069	3322
2834	brillante	    5,062	3318
2835	sindicato	    5,062	3318
2836	fechas	    5,060	3316
2837	torre	    5,060	3316
2838	oscuridad	    5,058	3315
2839	anuncio 	    5,056	3314
2840	intelectuales	    5,055	3313
2841	ampliación	    5,053	3312
2842	conservación 	    5,048	3308
2843	inicia	    5,046	3307
2844	alcanzó 	    5,045	3306
2845	teniente	    5,045	3306
2846	demuestra 	    5,042	3304
2847	salas	    5,040	3303
2848	vital	    5,038	3302
2849	pudieron	    5,033	3299
2850	carreras	    5,032	3298
2851	sabor	    5,031	3297
2852	combate 	    5,028	3295
2853	efectivamente	    5,028	3295
2854	lágrimas	    5,025	3293
2855	disminución 	    5,021	3291
2856	plantea	    5,021	3291
2857	provincial	    5,020	3290
2858	miraba 	    5,014	3286
2859	caracas 	    5,012	3285
2860	situado	    5,012	3285
2861	caballos	    5,008	3282
2862	proteínas	    5,008	3282
2863	biblioteca	    5,006	3281
2864	recientes	    5,006	3281
2865	afuera	    5,004	3280
2866	jiménez 	    5,002	3278
2867	tasas	    5,001	3278
2868	levanta	    4,998	3276
2869	cuarta	    4,995	3274
2870	taza	    4,995	3274
2871	conclusiones 	    4,988	3269
2872	necesitan	    4,987	3268
2873	negativa	    4,987	3268
2874	dieta	    4,986	3268
2875	alcanzado 	    4,985	3267
2876	andar	    4,982	3265
2877	destacó 	    4,980	3264
2878	pilar	    4,980	3264
2879	flor	    4,979	3263
2880	suficientes	    4,979	3263
2881	existentes	    4,977	3262
2882	utilizan	    4,976	3261
2883	ceremonia 	    4,973	3259
2884	ése 	    4,972	3259
2885	abogados 	    4,971	3258
2886	mantienen 	    4,969	3257
2887	castellano	    4,965	3254
2888	vivido	    4,965	3254
2889	representan	    4,964	3253
2890	cámaras 	    4,959	3250
2891	aparecer	    4,955	3247
2892	dioses	    4,953	3246
2893	programación 	    4,953	3246
2894	bogotá 	    4,945	3241
2895	médica 	    4,944	3240
2896	opciones 	    4,942	3239
2897	permiso 	    4,941	3238
2898	verdes	    4,941	3238
2899	mensajes 	    4,938	3236
2900	participantes	    4,936	3235
2901	sacó 	    4,935	3234
2902	profesión	    4,933	3233
2903	senador 	    4,932	3232
2904	alvarez	    4,928	3230
2905	convocatoria	    4,927	3229
2906	largas	    4,926	3228
2907	afirmar	    4,925	3228
2908	arma 	    4,919	3224
2909	americano 	    4,915	3221
2910	provincias	    4,911	3219
2911	cuantos 	    4,906	3215
2912	proporción	    4,906	3215
2913	rival	    4,906	3215
2914	angustia	    4,905	3215
2915	escasa 	    4,905	3215
2916	largos	    4,904	3214
2917	granada 	    4,902	3213
2918	destrucción	    4,900	3211
2919	europeas 	    4,899	3211
2920	podríamos 	    4,899	3211
2921	celebración	    4,898	3210
2922	traje	    4,898	3210
2923	parecían	    4,895	3208
2924	jurídico	    4,894	3207
2925	techo	    4,894	3207
2926	elevado	    4,890	3205
2927	financiera	    4,888	3204
2928	jean	    4,884	3201
2929	utilizando	    4,884	3201
2930	cubrir	    4,883	3200
2931	descanso 	    4,883	3200
2932	percepción 	    4,883	3200
2933	iu	    4,877	3196
2934	bosque 	    4,876	3196
2935	continuidad	    4,874	3194
2936	británico	    4,873	3194
2937	financiación	    4,873	3194
2938	bienestar	    4,870	3192
2939	afectados	    4,869	3191
2940	consejero	    4,867	3190
2941	dé	    4,864	3188
2942	diría	    4,863	3187
2943	descubrimiento 	    4,862	3186
2944	escándalo 	    4,862	3186
2945	estancia	    4,860	3185
2946	seguros 	    4,858	3184
2947	argumentos 	    4,857	3183
2948	espero 	    4,854	3181
2949	deportes	    4,853	3181
2950	informa	    4,850	3179
2951	preparado 	    4,850	3179
2952	negó 	    4,849	3178
2953	añadir	    4,848	3177
2954	corona 	    4,848	3177
2955	cabezas 	    4,847	3177
2956	cadáver	    4,847	3177
2957	iguales	    4,846	3176
2958	pendiente	    4,843	3174
2959	relacionados	    4,843	3174
2960	abuelo	    4,841	3173
2961	decirle	    4,841	3173
2962	normalmente  	    4,841	3173
2963	oficinas	    4,841	3173
2964	revisión	    4,839	3171
2965	frecuentes	    4,833	3167
2966	institucional	    4,833	3167
2967	cae 	    4,832	3167
2968	previa	    4,831	3166
2969	ricos	    4,831	3166
2970	símbolo 	    4,829	3165
2971	sostiene	    4,828	3164
2972	capa 	    4,826	3163
2973	temporal	    4,825	3162
2974	vigilancia	    4,825	3162
2975	mínima 	    4,824	3162
2976	columna 	    4,823	3161
2977	ves	    4,823	3161
2978	ofrecen	    4,822	3160
2979	acababa 	    4,821	3160
2980	determinada 	    4,821	3160
2981	ciu	    4,818	3158
2982	salsa	    4,818	3158
2983	ruta	    4,815	3156
2984	cursos 	    4,812	3154
2985	huesos 	    4,811	3153
2986	permitido	    4,811	3153
2987	difíciles	    4,810	3152
2988	amiga 	    4,809	3152
2989	observación	    4,807	3150
2990	escritores	    4,806	3150
2991	asumir 	    4,802	3147
2992	sufrido	    4,802	3147
2993	setenta	    4,800	3146
2994	dejaron	    4,798	3145
2995	guía	    4,798	3145
2996	haría	    4,795	3143
2997	nervioso	    4,794	3142
2998	vivos	    4,793	3141
2999	dimensiones 	    4,791	3140
3000	atender	    4,790	3139
3001	contratos	    4,789	3139
3002	fidel	    4,789	3139
3003	bandera 	    4,788	3138
3004	quedarse 	    4,785	3136
3005	regular	    4,784	3135
3006	india	    4,780	3133
3007	presupuestos 	    4,779	3132
3008	rendimiento	    4,779	3132
3009	igualdad	    4,778	3131
3010	tocar	    4,776	3130
3011	jurídica	    4,775	3129
3012	confusión	    4,774	3129
3013	sufrir	    4,774	3129
3014	descripción	    4,773	3128
3015	ilusión	    4,772	3127
3016	bajos	    4,771	3127
3017	actriz	    4,768	3125
3018	perfil	    4,765	3123
3019	malos 	    4,763	3122
3020	consideró	    4,760	3120
3021	posiblemente 	    4,757	3118
3022	tiro	    4,755	3116
3023	colonia	    4,752	3114
3024	premios 	    4,752	3114
3025	espectadores 	    4,750	3113
3026	banesto 	    4,746	3110
3027	dedo 	    4,746	3110
3028	determinadas 	    4,746	3110
3029	humo 	    4,745	3110
3030	sujetos	    4,743	3108
3031	oeste	    4,739	3106
3032	espaldas 	    4,736	3104
3033	gira	    4,735	3103
3034	hoja	    4,735	3103
3035	integrantes	    4,734	3103
3036	rural	    4,731	3101
3037	nariz	    4,729	3099
3038	esencia 	    4,728	3099
3039	cura	    4,727	3098
3040	reducido	    4,727	3098
3041	perfecto	    4,722	3095
3042	intentó	    4,720	3093
3043	gustavo	    4,719	3093
3044	básicos 	    4,716	3091
3045	enemigos 	    4,715	3090
3046	muestras 	    4,714	3089
3047	insistió	    4,713	3089
3048	letra	    4,709	3086
3049	pescado 	    4,707	3085
3050	automóvil	    4,706	3084
3051	testigos	    4,706	3084
3052	toneladas	    4,706	3084
3053	fama 	    4,705	3084
3054	impedir	    4,704	3083
3055	eliminar	    4,702	3082
3056	facilidad	    4,697	3078
3057	templo 	    4,695	3077
3058	reservas	    4,694	3076
3059	iglesias	    4,692	3075
3060	privadas	    4,692	3075
3061	logra	    4,691	3074
3062	necesariamente 	    4,689	3073
3063	ofreció	    4,689	3073
3064	ue	    4,688	3072
3065	electorales	    4,687	3072
3066	existir	    4,687	3072
3067	ópera	    4,682	3068
3068	emoción 	    4,679	3067
3069	testigo	    4,679	3067
3070	maneras 	    4,678	3066
3071	dato	    4,674	3063
3072	ácido	    4,673	3063
3073	banca 	    4,670	3061
3074	formal	    4,670	3061
3075	canto	    4,669	3060
3076	identificación	    4,669	3060
3077	directiva	    4,667	3059
3078	relativamente	    4,666	3058
3079	preparar	    4,661	3055
3080	blancas 	    4,660	3054
3081	destacar	    4,660	3054
3082	julián	    4,660	3054
3083	núcleo	    4,659	3053
3084	frases	    4,652	3049
3085	hiciera	    4,652	3049
3086	sencillo	    4,652	3049
3087	colectiva	    4,650	3048
3088	femenino 	    4,650	3048
3089	cristal	    4,649	3047
3090	seco 	    4,649	3047
3091	débil	    4,648	3046
3092	cebolla	    4,647	3046
3093	federico	    4,646	3045
3094	consigue 	    4,644	3044
3095	religiosa	    4,644	3044
3096	pérdidas	    4,643	3043
3097	realizan	    4,642	3042
3098	plato	    4,641	3042
3099	curiosidad	    4,638	3040
3100	instancia	    4,638	3040
3101	monte 	    4,637	3039
3102	ética	    4,636	3038
3103	química 	    4,633	3036
3104	hablado 	    4,632	3036
3105	permita	    4,630	3034
3106	merece 	    4,628	3033
3107	salen	    4,626	3032
3108	pujol	    4,622	3029
3109	cientos	    4,619	3027
3110	desarrollado	    4,613	3023
3111	dr	    4,613	3023
3112	daños 	    4,611	3022
3113	romper 	    4,609	3021
3114	alternativas	    4,608	3020
3115	mediodía 	    4,608	3020
3116	externa	    4,602	3016
3117	galería	    4,602	3016
3118	fotografías	    4,601	3015
3119	hablan	    4,601	3015
3120	legales	    4,600	3015
3121	desarrolla	    4,599	3014
3122	habíamos 	    4,599	3014
3123	salto	    4,599	3014
3124	art	    4,598	3013
3125	gutiérrez	    4,597	3013
3126	portugal	    4,597	3013
3127	moscú  	    4,596	3012
3128	perros	    4,596	3012
3129	plazas	    4,596	3012
3130	responsabilidades	    4,596	3012
3131	gil	    4,592	3009
3132	ataques 	    4,590	3008
3133	positiva	    4,583	3004
3134	tranquilo	    4,581	3002
3135	toca	    4,579	3001
3136	costumbres 	    4,576	2999
3137	adultos	    4,575	2998
3138	aparentemente 	    4,570	2995
3139	obispo	    4,570	2995
3140	acusado 	    4,569	2994
3141	incluyendo	    4,568	2994
3142	odio	    4,568	2994
3143	contactos 	    4,564	2991
3144	bomba  	    4,563	2990
3145	reacciones 	    4,561	2989
3146	vueltas	    4,559	2988
3147	estábamos  	    4,557	2987
3148	desaparición	    4,553	2984
3149	rincón	    4,551	2983
3150	gris	    4,549	2981
3151	hacemos  	    4,548	2981
3152	mercedes  	    4,547	2980
3153	intercambio	    4,546	2979
3154	créditos	    4,543	2977
3155	característica	    4,542	2977
3156	heridos	    4,542	2977
3157	comunistas 	    4,541	2976
3158	deberían	    4,540	2975
3159	dirigió	    4,539	2975
3160	sentirse	    4,537	2973
3161	harina	    4,530	2969
3162	dinámica 	    4,529	2968
3163	garantizar	    4,529	2968
3164	tarjeta	    4,529	2968
3165	consenso 	    4,528	2968
3166	financieros	    4,528	2968
3167	llamados 	    4,528	2968
3168	consiguiente	    4,524	2965
3169	secretos	    4,523	2964
3170	debían	    4,522	2964
3171	dispuestos 	    4,522	2964
3172	pensado 	    4,522	2964
3173	surge	    4,521	2963
3174	pepe 	    4,518	2961
3175	existía	    4,517	2960
3176	espectador 	    4,516	2960
3177	precisa	    4,516	2960
3178	jurado	    4,515	2959
3179	agencias 	    4,513	2958
3180	convencido 	    4,510	2956
3181	fiscales	    4,508	2954
3182	córdoba 	    4,507	2954
3183	oreja	    4,506	2953
3184	alemana 	    4,505	2952
3185	chicos	    4,502	2951
3186	ochenta 	    4,502	2951
3187	botella	    4,499	2949
3188	femenina 	    4,498	2948
3189	examen  	    4,497	2947
3190	ambiental	    4,494	2945
3191	pri	    4,494	2945
3192	pasaron 	    4,493	2945
3193	contaba 	    4,491	2943
3194	barrios	    4,488	2941
3195	llevaron	    4,487	2941
3196	policial	    4,485	2939
3197	invitados	    4,482	2937
3198	entrenador	    4,479	2935
3199	risa	    4,478	2935
3200	circunstancia	    4,474	2932
3201	tendencias 	    4,473	2931
3202	etapas 	    4,472	2931
3203	roca	    4,465	2926
3204	comparación 	    4,464	2926
3205	provoca	    4,464	2926
3206	vieron	    4,464	2926
3207	muñoz  	    4,455	2920
3208	autónoma  	    4,453	2918
3209	prevención	    4,453	2918
3210	dama 	    4,451	2917
3211	líquido	    4,450	2916
3212	estarán	    4,446	2914
3213	xviii	    4,446	2914
3214	decidir	    4,445	2913
3215	tribunales	    4,441	2911
3216	calma 	    4,437	2908
3217	suficientemente	    4,429	2903
3218	comentario 	    4,428	2902
3219	tv	    4,427	2901
3220	garantía	    4,425	2900
3221	protagonistas	    4,425	2900
3222	mandato 	    4,424	2899
3223	temprano 	    4,424	2899
3224	artística	    4,423	2899
3225	obreros	    4,423	2899
3226	quinto	    4,420	2897
3227	imprescindible	    4,418	2895
3228	retrato	    4,418	2895
3229	cero	    4,417	2895
3230	ésa 	    4,414	2893
3231	desaparecido 	    4,413	2892
3232	soviética	    4,411	2891
3233	temperaturas 	    4,408	2889
3234	baile	    4,405	2887
3235	curioso	    4,405	2887
3236	fronteras	    4,405	2887
3237	ensayo 	    4,402	2885
3238	desconocido 	    4,399	2883
3239	dichos	    4,398	2882
3240	queso 	    4,397	2882
3241	vecino	    4,396	2881
3242	empresarial	    4,394	2880
3243	mueve 	    4,394	2880
3244	sanidad 	    4,394	2880
3245	medicamentos  	    4,393	2879
3246	organizado 	    4,392	2878
3247	izquierdo	    4,390	2877
3248	conozco 	    4,388	2876
3249	lujo	    4,386	2874
3250	terroristas	    4,386	2874
3251	euros	    4,385	2874
3252	americana 	    4,383	2873
3253	ayudas 	    4,383	2873
3254	coste	    4,383	2873
3255	rosario	    4,383	2873
3256	ap	    4,379	2870
3257	enseguida 	    4,379	2870
3258	lectores	    4,379	2870
3259	emergencia 	    4,378	2869
3260	clásica	    4,375	2867
3261	reglamento 	    4,375	2867
3262	dará	    4,374	2867
3263	sindical	    4,372	2865
3264	raro	    4,371	2865
3265	alimento	    4,368	2863
3266	poblaciones 	    4,367	2862
3267	ronda	    4,367	2862
3268	horizonte	    4,365	2861
3269	trastornos	    4,365	2861
3270	kilos	    4,364	2860
3271	necesitaba 	    4,363	2859
3272	obliga	    4,362	2859
3273	nuclear	    4,361	2858
3274	rigor	    4,361	2858
3275	correo	    4,358	2856
3276	estética	    4,357	2855
3277	zapatos 	    4,357	2855
3278	ponía	    4,354	2853
3279	intensa	    4,353	2853
3280	bloque	    4,349	2850
3281	sombras 	    4,349	2850
3282	transmisión	    4,348	2850
3283	consigo 	    4,346	2848
3284	misterio	    4,345	2848
3285	gustaba 	    4,344	2847
3286	cerró	    4,342	2846
3287	inútil	    4,340	2844
3288	palma 	    4,339	2844
3289	turno	    4,339	2844
3290	aviones	    4,338	2843
3291	uruguay 	    4,338	2843
3292	expectativas	    4,337	2842
3293	comisiones 	    4,332	2839
3294	imaginar	    4,331	2838
3295	grito	    4,327	2836
3296	idioma	    4,324	2834
3297	obtenido	    4,324	2834
3298	realizadas	    4,324	2834
3299	privados	    4,319	2831
3300	antecedentes 	    4,316	2829
3301	cumple 	    4,315	2828
3302	provocar	    4,309	2824
3303	nicolás	    4,308	2823
3304	síndrome 	    4,306	2822
3305	llorar	    4,305	2821
3306	mariano 	    4,305	2821
3307	lorenzo	    4,303	2820
3308	deber	    4,301	2819
3309	ramas 	    4,300	2818
3310	planificación	    4,299	2817
3311	revistas	    4,299	2817
3312	tienda	    4,299	2817
3313	embajada 	    4,295	2815
3314	lento	    4,293	2814
3315	recoge 	    4,292	2813
3316	separación 	    4,291	2812
3317	resumen 	    4,288	2810
3318	beber	    4,285	2808
3319	coches 	    4,285	2808
3320	actúa	    4,283	2807
3321	terrenos	    4,278	2804
3322	sentí	    4,275	2802
3323	canales 	    4,274	2801
3324	caminar 	    4,270	2798
3325	firmado	    4,269	2798
3326	salía	    4,268	2797
3327	verdaderamente 	    4,268	2797
3328	coordinación	    4,267	2796
3329	cantante	    4,261	2793
3330	contigo	    4,257	2790
3331	precisión	    4,257	2790
3332	caído	    4,255	2789
3333	cercano 	    4,253	2787
3334	huevo 	    4,252	2787
3335	multitud	    4,249	2785
3336	exigencias	    4,244	2781
3337	sufrió	    4,243	2781
3338	corre	    4,241	2779
3339	sucedido 	    4,241	2779
3340	testimonio	    4,241	2779
3341	apariencia	    4,239	2778
3342	juega	    4,239	2778
3343	estima 	    4,238	2777
3344	onu 	    4,238	2777
3345	infraestructura	    4,236	2776
3346	posesión 	    4,236	2776
3347	trató	    4,236	2776
3348	orgullo	    4,234	2775
3349	previo	    4,232	2774
3350	vigor	    4,232	2774
3351	conocen 	    4,230	2772
3352	informaciones	    4,230	2772
3353	madres 	    4,230	2772
3354	redes	    4,230	2772
3355	contaminación 	    4,229	2772
3356	adquirir	    4,227	2770
3357	sirven	    4,227	2770
3358	venga 	    4,220	2766
3359	favorable	    4,215	2762
3360	primaria	    4,214	2762
3361	salinas	    4,213	2761
3362	renuncia	    4,212	2760
3363	accidentes 	    4,209	2758
3364	tránsito	    4,208	2758
3365	heridas	    4,207	2757
3366	comprende  	    4,205	2756
3367	cliente	    4,204	2755
3368	confirmó	    4,203	2755
3369	individuales	    4,203	2755
3370	acá 	    4,202	2754
3371	ordenó 	    4,198	2751
3372	solicitud	    4,198	2751
3373	tragedia	    4,197	2751
3374	levantar	    4,194	2749
3375	comando  	    4,193	2748
3376	oriental	    4,192	2747
3377	procedentes 	    4,190	2746
3378	detuvo	    4,189	2745
3379	hagan 	    4,189	2745
3380	trayectoria	    4,187	2744
3381	socialismo	    4,186	2743
3382	religioso	    4,185	2743
3383	bella	    4,179	2739
3384	emisión 	    4,179	2739
3385	humanas  	    4,179	2739
3386	presiones	    4,179	2739
3387	emperador 	    4,177	2737
3388	encuentros 	    4,177	2737
3389	facilitar	    4,177	2737
3390	irse	    4,177	2737
3391	terror	    4,177	2737
3392	señales 	    4,176	2737
3393	tecnologías	    4,175	2736
3394	documentación  	    4,172	2734
3395	espiritual	    4,172	2734
3396	visitar	    4,170	2733
3397	agrega 	    4,169	2732
3398	presidentes	    4,169	2732
3399	encontrarse	    4,168	2732
3400	acceder 	    4,167	2731
3401	saca 	    4,160	2726
3402	entiendo	    4,158	2725
3403	olvidado	    4,158	2725
3404	profundamente 	    4,157	2724
3405	condena 	    4,156	2724
3406	daban 	    4,156	2724
3407	respaldo	    4,156	2724
3408	pnv	    4,152	2721
3409	sufre	    4,148	2718
3410	tristeza	    4,148	2718
3411	regionales	    4,147	2718
3412	existente	    4,143	2715
3413	pudieran	    4,138	2712
3414	orgánica	    4,134	2709
3415	arco	    4,132	2708
3416	cambia 	    4,132	2708
3417	castigo	    4,131	2707
3418	valladolid	    4,131	2707
3419	ruptura	    4,130	2707
3420	amante 	    4,128	2705
3421	directores	    4,128	2705
3422	tejido	    4,127	2705
3423	disposiciones	    4,125	2703
3424	montañas  	    4,125	2703
3425	publicó	    4,125	2703
3426	intenso	    4,123	2702
3427	taller	    4,122	2701
3428	et	    4,121	2701
3429	km 	    4,121	2701
3430	balance 	    4,119	2699
3431	frutas	    4,117	2698
3432	tel	    4,117	2698
3433	exportaciones 	    4,115	2697
3434	ramírez	    4,113	2696
3435	restaurante	    4,112	2695
3436	demandas  	    4,111	2694
3437	funciona	    4,110	2694
3438	habrían	    4,110	2694
3439	trabajan	    4,108	2692
3440	cubana 	    4,107	2692
3441	municipios	    4,106	2691
3442	luisa	    4,105	2690
3443	suponer 	    4,098	2686
3444	lesiones	    4,097	2685
3445	refleja	    4,096	2684
3446	finalidad	    4,093	2682
3447	urgencia	    4,093	2682
3448	adolfo	    4,092	2682
3449	alemanes 	    4,091	2681
3450	negativo	    4,091	2681
3451	independientes 	    4,088	2679
3452	renovación	    4,088	2679
3453	regla	    4,083	2676
3454	incluido	    4,082	2675
3455	alteraciones	    4,079	2673
3456	ideología	    4,078	2673
3457	repente	    4,077	2672
3458	modificaciones	    4,076	2671
3459	incidencia	    4,075	2671
3460	encontraron	    4,074	2670
3461	muchachos  	    4,073	2669
3462	materias	    4,071	2668
3463	enormes 	    4,070	2667
3464	escritura	    4,069	2667
3465	fábrica	    4,068	2666
3466	uniforme	    4,066	2665
3467	variables	    4,059	2660
3468	crónica	    4,057	2659
3469	ventanas 	    4,056	2658
3470	guerrilla	    4,053	2656
3471	mentira	    4,053	2656
3472	tranquilidad	    4,053	2656
3473	camisa 	    4,052	2656
3474	recoger	    4,051	2655
3475	auténtico	    4,050	2654
3476	fiel	    4,050	2654
3477	max 	    4,050	2654
3478	sustancia	    4,049	2654
3479	permitirá	    4,048	2653
3480	catalana	    4,046	2652
3481	instrucciones	    4,045	2651
3482	decían	    4,044	2650
3483	claras	    4,043	2650
3484	mendoza  	    4,043	2650
3485	salarios	    4,043	2650
3486	conquista	    4,042	2649
3487	candidatura	    4,041	2648
3488	embarazo  	    4,041	2648
3489	vergüenza 	    4,039	2647
3490	incorporación	    4,037	2646
3491	limpieza	    4,036	2645
3492	cristina	    4,035	2644
3493	terrorista	    4,034	2644
3494	resultaba	    4,032	2642
3495	corresponsal	    4,031	2642
3496	ingeniero	    4,031	2642
3497	poema  	    4,031	2642
3498	mancha  	    4,030	2641
3499	adaptación 	    4,028	2640
3500	ansiedad 	    4,027	2639
3501	sostuvo	    4,027	2639
3502	limón	    4,025	2638
3503	luchar	    4,024	2637
3504	permanecer 	    4,023	2637
3505	dólar	    4,022	2636
3506	quinta	    4,021	2635
3507	escalera	    4,019	2634
3508	humedad  	    4,018	2633
3509	canadá 	    4,017	2633
3510	consejos 	    4,014	2631
3511	maíz 	    4,014	2631
3512	occidente	    4,013	2630
3513	patrón	    4,012	2629
3514	rodrigo	    4,012	2629
3515	sexuales 	    4,012	2629
3516	hugo 	    4,007	2626
3517	detención	    4,005	2625
3518	acercó 	    4,004	2624
3519	infección	    4,004	2624
3520	aceptación 	    4,000	2621
3521	avances 	    3,998	2620
3522	gerente	    3,998	2620
3523	personalmente 	    3,998	2620
3524	combinación 	    3,996	2619
3525	entera	    3,993	2617
3526	hombro 	    3,993	2617
3527	estatuto	    3,992	2616
3528	asiento	    3,990	2615
3529	crees	    3,989	2614
3530	empezaron  	    3,989	2614
3531	robert	    3,986	2612
3532	cumplido 	    3,985	2612
3533	renta	    3,985	2612
3534	santander 	    3,984	2611
3535	misa 	    3,983	2610
3536	pelota	    3,983	2610
3537	rodillas	    3,983	2610
3538	prima	    3,982	2610
3539	delgado 	    3,980	2608
3540	generaciones 	    3,980	2608
3541	sentidos	    3,980	2608
3542	prisa	    3,979	2608
3543	teorías	    3,978	2607
3544	trae	    3,978	2607
3545	cajas	    3,977	2606
3546	cariño	    3,976	2606
3547	competencias  	    3,976	2606
3548	desgracia	    3,976	2606
3549	ejemplares 	    3,976	2606
3550	aprobado 	    3,973	2604
3551	específico	    3,973	2604
3552	advierte	    3,972	2603
3553	lee	    3,969	2601
3554	frutos	    3,967	2600
3555	peligroso	    3,967	2600
3556	caribe	    3,965	2599
3557	concluyó 	    3,964	2598
3558	veremos 	    3,964	2598
3559	domicilio	    3,963	2597
3560	escucha 	    3,960	2595
3561	ugt	    3,960	2595
3562	novia	    3,957	2593
3563	caras	    3,955	2592
3564	reflejo	    3,955	2592
3565	diversidad	    3,954	2591
3566	sienta	    3,954	2591
3567	ligeramente	    3,953	2591
3568	paco 	    3,953	2591
3569	suspensión 	    3,951	2589
3570	proyección 	    3,948	2587
3571	tiende	    3,948	2587
3572	verlo	    3,947	2587
3573	cometido 	    3,946	2586
3574	impide	    3,946	2586
3575	consumidores  	    3,945	2585
3576	esperan 	    3,945	2585
3577	básica	    3,944	2585
3578	nieve	    3,943	2584
3579	asistir	    3,942	2583
3580	llegue	    3,942	2583
3581	agustín	    3,940	2582
3582	narcotráfico	    3,940	2582
3583	paquete 	    3,939	2581
3584	atlético	    3,938	2581
3585	vocación	    3,938	2581
3586	conduce 	    3,936	2579
3587	intenciones	    3,935	2579
3588	soldado 	    3,935	2579
3589	defensor	    3,932	2577
3590	planos	    3,932	2577
3591	hacerle	    3,929	2575
3592	lados	    3,927	2574
3593	literaria	    3,925	2572
3594	argentinos	    3,924	2572
3595	amparo 	    3,921	2570
3596	inteligente	    3,920	2569
3597	afirmación	    3,919	2568
3598	catedral	    3,918	2568
3599	guerrero	    3,917	2567
3600	viajar	    3,917	2567
3601	definitivo	    3,916	2566
3602	gato	    3,916	2566
3603	cm 	    3,915	2566
3604	repetir	    3,915	2566
3605	salvar	    3,915	2566
3606	gestos 	    3,914	2565
3607	inevitable	    3,914	2565
3608	empleado 	    3,912	2564
3609	coro	    3,911	2563
3610	asturias	    3,908	2561
3611	rubio	    3,908	2561
3612	suprema 	    3,907	2560
3613	descubrió	    3,906	2560
3614	echar	    3,905	2559
3615	integral	    3,904	2559
3616	quede 	    3,903	2558
3617	aprovechar	    3,902	2557
3618	cubierta	    3,902	2557
3619	acudir	    3,901	2557
3620	archivo	    3,901	2557
3621	define	    3,901	2557
3622	corresponden 	    3,899	2555
3623	encontraban 	    3,899	2555
3624	inmensa 	    3,899	2555
3625	mapa 	    3,899	2555
3626	sergio	    3,898	2555
3627	hilo	    3,896	2553
3628	navarro	    3,895	2553
3629	ciertamente	    3,894	2552
3630	explicaciones	    3,894	2552
3631	bolsillo	    3,893	2551
3632	críticos	    3,893	2551
3633	ocupar 	    3,893	2551
3634	activo	    3,891	2550
3635	buscan 	    3,891	2550
3636	volvía	    3,891	2550
3637	convivencia	    3,889	2549
3638	realizados	    3,889	2549
3639	suiza	    3,889	2549
3640	and 	    3,888	2548
3641	continuó	    3,888	2548
3642	península	    3,888	2548
3643	urbana 	    3,888	2548
3644	oh	    3,883	2545
3645	olvido	    3,883	2545
3646	ejercer	    3,881	2543
3647	tela	    3,879	2542
3648	pasajeros	    3,876	2540
3649	auténtica	    3,875	2540
3650	caza 	    3,874	2539
3651	navarra	    3,874	2539
3652	socio	    3,871	2537
3653	escrita	    3,870	2536
3654	querían	    3,868	2535
3655	piano	    3,867	2534
3656	florida	    3,866	2534
3657	obligaciones	    3,864	2532
3658	enfrentamiento	    3,863	2532
3659	talento	    3,863	2532
3660	desierto	    3,862	2531
3661	pierna	    3,862	2531
3662	adentro	    3,859	2529
3663	comienzos  	    3,859	2529
3664	vientos	    3,859	2529
3665	comisario	    3,858	2528
3666	alza	    3,852	2524
3667	honduras 	    3,851	2524
3668	bosques 	    3,850	2523
3669	cristiana	    3,849	2522
3670	propuso 	    3,849	2522
3671	otoño	    3,848	2522
3672	leído	    3,847	2521
3673	posteriores	    3,846	2521
3674	doctrina	    3,845	2520
3675	sucesos 	    3,845	2520
3676	visitas	    3,845	2520
3677	expresar	    3,844	2519
3678	prado	    3,844	2519
3679	fija	    3,843	2519
3680	abiertos	    3,842	2518
3681	cadenas 	    3,842	2518
3682	hermosa 	    3,842	2518
3683	jornadas	    3,842	2518
3684	intentos	    3,841	2517
3685	relativa	    3,841	2517
3686	artístico	    3,840	2517
3687	poniendo 	    3,840	2517
3688	extremos 	    3,838	2515
3689	provocó	    3,837	2515
3690	concesión 	    3,834	2513
3691	teníamos 	    3,834	2513
3692	halla	    3,832	2511
3693	juvenil	    3,831	2511
3694	sucedió 	    3,830	2510
3695	espacial	    3,829	2509
3696	agrícola	    3,826	2507
3697	destinado	    3,826	2507
3698	mantenido 	    3,826	2507
3699	explosión	    3,824	2506
3700	ajo	    3,821	2504
3701	jordi	    3,821	2504
3702	sirvió	    3,821	2504
3703	parlamentario	    3,820	2503
3704	diablo	    3,819	2503
3705	grasa	    3,816	2501
3706	incluyen	    3,816	2501
3707	poseen 	    3,816	2501
3708	xvi	    3,812	2498
3709	compuesto  	    3,810	2497
3710	determinación 	    3,810	2497
3711	viejas	    3,810	2497
3712	conoció 	    3,807	2495
3713	parlamentarios	    3,806	2494
3714	señalado 	    3,805	2494
3715	menem  	    3,804	2493
3716	salieron	    3,804	2493
3717	generalitat	    3,803	2492
3718	parar	    3,802	2492
3719	raza	    3,801	2491
3720	requisitos	    3,801	2491
3721	vigente	    3,801	2491
3722	compromisos  	    3,799	2490
3723	efectivo	    3,799	2490
3724	utilidad	    3,799	2490
3725	dichas	    3,798	2489
3726	poemas  	    3,798	2489
3727	amenazas  	    3,797	2488
3728	negociar	    3,797	2488
3729	singular	    3,797	2488
3730	valoración	    3,797	2488
3731	italiana	    3,794	2486
3732	laborales	    3,793	2486
3733	aficionados	    3,791	2484
3734	lago	    3,791	2484
3735	marcas 	    3,789	2483
3736	cubanos 	    3,787	2482
3737	regulación	    3,787	2482
3738	apoyar 	    3,786	2481
3739	ordenador 	    3,786	2481
3740	extrema 	    3,785	2481
3741	ejercicios	    3,784	2480
3742	encuesta 	    3,783	2479
3743	unida	    3,783	2479
3744	plenamente 	    3,781	2478
3745	aniversario	    3,777	2475
3746	bretaña	    3,777	2475
3747	variable	    3,776	2475
3748	guarda 	    3,773	2473
3749	alegre	    3,772	2472
3750	escenas 	    3,772	2472
3751	montaje 	    3,772	2472
3752	supongo 	    3,772	2472
3753	tve	    3,770	2471
3754	abandono 	    3,765	2467
3755	irene	    3,764	2467
3756	modificación	    3,764	2467
3757	eco 	    3,763	2466
3758	new 	    3,763	2466
3759	exilio	    3,762	2465
3760	provocado 	    3,762	2465
3761	sesiones 	    3,762	2465
3762	nubes 	    3,761	2465
3763	paul	    3,758	2463
3764	entrenamiento 	    3,757	2462
3765	espectacular	    3,757	2462
3766	perfecta	    3,757	2462
3767	extraordinario	    3,756	2462
3768	dices	    3,755	2461
3769	esposo 	    3,755	2461
3770	capitales	    3,754	2460
3771	colombiano 	    3,754	2460
3772	modificar	    3,751	2458
3773	muerta 	    3,750	2458
3774	extraordinaria	    3,749	2457
3775	viviendo	    3,749	2457
3776	distinguir	    3,748	2456
3777	ocurrir	    3,748	2456
3778	lanzó	    3,745	2454
3779	decide	    3,744	2454
3780	dibujo	    3,744	2454
3781	épocas 	    3,744	2454
3782	entregó	    3,743	2453
3783	físicas	    3,741	2452
3784	locura	    3,739	2450
3785	george 	    3,738	2450
3786	piloto	    3,737	2449
3787	cerrada	    3,735	2448
3788	comenzado  	    3,734	2447
3789	psicología	    3,734	2447
3790	convertir	    3,732	2446
3791	escritos	    3,732	2446
3792	aragón 	    3,731	2445
3793	evento	    3,731	2445
3794	músculos 	    3,731	2445
3795	circuito	    3,730	2444
3796	incapaz 	    3,729	2444
3797	combatir	    3,728	2443
3798	estómago  	    3,728	2443
3799	estudiante	    3,728	2443
3800	subida	    3,725	2441
3801	toledo	    3,725	2441
3802	ahorro	    3,724	2441
3803	retorno	    3,720	2438
3804	promover 	    3,718	2437
3805	reciben	    3,718	2437
3806	máquinas 	    3,717	2436
3807	sitios	    3,717	2436
3808	corriendo	    3,716	2435
3809	escapar 	    3,716	2435
3810	pensamientos  	    3,716	2435
3811	irán	    3,715	2435
3812	muro 	    3,714	2434
3813	ocupación 	    3,713	2433
3814	permanece  	    3,713	2433
3815	gallego	    3,712	2433
3816	pusieron	    3,712	2433
3817	visual	    3,711	2432
3818	iniciado	    3,710	2431
3819	fiebre	    3,709	2431
3820	rock	    3,708	2430
3821	vargas	    3,708	2430
3822	territorial	    3,706	2429
3823	nacionalista	    3,705	2428
3824	bruselas	    3,700	2425
3825	contraste	    3,700	2425
3826	enfrentar	    3,700	2425
3827	pesca 	    3,697	2423
3828	internos	    3,696	2422
3829	solos	    3,695	2422
3830	fiscalía	    3,694	2421
3831	selva	    3,694	2421
3832	activos	    3,693	2420
3833	votación	    3,692	2420
3834	aceptó 	    3,691	2419
3835	introducir	    3,691	2419
3836	condenado  	    3,689	2418
3837	novelas	    3,686	2416
3838	secuestro 	    3,686	2416
3839	cantar	    3,685	2415
3840	deterioro	    3,683	2414
3841	platos	    3,680	2412
3842	ruso	    3,678	2410
3843	falso	    3,677	2410
3844	listas	    3,677	2410
3845	magnitud 	    3,677	2410
3846	vázquez 	    3,676	2409
3847	conductor 	    3,673	2407
3848	culturas	    3,673	2407
3849	identificar	    3,673	2407
3850	instrucción	    3,673	2407
3851	reparto	    3,673	2407
3852	sonidos 	    3,673	2407
3853	abc 	    3,671	2406
3854	enfoque 	    3,669	2404
3855	margarita	    3,668	2404
3856	adoptar	    3,666	2403
3857	acusaciones 	    3,664	2401
3858	aquél	    3,661	2399
3859	arturo	    3,655	2395
3860	considerable	    3,655	2395
3861	fusión	    3,654	2395
3862	rivera	    3,651	2393
3863	seguirá	    3,651	2393
3864	resultan	    3,650	2392
3865	simples 	    3,650	2392
3866	chino	    3,649	2391
3867	debilidad	    3,649	2391
3868	juntas	    3,649	2391
3869	adiós	    3,648	2391
3870	básico	    3,648	2391
3871	propuesto 	    3,648	2391
3872	cardenal	    3,647	2390
3873	constantemente  	    3,647	2390
3874	estrategias	    3,643	2387
3875	corporal	    3,642	2387
3876	basura 	    3,640	2385
3877	entrado	    3,640	2385
3878	históricos	    3,639	2385
3879	normales 	    3,639	2385
3880	reconocido 	    3,639	2385
3881	cuentos 	    3,638	2384
3882	paciencia	    3,638	2384
3883	suyos 	    3,638	2384
3884	plástico	    3,636	2383
3885	bebé 	    3,635	2382
3886	herencia	    3,634	2382
3887	visitantes	    3,634	2382
3888	situada	    3,633	2381
3889	eva	    3,631	2380
3890	resultar	    3,631	2380
3891	ficción	    3,629	2378
3892	basada 	    3,627	2377
3893	abundante 	    3,626	2376
3894	compartir	    3,626	2376
3895	hospitales	    3,626	2376
3896	concluir	    3,624	2375
3897	organizar	    3,624	2375
3898	sencilla	    3,622	2374
3899	canarias	    3,621	2373
3900	genética	    3,621	2373
3901	berlín	    3,620	2372
3902	perdón 	    3,620	2372
3903	significativo	    3,620	2372
3904	versiones	    3,619	2372
3905	disfrutar	    3,618	2371
3906	vanguardia	    3,618	2371
3907	propietarios	    3,614	2368
3908	culto	    3,612	2367
3909	aplicaciones	    3,610	2366
3910	azules	    3,610	2366
3911	evidentemente 	    3,610	2366
3912	guión	    3,610	2366
3913	tesoro	    3,609	2365
3914	niega	    3,608	2364
3915	celebrar	    3,607	2364
3916	recordaba 	    3,606	2363
3917	equivalente	    3,605	2363
3918	limitaciones	    3,604	2362
3919	milagro	    3,604	2362
3920	jugando 	    3,603	2361
3921	categorías	    3,600	2359
3922	educativo	    3,600	2359
3923	represión	    3,599	2359
3924	sindicales	    3,598	2358
3925	turistas	    3,598	2358
3926	acusación 	    3,593	2355
3927	correcta	    3,593	2355
3928	parejas	    3,593	2355
3929	novedad 	    3,592	2354
3930	liberales	    3,589	2352
3931	continua	    3,586	2350
3932	hábitos	    3,586	2350
3933	joan	    3,586	2350
3934	delegado 	    3,585	2349
3935	recurrir	    3,585	2349
3936	cualidades	    3,584	2349
3937	costos 	    3,581	2347
3938	michael 	    3,580	2346
3939	universitario	    3,577	2344
3940	expediente 	    3,575	2343
3941	perspectivas	    3,575	2343
3942	expresiones 	    3,574	2342
3943	referencias	    3,573	2342
3944	nace 	    3,572	2341
3945	cierra	    3,571	2340
3946	denominado  	    3,570	2340
3947	cortar	    3,569	2339
3948	excepto 	    3,568	2338
3949	garantías	    3,568	2338
3950	envió	    3,567	2338
3951	industrias	    3,564	2336
3952	rapidez	    3,563	2335
3953	carreteras	    3,562	2334
3954	digital	    3,562	2334
3955	impone 	    3,562	2334
3956	gregorio	    3,561	2334
3957	crema 	    3,560	2333
3958	destacan 	    3,560	2333
3959	parcial	    3,560	2333
3960	sitúa	    3,560	2333
3961	conexión 	    3,559	2332
3962	gubernamental 	    3,559	2332
3963	versos	    3,556	2330
3964	concreta	    3,555	2330
3965	filas	    3,555	2330
3966	desaparecer 	    3,554	2329
3967	retirada	    3,554	2329
3968	decirse	    3,553	2328
3969	soberanía	    3,552	2328
3970	xvii	    3,552	2328
3971	basado 	    3,551	2327
3972	núñez 	    3,550	2326
3973	anuales 	    3,549	2326
3974	chileno	    3,549	2326
3975	mediterráneo 	    3,548	2325
3976	indispensable	    3,547	2325
3977	periodismo 	    3,547	2325
3978	desempleo  	    3,544	2323
3979	balón	    3,543	2322
3980	eeuu 	    3,542	2321
3981	músicos 	    3,538	2319
3982	prepara	    3,538	2319
3983	oficialmente	    3,537	2318
3984	sacerdote 	    3,537	2318
3985	muere 	    3,536	2317
3986	hijas	    3,535	2317
3987	disponer	    3,534	2316
3988	ejemplar	    3,534	2316
3989	miseria	    3,534	2316
3990	amarillo	    3,533	2315
3991	creemos 	    3,533	2315
3992	deje	    3,533	2315
3993	genera 	    3,533	2315
3994	restantes	    3,533	2315
3995	bellas	    3,532	2315
3996	sara	    3,532	2315
3997	ama 	    3,530	2313
3998	episodio	    3,529	2313
3999	bush 	    3,528	2312
4000	kg	    3,525	2310
4001	ensayos 	    3,522	2308
4002	seguimiento 	    3,522	2308
4003	pertenecen 	    3,520	2307
4004	regresó	    3,516	2304
4005	arquitecto	    3,515	2304
4006	com 	    3,514	2303
4007	vega	    3,514	2303
4008	llegando	    3,513	2302
4009	abandonado  	    3,511	2301
4010	corporación	    3,511	2301
4011	convicción	    3,510	2300
4012	caracteriza	    3,507	2298
4013	acepta 	    3,506	2298
4014	agenda 	    3,506	2298
4015	pasillo	    3,506	2298
4016	sacrificio	    3,506	2298
4017	adolescentes 	    3,505	2297
4018	americanos 	    3,505	2297
4019	alicia	    3,500	2294
4020	regalo	    3,500	2294
4021	aparente	    3,499	2293
4022	justamente 	    3,498	2292
4023	musicales 	    3,498	2292
4024	universitaria	    3,498	2292
4025	siga	    3,496	2291
4026	ajuste	    3,495	2290
4027	creador	    3,494	2290
4028	colegios	    3,492	2288
4029	fresco	    3,492	2288
4030	indígena	    3,492	2288
4031	lucía	    3,492	2288
4032	estuve	    3,491	2288
4033	herida	    3,491	2288
4034	electricidad	    3,489	2286
4035	generar	    3,489	2286
4036	incluir	    3,489	2286
4037	ramos 	    3,488	2286
4038	peña 	    3,484	2283
4039	pinturas	    3,484	2283
4040	echó 	    3,482	2282
4041	félix	    3,480	2281
4042	laura	    3,480	2281
4043	afán	    3,479	2280
4044	cambió 	    3,479	2280
4045	proteger	    3,479	2280
4046	recinto	    3,478	2279
4047	vuelven	    3,478	2279
4048	decenas 	    3,477	2279
4049	vigencia	    3,476	2278
4050	administrativo	    3,475	2277
4051	niñas	    3,475	2277
4052	usuario	    3,474	2277
4053	hermoso 	    3,471	2275
4054	une 	    3,470	2274
4055	té	    3,468	2273
4056	breves	    3,467	2272
4057	muebles 	    3,466	2271
4058	cálculo	    3,465	2271
4059	malas 	    3,465	2271
4060	propietario	    3,465	2271
4061	puta	    3,464	2270
4062	efectuar	    3,463	2269
4063	fuimos	    3,463	2269
4064	vivió	    3,463	2269
4065	autónomas  	    3,462	2269
4066	fina	    3,462	2269
4067	aparatos	    3,461	2268
4068	basa 	    3,461	2268
4069	avanzar	    3,460	2267
4070	longitud	    3,459	2267
4071	arias	    3,456	2265
4072	bajó	    3,455	2264
4073	británica	    3,455	2264
4074	directivos	    3,455	2264
4075	planteamiento 	    3,455	2264
4076	colegas 	    3,454	2264
4077	secuencia 	    3,452	2262
4078	adolescente 	    3,449	2260
4079	relacionadas	    3,447	2259
4080	urgente	    3,447	2259
4081	culpable	    3,446	2258
4082	pagos 	    3,446	2258
4083	film	    3,445	2258
4084	herido	    3,444	2257
4085	afectan	    3,443	2256
4086	sombrero 	    3,443	2256
4087	caldo	    3,442	2256
4088	vih	    3,442	2256
4089	costado 	    3,441	2255
4090	negras 	    3,439	2254
4091	piensan 	    3,439	2254
4092	pendientes 	    3,438	2253
4093	serlo	    3,438	2253
4094	catorce	    3,437	2252
4095	afp	    3,435	2251
4096	oscura 	    3,435	2251
4097	boda 	    3,434	2250
4098	calificó	    3,433	2250
4099	quito	    3,432	2249
4100	gala	    3,430	2248
4101	agradable	    3,426	2245
4102	efectiva	    3,426	2245
4103	adquisición	    3,425	2245
4104	tratados	    3,424	2244
4105	verá	    3,424	2244
4106	infierno	    3,423	2243
4107	prevista	    3,423	2243
4108	rayos	    3,423	2243
4109	josep	    3,422	2243
4110	roldán	    3,422	2243
4111	contado 	    3,421	2242
4112	policiales	    3,421	2242
4113	eliminación	    3,419	2241
4114	inicialmente	    3,419	2241
4115	estable	    3,418	2240
4116	físicos	    3,416	2239
4117	seca 	    3,416	2239
4118	observaciones 	    3,414	2237
4119	ancho 	    3,413	2237
4120	coloca	    3,413	2237
4121	comedia 	    3,411	2235
4122	considerarse	    3,411	2235
4123	administrativa	    3,410	2235
4124	creó	    3,410	2235
4125	elaborado	    3,410	2235
4126	crecer	    3,408	2233
4127	cristianos	    3,407	2233
4128	pistola	    3,406	2232
4129	cartera	    3,405	2231
4130	respiración	    3,405	2231
4131	nacionalistas	    3,404	2231
4132	imponer 	    3,401	2229
4133	obrero	    3,400	2228
4134	únicos	    3,400	2228
4135	vientre	    3,400	2228
4136	directora	    3,399	2228
4137	poetas 	    3,399	2228
4138	aérea	    3,398	2227
4139	azar	    3,398	2227
4140	despertar	    3,397	2226
4141	plataforma	    3,397	2226
4142	ejecutiva	    3,392	2223
4143	discutir	    3,390	2222
4144	indican	    3,390	2222
4145	visible	    3,385	2218
4146	duque 	    3,384	2218
4147	mortalidad	    3,383	2217
4148	marcado 	    3,382	2216
4149	acabado 	    3,378	2214
4150	preocupa 	    3,377	2213
4151	reproducción	    3,377	2213
4152	específicos	    3,376	2212
4153	sensible	    3,375	2212
4154	territorios	    3,375	2212
4155	genes 	    3,370	2208
4156	finanzas	    3,369	2208
4157	entradas	    3,367	2207
4158	piden	    3,367	2207
4159	soportar	    3,367	2207
4160	anunciado 	    3,366	2206
4161	autorización	    3,365	2205
4162	consta 	    3,365	2205
4163	sofía	    3,365	2205
4164	obtiene	    3,364	2205
4165	escasos 	    3,363	2204
4166	trece	    3,363	2204
4167	orígenes	    3,361	2203
4168	integrado	    3,359	2201
4169	mierda 	    3,359	2201
4170	quiénes 	    3,359	2201
4171	aprobó 	    3,358	2201
4172	centímetros	    3,358	2201
4173	habitualmente 	    3,358	2201
4174	censura 	    3,357	2200
4175	cotidiana	    3,357	2200
4176	interesados	    3,357	2200
4177	penas 	    3,357	2200
4178	sorprendente 	    3,355	2199
4179	declarar	    3,353	2197
4180	sospecha 	    3,353	2197
4181	básicamente 	    3,352	2197
4182	circular	    3,352	2197
4183	viuda	    3,352	2197
4184	contempla 	    3,350	2195
4185	casado 	    3,349	2195
4186	específica	    3,349	2195
4187	mesas  	    3,349	2195
4188	simultáneamente  	    3,349	2195
4189	variaciones	    3,349	2195
4190	rara	    3,348	2194
4191	recepción	    3,348	2194
4192	calendario	    3,345	2192
4193	mecánica 	    3,337	2187
4194	salario	    3,337	2187
4195	mencionado  	    3,335	2186
4196	miel	    3,335	2186
4197	excelencia	    3,333	2184
4198	cementerio 	    3,332	2184
4199	dibujos	    3,331	2183
4200	estadounidenses 	    3,331	2183
4201	cobertura	    3,329	2182
4202	escaso 	    3,329	2182
4203	antiguas	    3,328	2181
4204	brasileño	    3,328	2181
4205	deportiva	    3,326	2180
4206	señorita	    3,326	2180
4207	habilidad	    3,324	2178
4208	cerveza	    3,322	2177
4209	estaciones 	    3,322	2177
4210	denuncias 	    3,320	2176
4211	sumamente  	    3,320	2176
4212	ampliar	    3,319	2175
4213	oxígeno 	    3,319	2175
4214	abiertas	    3,317	2174
4215	apunta 	    3,317	2174
4216	fallo	    3,316	2173
4217	leyenda 	    3,316	2173
4218	teatral	    3,316	2173
4219	barra	    3,311	2170
4220	fabricación	    3,309	2169
4221	relacionado	    3,309	2169
4222	servido	    3,309	2169
4223	eh	    3,308	2168
4224	perdida	    3,308	2168
4225	primo	    3,308	2168
4226	traslado	    3,308	2168
4227	refugio	    3,305	2166
4228	representar	    3,304	2165
4229	terapia	    3,304	2165
4230	rama 	    3,302	2164
4231	formando 	    3,301	2163
4232	herramientas 	    3,301	2163
4233	judíos	    3,301	2163
4234	trabajador	    3,300	2163
4235	limpia	    3,299	2162
4236	declarado	    3,298	2161
4237	foro	    3,298	2161
4238	utilizados	    3,298	2161
4239	retiro	    3,296	2160
4240	civilización	    3,295	2159
4241	revela	    3,292	2157
4242	sienten	    3,292	2157
4243	alturas	    3,291	2157
4244	colaboradores 	    3,291	2157
4245	complejidad 	    3,291	2157
4246	fuga	    3,290	2156
4247	gramos 	    3,288	2155
4248	guerras	    3,288	2155
4249	literario	    3,288	2155
4250	automóviles	    3,287	2154
4251	suena 	    3,287	2154
4252	estatales	    3,286	2153
4253	cuántos 	    3,283	2151
4254	paraguay 	    3,283	2151
4255	inferiores	    3,280	2149
4256	sometido 	    3,279	2149
4257	aves	    3,277	2148
4258	giro	    3,276	2147
4259	judiciales	    3,276	2147
4260	universitarios	    3,276	2147
4261	gritó	    3,274	2146
4262	solitario	    3,273	2145
4263	doy 	    3,271	2144
4264	salamanca  	    3,271	2144
4265	componente  	    3,270	2143
4266	decirlo	    3,270	2143
4267	fantasía	    3,270	2143
4268	estrecha	    3,269	2142
4269	mariana 	    3,269	2142
4270	habituales	    3,268	2142
4271	vea	    3,266	2140
4272	cuartos	    3,265	2140
4273	parlamentaria	    3,265	2140
4274	pregunté	    3,265	2140
4275	soporte	    3,265	2140
4276	conservar	    3,262	2138
4277	dominicana 	    3,262	2138
4278	toman 	    3,259	2136
4279	campañas  	    3,258	2135
4280	esenciales	    3,258	2135
4281	faltaba	    3,258	2135
4282	pensiones 	    3,258	2135
4283	atractivo	    3,257	2134
4284	lenguas 	    3,257	2134
4285	gal	    3,254	2132
4286	insiste	    3,254	2132
4287	angeles 	    3,253	2132
4288	esperanzas 	    3,252	2131
4289	cuartel	    3,248	2129
4290	prevé	    3,248	2129
4291	docentes 	    3,247	2128
4292	interesado	    3,247	2128
4293	ángeles 	    3,246	2127
4294	facultades	    3,246	2127
4295	construido	    3,245	2127
4296	continuo	    3,245	2127
4297	duró	    3,245	2127
4298	herrera	    3,245	2127
4299	certeza	    3,244	2126
4300	correcto	    3,243	2125
4301	nombrado  	    3,243	2125
4302	realizará	    3,243	2125
4303	semejantes 	    3,240	2123
4304	dirigir	    3,238	2122
4305	pacífico	    3,238	2122
4306	ilegal	    3,237	2121
4307	burgos 	    3,235	2120
4308	empezado  	    3,235	2120
4309	llevaban	    3,234	2119
4310	mostrado 	    3,234	2119
4311	cercana 	    3,232	2118
4312	guardias	    3,232	2118
4313	mito	    3,231	2117
4314	venían	    3,231	2117
4315	presentarse	    3,229	2116
4316	famosa 	    3,228	2115
4317	frecuentemente 	    3,227	2115
4318	normativa	    3,227	2115
4319	absurdo 	    3,226	2114
4320	colón	    3,223	2112
4321	fórmulas	    3,223	2112
4322	afectado	    3,221	2111
4323	futura	    3,221	2111
4324	aclarar	    3,220	2110
4325	récord	    3,220	2110
4326	extranjera	    3,218	2109
4327	amo 	    3,217	2108
4328	contemplar 	    3,217	2108
4329	tecnológico	    3,217	2108
4330	vidrio	    3,217	2108
4331	cintura	    3,215	2107
4332	medina 	    3,214	2106
4333	religiosas	    3,214	2106
4334	alba	    3,213	2106
4335	ocupado 	    3,213	2106
4336	pájaros	    3,213	2106
4337	hermanas  	    3,211	2104
4338	secundaria 	    3,211	2104
4339	clubes	    3,209	2103
4340	plantilla	    3,209	2103
4341	básicas 	    3,208	2102
4342	crece	    3,208	2102
4343	increíble	    3,208	2102
4344	nave	    3,208	2102
4345	reto	    3,207	2102
4346	adn 	    3,204	2100
4347	vegetales	    3,203	2099
4348	enviar	    3,202	2098
4349	llevando	    3,202	2098
4350	héroe	    3,201	2098
4351	celebrado	    3,199	2096
4352	criminal	    3,198	2096
4353	palmas 	    3,198	2096
4354	rocas	    3,197	2095
4355	contribuir	    3,194	2093
4356	lenta	    3,193	2092
4357	llave	    3,193	2092
4358	haces 	    3,192	2092
4359	sube 	    3,192	2092
4360	canciller	    3,191	2091
4361	relieve	    3,191	2091
4362	ajeno	    3,190	2091
4363	hielo	    3,190	2091
4364	leve	    3,190	2091
4365	obtenidos	    3,190	2091
4366	cuenca 	    3,189	2090
4367	incendio	    3,188	2089
4368	barcos 	    3,187	2089
4369	drama 	    3,186	2088
4370	paraíso	    3,186	2088
4371	poderoso 	    3,186	2088
4372	especialista	    3,184	2087
4373	rango	    3,182	2085
4374	dispuesta	    3,181	2085
4375	exclusiva	    3,181	2085
4376	supervivencia	    3,181	2085
4377	toque	    3,181	2085
4378	metido 	    3,180	2084
4379	internas	    3,177	2082
4380	clásicos	    3,175	2081
4381	elevada	    3,174	2080
4382	oyó 	    3,174	2080
4383	sucesión 	    3,173	2079
4384	racional	    3,170	2077
4385	habitaciones	    3,169	2077
4386	estando 	    3,168	2076
4387	intervenir	    3,168	2076
4388	ascenso 	    3,166	2075
4389	solas	    3,163	2073
4390	asistentes	    3,160	2071
4391	antena 	    3,159	2070
4392	publicaciones	    3,159	2070
4393	vera	    3,159	2070
4394	costes 	    3,158	2070
4395	electrónico	    3,158	2070
4396	entran	    3,158	2070
4397	subió	    3,157	2069
4398	capitalismo	    3,155	2068
4399	beso 	    3,154	2067
4400	almuerzo 	    3,153	2066
4401	establecimientos	    3,153	2066
4402	considerada 	    3,152	2066
4403	mire	    3,152	2066
4404	presentada 	    3,150	2064
4405	reduce 	    3,150	2064
4406	inquietud	    3,148	2063
4407	afición	    3,147	2062
4408	defectos	    3,147	2062
4409	elaborar	    3,146	2062
4410	fomento 	    3,146	2062
4411	empezaba  	    3,145	2061
4412	intimidad	    3,145	2061
4413	aporte	    3,144	2060
4414	llegamos 	    3,144	2060
4415	presentaron	    3,144	2060
4416	juana	    3,143	2060
4417	solía	    3,142	2059
4418	investigar	    3,141	2058
4419	pimienta	    3,141	2058
4420	acontecimiento 	    3,138	2056
4421	minas 	    3,138	2056
4422	consideraba 	    3,137	2056
4423	necesito	    3,137	2056
4424	urss	    3,137	2056
4425	lanza	    3,135	2054
4426	minerales	    3,134	2054
4427	rojos	    3,134	2054
4428	entendido	    3,133	2053
4429	aceptado 	    3,131	2052
4430	cancha 	    3,130	2051
4431	conservador 	    3,130	2051
4432	málaga 	    3,130	2051
4433	discos	    3,129	2051
4434	retraso	    3,129	2051
4435	compleja 	    3,128	2050
4436	académico  	    3,126	2049
4437	navidad	    3,126	2049
4438	california	    3,125	2048
4439	holanda 	    3,124	2047
4440	invitado	    3,123	2047
4441	fases	    3,122	2046
4442	pecado 	    3,122	2046
4443	sustitución	    3,122	2046
4444	serrano	    3,120	2045
4445	surgió	    3,120	2045
4446	cristiano	    3,119	2044
4447	monetaria 	    3,118	2043
4448	burguesía	    3,117	2043
4449	lograron	    3,117	2043
4450	semillas	    3,117	2043
4451	comerciantes 	    3,114	2041
4452	agregar	    3,112	2039
4453	recibieron	    3,112	2039
4454	vencer	    3,112	2039
4455	lesión	    3,111	2039
4456	tarifas	    3,111	2039
4457	agresión	    3,109	2037
4458	vivimos	    3,109	2037
4459	propaganda 	    3,108	2037
4460	árabe	    3,107	2036
4461	aseguran 	    3,107	2036
4462	pág 	    3,107	2036
4463	precisó	    3,106	2035
4464	trimestre	    3,104	2034
4465	vitamina	    3,104	2034
4466	religiosos	    3,102	2033
4467	falsa	    3,101	2032
4468	molina	    3,100	2032
4469	llegué	    3,099	2031
4470	públicamente 	    3,099	2031
4471	cuadrados 	    3,098	2030
4472	repite	    3,098	2030
4473	anuncia 	    3,097	2030
4474	cartel	    3,097	2030
4475	tiendas	    3,096	2029
4476	conserva 	    3,095	2028
4477	iniciativas	    3,095	2028
4478	requieren	    3,095	2028
4479	concejal	    3,094	2028
4480	james 	    3,094	2028
4481	ó	    3,093	2027
4482	verla	    3,093	2027
4483	estímulo	    3,092	2026
4484	nombramiento  	    3,092	2026
4485	nervios	    3,091	2026
4486	traducción	    3,090	2025
4487	financieras	    3,089	2024
4488	interesantes	    3,088	2024
4489	metal	    3,087	2023
4490	impuso 	    3,086	2022
4491	secretaria	    3,086	2022
4492	revés	    3,085	2022
4493	tejidos	    3,084	2021
4494	ortiz	    3,083	2020
4495	decidieron	    3,082	2020
4496	virtudes	    3,081	2019
4497	destinados 	    3,080	2018
4498	incluidos	    3,080	2018
4499	informática	    3,080	2018
4500	perfección	    3,080	2018
4501	incidente	    3,078	2017
4502	silva	    3,078	2017
4503	densidad 	    3,077	2016
4504	comedor 	    3,076	2016
4505	evita	    3,075	2015
4506	consumidor 	    3,074	2014
4507	comenta 	    3,072	2013
4508	inocente	    3,069	2011
4509	diaria	    3,068	2011
4510	aliento	    3,067	2010
4511	aplica	    3,067	2010
4512	eléctrico	    3,067	2010
4513	retirar	    3,067	2010
4514	concretamente 	    3,066	2009
4515	horario	    3,066	2009
4516	virginia	    3,066	2009
4517	específicas	    3,064	2008
4518	significación	    3,064	2008
4519	venezolano 	    3,064	2008
4520	sorprendido	    3,063	2007
4521	pasados 	    3,062	2007
4522	comienzan  	    3,061	2006
4523	señalan 	    3,061	2006
4524	adquiere	    3,058	2004
4525	felices	    3,058	2004
4526	pinochet	    3,058	2004
4527	sepa 	    3,056	2003
4528	emocional 	    3,054	2001
4529	pico	    3,054	2001
4530	solicitar	    3,054	2001
4531	excesiva	    3,052	2000
4532	dominante 	    3,051	1999
4533	cabello	    3,050	1999
4534	intentando	    3,050	1999
4535	denomina 	    3,048	1997
4536	figuran	    3,048	1997
4537	derivados	    3,047	1997
4538	héctor	    3,047	1997
4539	richard	    3,047	1997
4540	distinción	    3,046	1996
4541	entregar	    3,046	1996
4542	ingleses	    3,046	1996
4543	aprendido	    3,045	1995
4544	exposiciones 	    3,045	1995
4545	ganador 	    3,045	1995
4546	carece 	    3,044	1995
4547	rubén	    3,044	1995
4548	cigarrillo	    3,043	1994
4549	entrevistas	    3,043	1994
4550	mandatario 	    3,043	1994
4551	celebró	    3,042	1993
4552	labores	    3,042	1993
4553	listo	    3,042	1993
4554	us	    3,042	1993
4555	participaron	    3,041	1993
4556	tomate 	    3,041	1993
4557	inés	    3,039	1992
4558	sabían	    3,039	1992
4559	armado 	    3,038	1991
4560	mantenerse 	    3,038	1991
4561	períodos	    3,038	1991
4562	fraga	    3,036	1990
4563	nacer	    3,036	1990
4564	seria	    3,035	1989
4565	discursos	    3,034	1988
4566	cubierto	    3,033	1988
4567	indio	    3,033	1988
4568	inspección	    3,033	1988
4569	ofensiva	    3,031	1986
4570	alerta	    3,030	1986
4571	barrera	    3,030	1986
4572	emociones  	    3,030	1986
4573	paga 	    3,030	1986
4574	varones	    3,030	1986
4575	atlántico	    3,029	1985
4576	choque 	    3,029	1985
4577	grecia	    3,029	1985
4578	pasta	    3,029	1985
4579	efectivos	    3,026	1983
4580	quedaban 	    3,026	1983
4581	admiración 	    3,025	1982
4582	bandas 	    3,025	1982
4583	espada 	    3,025	1982
4584	incertidumbre	    3,025	1982
4585	claves	    3,024	1982
4586	citada	    3,022	1980
4587	extiende	    3,022	1980
4588	manteca 	    3,022	1980
4589	comicios 	    3,021	1980
4590	mata 	    3,021	1980
4591	william	    3,021	1980
4592	recorrer	    3,020	1979
4593	subrayó 	    3,019	1978
4594	exportación	    3,017	1977
4595	militantes	    3,016	1976
4596	cuerda 	    3,014	1975
4597	suceso 	    3,014	1975
4598	celular	    3,013	1974
4599	ucd 	    3,013	1974
4600	abandonó 	    3,012	1974
4601	justificar	    3,011	1973
4602	procede 	    3,010	1973
4603	parto	    3,009	1972
4604	k	    3,007	1971
4605	probar	    3,007	1971
4606	proporciona	    3,007	1971
4607	contratación	    3,006	1970
4608	costas 	    3,004	1969
4609	dormitorio	    3,004	1969
4610	israelí	    3,004	1969
4611	concretos 	    3,002	1967
4612	contemporánea  	    3,002	1967
4613	externo	    3,002	1967
4614	inmigrantes	    3,002	1967
4615	dormido 	    3,000	1966
4616	producirse	    3,000	1966
4617	disminuir	    2,999	1965
4618	aviso	    2,997	1964
4619	conocidas 	    2,997	1964
4620	delegados 	    2,997	1964
4621	filme	    2,997	1964
4622	lejano	    2,997	1964
4623	cucharadas 	    2,995	1963
4624	contienen	    2,994	1962
4625	irá	    2,994	1962
4626	loca	    2,994	1962
4627	indicar	    2,993	1961
4628	pollo	    2,993	1961
4629	gubernamentales  	    2,991	1960
4630	sanciones 	    2,991	1960
4631	asalto	    2,988	1958
4632	estudia	    2,988	1958
4633	relativo	    2,988	1958
4634	duras	    2,987	1957
4635	madrileño	    2,987	1957
4636	inglesa	    2,985	1956
4637	noble	    2,985	1956
4638	sueldo	    2,985	1956
4639	lección	    2,984	1955
4640	murieron	    2,984	1955
4641	tratan	    2,984	1955
4642	destacado 	    2,983	1955
4643	referente	    2,983	1955
4644	bello	    2,982	1954
4645	concretas 	    2,982	1954
4646	aliados	    2,981	1954
4647	faltan	    2,980	1953
4648	fundamento 	    2,980	1953
4649	cc	    2,979	1952
4650	demostró 	    2,979	1952
4651	positivos	    2,979	1952
4652	vidal	    2,976	1950
4653	conocemos  	    2,975	1950
4654	noción	    2,975	1950
4655	armonía 	    2,974	1949
4656	prefiere	    2,974	1949
4657	sillón	    2,973	1948
4658	admite 	    2,972	1948
4659	financiamiento	    2,972	1948
4660	cucharada 	    2,971	1947
4661	invasión	    2,971	1947
4662	libertades	    2,971	1947
4663	pelea	    2,971	1947
4664	escolares	    2,970	1946
4665	ruedas 	    2,970	1946
4666	satisfacer	    2,970	1946
4667	supuestos 	    2,970	1946
4668	alumno 	    2,969	1946
4669	fila	    2,969	1946
4670	rabia	    2,969	1946
4671	tocó	    2,968	1945
4672	estadísticas	    2,967	1944
4673	conciertos	    2,966	1944
4674	asesor 	    2,965	1943
4675	cinta	    2,965	1943
4676	esclavos	    2,965	1943
4677	sabiduría	    2,965	1943
4678	velázquez 	    2,965	1943
4679	conducir	    2,963	1942
4680	encontré	    2,963	1942
4681	productor	    2,963	1942
4682	muros 	    2,962	1941
4683	cocción 	    2,961	1940
4684	oral	    2,961	1940
4685	bolívar	    2,959	1939
4686	rayo	    2,959	1939
4687	carbón 	    2,958	1938
4688	educativa	    2,958	1938
4689	exigir	    2,958	1938
4690	italianos	    2,958	1938
4691	dedica	    2,957	1938
4692	cansancio 	    2,956	1937
4693	vestidos	    2,956	1937
4694	amanecer  	    2,955	1936
4695	coinciden	    2,954	1936
4696	gerardo	    2,954	1936
4697	excepcional 	    2,951	1934
4698	personalidades 	    2,951	1934
4699	acumulación 	    2,950	1933
4700	afrontar	    2,949	1933
4701	describe	    2,949	1933
4702	disponibles	    2,949	1933
4703	proceder	    2,949	1933
4704	estrictamente	    2,948	1932
4705	redondo 	    2,948	1932
4706	horror	    2,947	1931
4707	copia	    2,946	1931
4708	renunciar	    2,946	1931
4709	dimisión	    2,945	1930
4710	limpio	    2,945	1930
4711	procedente 	    2,944	1929
4712	gráfico	    2,941	1927
4713	quedará 	    2,941	1927
4714	cuota	    2,940	1927
4715	tramo 	    2,938	1925
4716	carolina	    2,936	1924
4717	cultivos	    2,933	1922
4718	tratamientos	    2,932	1921
4719	barro	    2,930	1920
4720	grasas 	    2,930	1920
4721	sufren	    2,929	1919
4722	pretenden 	    2,927	1918
4723	tablas	    2,927	1918
4724	residuos	    2,926	1917
4725	cádiz	    2,924	1916
4726	intervenciones	    2,924	1916
4727	promesa 	    2,924	1916
4728	volvieron	    2,924	1916
4729	marqués 	    2,923	1915
4730	harán	    2,921	1914
4731	participan	    2,921	1914
4732	ponga 	    2,919	1913
4733	carro	    2,918	1912
4734	flujo	    2,918	1912
4735	originales	    2,917	1912
4736	desnudo 	    2,916	1911
4737	interpretar	    2,916	1911
4738	decisivo	    2,914	1910
4739	entendimiento 	    2,914	1910
4740	llamas	    2,914	1910
4741	tranquila	    2,912	1908
4742	hueso 	    2,909	1906
4743	sentarse	    2,909	1906
4744	memorias  	    2,908	1906
4745	transportes	    2,908	1906
4746	incapacidad 	    2,907	1905
4747	pretendía	    2,906	1904
4748	cirugía	    2,905	1904
4749	dedicada 	    2,905	1904
4750	duros	    2,905	1904
4751	mary 	    2,905	1904
4752	permitan	    2,905	1904
4753	deseaba 	    2,904	1903
4754	direcciones	    2,904	1903
4755	refugiados	    2,904	1903
4756	aislamiento	    2,903	1902
4757	artificial	    2,903	1902
4758	católicos	    2,903	1902
4759	talleres	    2,903	1902
4760	orilla	    2,902	1902
4761	camión 	    2,901	1901
4762	hoteles	    2,899	1900
4763	informar	    2,899	1900
4764	tumba 	    2,899	1900
4765	capítulos	    2,897	1898
4766	ríe	    2,897	1898
4767	marruecos 	    2,896	1898
4768	dueños 	    2,895	1897
4769	elegante	    2,895	1897
4770	romano 	    2,895	1897
4771	célebre	    2,894	1896
4772	diana	    2,894	1896
4773	formada 	    2,894	1896
4774	miradas 	    2,894	1896
4775	jardines	    2,891	1895
4776	publicada	    2,889	1893
4777	realizando	    2,888	1893
4778	comidas 	    2,887	1892
4779	útiles	    2,887	1892
4780	carbono 	    2,886	1891
4781	oculta	    2,886	1891
4782	web 	    2,886	1891
4783	bailar	    2,885	1891
4784	irak	    2,885	1891
4785	transcurso	    2,885	1891
4786	actúan 	    2,884	1890
4787	colectivos	    2,884	1890
4788	medir	    2,883	1889
4789	orejas	    2,882	1889
4790	conductas 	    2,880	1887
4791	empate 	    2,880	1887
4792	colonial	    2,879	1887
4793	presa	    2,879	1887
4794	rumores 	    2,879	1887
4795	apoya 	    2,878	1886
4796	guardar	    2,878	1886
4797	hectáreas 	    2,876	1885
4798	sonrió	    2,875	1884
4799	chicas	    2,874	1883
4800	monarquía 	    2,873	1883
4801	operativo	    2,873	1883
4802	preguntar	    2,873	1883
4803	buscaba 	    2,872	1882
4804	definido	    2,872	1882
4805	ciudadanía	    2,870	1881
4806	paloma 	    2,870	1881
4807	concluye 	    2,869	1880
4808	vídeo	    2,869	1880
4809	usos 	    2,868	1879
4810	vascos 	    2,868	1879
4811	robo	    2,867	1879
4812	roto	    2,867	1879
4813	volví	    2,867	1879
4814	desayuno 	    2,866	1878
4815	respetar	    2,866	1878
4816	compositor 	    2,865	1877
4817	respectivos	    2,865	1877
4818	móvil	    2,863	1876
4819	trama 	    2,863	1876
4820	tenis	    2,862	1876
4821	complicado 	    2,861	1875
4822	desastre	    2,861	1875
4823	ministra	    2,861	1875
4824	asesinado 	    2,859	1874
4825	celebra	    2,859	1874
4826	razonable	    2,858	1873
4827	vayan 	    2,858	1873
4828	productividad	    2,857	1872
4829	corredor	    2,856	1872
4830	separado 	    2,856	1872
4831	alas	    2,855	1871
4832	cuantas 	    2,855	1871
4833	domínguez  	    2,855	1871
4834	hechas 	    2,855	1871
4835	permitía	    2,855	1871
4836	hablamos 	    2,852	1869
4837	alarma 	    2,851	1868
4838	atentados 	    2,851	1868
4839	moverse 	    2,851	1868
4840	fraude	    2,850	1868
4841	mentales 	    2,850	1868
4842	seguidores 	    2,849	1867
4843	llevo	    2,848	1866
4844	planteamientos 	    2,848	1866
4845	invitación	    2,847	1866
4846	cálculos	    2,845	1864
4847	catalanes	    2,845	1864
4848	limitado	    2,844	1864
4849	mantenía 	    2,844	1864
4850	onda 	    2,844	1864
4851	fray	    2,843	1863
4852	acercarse 	    2,842	1862
4853	caos 	    2,842	1862
4854	exigencia	    2,842	1862
4855	oviedo	    2,840	1861
4856	reagan 	    2,840	1861
4857	griego	    2,839	1860
4858	creyó	    2,838	1860
4859	vano	    2,838	1860
4860	sexto	    2,837	1859
4861	supuestamente  	    2,837	1859
4862	intérpretes	    2,835	1858
4863	protestas	    2,835	1858
4864	sufrimiento	    2,835	1858
4865	carnes 	    2,834	1857
4866	egipto	    2,833	1856
4867	administraciones	    2,832	1856
4868	calderón	    2,832	1856
4869	desafío	    2,832	1856
4870	antigüedad 	    2,830	1855
4871	tercio	    2,830	1855
4872	estreno	    2,829	1854
4873	áfrica	    2,828	1853
4874	bahía	    2,828	1853
4875	fortaleza	    2,828	1853
4876	obviamente 	    2,828	1853
4877	siguieron	    2,828	1853
4878	vinos	    2,828	1853
4879	fujimori	    2,827	1853
4880	ingeniería	    2,826	1852
4881	resultaron	    2,826	1852
4882	garganta	    2,825	1851
4883	masculino 	    2,825	1851
4884	sentada 	    2,825	1851
4885	quedando 	    2,824	1851
4886	majestad 	    2,823	1850
4887	rector	    2,823	1850
4888	mínimos 	    2,822	1849
4889	modernos  	    2,821	1849
4890	experto	    2,820	1848
4891	rosas	    2,820	1848
4892	trajo	    2,820	1848
4893	vela	    2,820	1848
4894	cobre	    2,818	1847
4895	permanencia 	    2,818	1847
4896	rescate	    2,817	1846
4897	enfrente	    2,816	1845
4898	firmas	    2,816	1845
4899	tensiones	    2,816	1845
4900	confederación	    2,815	1845
4901	problemática	    2,814	1844
4902	recta	    2,814	1844
4903	trabajaba	    2,814	1844
4904	asia	    2,812	1843
4905	extranjeras	    2,812	1843
4906	llevará	    2,811	1842
4907	detener	    2,810	1841
4908	modalidad 	    2,810	1841
4909	guzmán  	    2,809	1841
4910	vegetal	    2,809	1841
4911	chávez 	    2,808	1840
4912	jugo	    2,808	1840
4913	terrestre	    2,808	1840
4914	ángulo	    2,805	1838
4915	tentación	    2,805	1838
4916	coordinador	    2,804	1837
4917	nerviosa	    2,804	1837
4918	suicidio	    2,803	1837
4919	acompaña  	    2,802	1836
4920	armados 	    2,801	1836
4921	rol	    2,801	1836
4922	agrícolas	    2,800	1835
4923	murcia 	    2,800	1835
4924	oliva	    2,800	1835
4925	provisional	    2,800	1835
4926	determina 	    2,799	1834
4927	evaluar	    2,799	1834
4928	funcional	    2,799	1834
4929	párrafo	    2,799	1834
4930	patas	    2,799	1834
4931	cruzar	    2,798	1834
4932	huir	    2,798	1834
4933	novio	    2,797	1833
4934	aparecía	    2,794	1831
4935	justa	    2,793	1830
4936	manejar 	    2,793	1830
4937	caro	    2,792	1830
4938	naranja	    2,792	1830
4939	licenciado	    2,791	1829
4940	rostros	    2,791	1829
4941	barba	    2,790	1828
4942	combustible 	    2,790	1828
4943	enfrenta	    2,790	1828
4944	acero	    2,788	1827
4945	adquirido	    2,787	1826
4946	sorprendió	    2,787	1826
4947	esfera	    2,786	1826
4948	genio	    2,786	1826
4949	bernardo	    2,785	1825
4950	ira	    2,785	1825
4951	vapor	    2,785	1825
4952	satisfecho	    2,783	1824
4953	símbolos 	    2,783	1824
4954	encuestas 	    2,782	1823
4955	lluvias	    2,781	1822
4956	obtención	    2,781	1822
4957	curva	    2,780	1822
4958	bill	    2,778	1820
4959	coca 	    2,778	1820
4960	guerrilleros	    2,778	1820
4961	incrementar	    2,778	1820
4962	medalla 	    2,778	1820
4963	nacionalidad	    2,776	1819
4964	vigo	    2,776	1819
4965	bebidas 	    2,775	1818
4966	trate	    2,775	1818
4967	complejos 	    2,774	1818
4968	realizaron	    2,774	1818
4969	preocupado 	    2,773	1817
4970	caracteres	    2,772	1817
4971	vuelva	    2,772	1817
4972	estableció	    2,771	1816
4973	formato	    2,771	1816
4974	contemporáneo  	    2,770	1815
4975	registrado	    2,769	1815
4976	convención 	    2,768	1814
4977	taxi	    2,768	1814
4978	tronco	    2,768	1814
4979	observó	    2,767	1813
4980	apreciar	    2,766	1813
4981	diera	    2,765	1812
4982	consideraciones 	    2,764	1811
4983	empiezan 	    2,763	1811
4984	viena	    2,763	1811
4985	dedicó	    2,762	1810
4986	tardes	    2,760	1809
4987	asociados 	    2,759	1808
4988	instalado	    2,759	1808
4989	supuesta 	    2,759	1808
4990	tecnológica	    2,758	1807
4991	transferencia	    2,758	1807
4992	ámbitos 	    2,757	1807
4993	empeño  	    2,757	1807
4994	eugenio 	    2,757	1807
4995	vistas	    2,757	1807
4996	arreglo	    2,755	1805
4997	magistrado 	    2,754	1805
4998	notables	    2,754	1805
4999	registros	    2,753	1804
5000	jugó	    2,752	1803
5001	cable	    2,751	1803
5002	constantes 	    2,751	1803
5003	acaban 	    2,750	1802
5004	ciego	    2,749	1801
5005	umbral 	    2,748	1801
5006	andaba 	    2,747	1800
5007	aportación	    2,747	1800
5008	cristales	    2,747	1800
5009	episodios	    2,747	1800
5010	obligados	    2,747	1800
5011	investigador	    2,745	1799
5012	ocupan 	    2,745	1799
5013	cadáveres 	    2,743	1798
5014	detiene	    2,743	1798
5015	hígado	    2,743	1798
5016	afecto	    2,742	1797
5017	ciudadana 	    2,742	1797
5018	columnas 	    2,742	1797
5019	marx 	    2,742	1797
5020	abuso 	    2,741	1796
5021	cuero	    2,741	1796
5022	edades 	    2,741	1796
5023	mencionar 	    2,740	1796
5024	fruta	    2,739	1795
5025	africa	    2,738	1794
5026	alteración	    2,738	1794
5027	cerro	    2,738	1794
5028	obstáculos 	    2,738	1794
5029	archivos	    2,737	1794
5030	bravo	    2,737	1794
5031	iniciales	    2,737	1794
5032	ancianos 	    2,736	1793
5033	instantes	    2,736	1793
5034	clarín	    2,734	1792
5035	restauración	    2,734	1792
5036	inspiración	    2,733	1791
5037	lucas	    2,733	1791
5038	occidentales	    2,733	1791
5039	informaron	    2,732	1790
5040	picado	    2,732	1790
5041	pro	    2,732	1790
5042	traer	    2,731	1790
5043	fijo	    2,729	1788
5044	organizada 	    2,729	1788
5045	peculiar	    2,729	1788
5046	compras 	    2,728	1788
5047	eficiencia	    2,727	1787
5048	postre	    2,727	1787
5049	adicional	    2,726	1786
5050	bordo	    2,726	1786
5051	negar	    2,726	1786
5052	ofertas	    2,726	1786
5053	polo	    2,726	1786
5054	profundas	    2,726	1786
5055	creada 	    2,725	1786
5056	notar	    2,725	1786
5057	rehabilitación	    2,725	1786
5058	vimos 	    2,725	1786
5059	oídos	    2,724	1785
5060	rodeado 	    2,724	1785
5061	novedades 	    2,723	1784
5062	anciano 	    2,722	1784
5063	estadística	    2,722	1784
5064	australia	    2,721	1783
5065	avanza 	    2,721	1783
5066	documental 	    2,721	1783
5067	presunto	    2,720	1782
5068	vertical	    2,720	1782
5069	llegará	    2,719	1782
5070	tendremos 	    2,719	1782
5071	entregado 	    2,718	1781
5072	importaciones 	    2,718	1781
5073	ambientales 	    2,717	1780
5074	alrededores	    2,716	1780
5075	garzón 	    2,716	1780
5076	cansado 	    2,715	1779
5077	masiva 	    2,715	1779
5078	opuesto 	    2,715	1779
5079	representaciones 	    2,714	1778
5080	tomaron 	    2,714	1778
5081	recomendaciones  	    2,713	1778
5082	traído	    2,713	1778
5083	desarrollados	    2,712	1777
5084	estrecho	    2,712	1777
5085	produciendo 	    2,712	1777
5086	constituido	    2,711	1777
5087	julia	    2,711	1777
5088	puertos	    2,711	1777
5089	asunción 	    2,710	1776
5090	coincide	    2,710	1776
5091	correspondencia 	    2,710	1776
5092	altamente 	    2,709	1775
5093	ojalá	    2,709	1775
5094	peruano 	    2,709	1775
5095	resuelto	    2,709	1775
5096	claros	    2,708	1775
5097	exista	    2,708	1775
5098	privatización	    2,707	1774
5099	augusto 	    2,706	1773
5100	sencillamente	    2,706	1773
5101	vuestra	    2,705	1773
5102	catalina	    2,704	1772
5103	quita	    2,704	1772
5104	competición 	    2,703	1771
5105	mérito	    2,703	1771
5106	satélite	    2,703	1771
5107	madurez 	    2,702	1771
5108	partidarios	    2,702	1771
5109	seguían 	    2,702	1771
5110	serra	    2,702	1771
5111	verdaderos	    2,702	1771
5112	inconsciente	    2,701	1770
5113	informado	    2,700	1769
5114	juzgar	    2,700	1769
5115	aclaró	    2,699	1769
5116	agraria	    2,699	1769
5117	armando 	    2,699	1769
5118	fantasma 	    2,699	1769
5119	gustan 	    2,699	1769
5120	detectar	    2,698	1768
5121	estudiado	    2,697	1767
5122	inauguración	    2,697	1767
5123	licencia	    2,697	1767
5124	escultura	    2,696	1767
5125	espectáculos 	    2,696	1767
5126	finca	    2,696	1767
5127	impresionante 	    2,696	1767
5128	presentará	    2,695	1766
5129	contento	    2,694	1765
5130	gordo	    2,693	1765
5131	inmenso 	    2,692	1764
5132	vasos 	    2,692	1764
5133	álvarez	    2,691	1763
5134	enfrentarse	    2,691	1763
5135	fieles	    2,691	1763
5136	republicano	    2,691	1763
5137	ternura	    2,691	1763
5138	implantación	    2,689	1762
5139	propiamente 	    2,688	1761
5140	sagrado 	    2,688	1761
5141	integran	    2,687	1761
5142	cristóbal	    2,686	1760
5143	perdiendo	    2,686	1760
5144	gama 	    2,685	1759
5145	irregularidades	    2,685	1759
5146	asombro 	    2,683	1758
5147	gobernación 	    2,683	1758
5148	sobrevivir	    2,683	1758
5149	rodolfo	    2,681	1757
5150	trabajado	    2,681	1757
5151	trigo	    2,681	1757
5152	depósitos	    2,680	1756
5153	disponible	    2,680	1756
5154	manolo 	    2,680	1756
5155	publica	    2,680	1756
5156	min 	    2,679	1756
5157	hallaba	    2,678	1755
5158	llegaban	    2,678	1755
5159	solicitó	    2,678	1755
5160	preso	    2,677	1754
5161	contribución	    2,676	1754
5162	denominación 	    2,676	1754
5163	echa 	    2,676	1754
5164	tormenta 	    2,676	1754
5165	ubicado 	    2,676	1754
5166	usan 	    2,675	1753
5167	obligó	    2,673	1752
5168	huellas	    2,672	1751
5169	peores 	    2,671	1750
5170	significativa	    2,671	1750
5171	vecina	    2,671	1750
5172	pedía	    2,670	1750
5173	conferencias	    2,669	1749
5174	menú 	    2,669	1749
5175	acusa 	    2,668	1748
5176	mandó  	    2,668	1748
5177	aprovechando 	    2,667	1748
5178	bosnia	    2,667	1748
5179	demócrata 	    2,666	1747
5180	instancias	    2,665	1746
5181	supe 	    2,665	1746
5182	difícilmente	    2,664	1746
5183	departamentos 	    2,663	1745
5184	indiferencia	    2,662	1744
5185	saco 	    2,662	1744
5186	cuchillo	    2,661	1744
5187	senadores 	    2,661	1744
5188	completar 	    2,660	1743
5189	monedas  	    2,660	1743
5190	necesitamos 	    2,660	1743
5191	surgen 	    2,660	1743
5192	den 	    2,659	1742
5193	electrónica	    2,659	1742
5194	volverá	    2,659	1742
5195	opera	    2,658	1742
5196	acusados 	    2,657	1741
5197	colombianos 	    2,657	1741
5198	variedades	    2,657	1741
5199	modernización 	    2,656	1740
5200	firmar	    2,655	1740
5201	finalizar	    2,654	1739
5202	montón 	    2,654	1739
5203	anuncios 	    2,653	1739
5204	peter	    2,653	1739
5205	pozo 	    2,653	1739
5206	princesa	    2,653	1739
5207	tocado 	    2,653	1739
5208	alcaldía	    2,652	1738
5209	vegetación	    2,652	1738
5210	sudor	    2,651	1737
5211	funcionar	    2,649	1736
5212	peces 	    2,649	1736
5213	prevenir	    2,648	1735
5214	rebeldes	    2,648	1735
5215	cumplen 	    2,647	1735
5216	probabilidad	    2,647	1735
5217	realizarse	    2,647	1735
5218	riego	    2,647	1735
5219	tradiciones	    2,647	1735
5220	revolucionaria	    2,646	1734
5221	sentó	    2,646	1734
5222	series	    2,646	1734
5223	bolsas	    2,645	1733
5224	incidentes	    2,645	1733
5225	nacionalismo 	    2,645	1733
5226	nostalgia	    2,645	1733
5227	muertes 	    2,644	1733
5228	noventa	    2,644	1733
5229	simón 	    2,644	1733
5230	solucionar	    2,644	1733
5231	deriva	    2,643	1732
5232	mera 	    2,643	1732
5233	referirse	    2,643	1732
5234	aprobada 	    2,642	1731
5235	oscuras 	    2,642	1731
5236	acento 	    2,641	1731
5237	intentado	    2,641	1731
5238	planteado	    2,641	1731
5239	hueco 	    2,639	1729
5240	citar	    2,638	1729
5241	asesino 	    2,637	1728
5242	celebrada	    2,637	1728
5243	liderazgo	    2,637	1728
5244	científicas	    2,636	1727
5245	monto 	    2,635	1727
5246	casualidad	    2,634	1726
5247	controles	    2,634	1726
5248	integrada	    2,633	1725
5249	creencias	    2,632	1725
5250	presidenta	    2,632	1725
5251	reunió	    2,632	1725
5252	supera 	    2,632	1725
5253	acusó 	    2,631	1724
5254	legislativo	    2,631	1724
5255	reír	    2,631	1724
5256	asilo	    2,630	1723
5257	chilenos	    2,630	1723
5258	cobrar	    2,630	1723
5259	méndez  	    2,630	1723
5260	participó	    2,630	1723
5261	solana	    2,630	1723
5262	defiende	    2,629	1723
5263	escuchó 	    2,629	1723
5264	venganza 	    2,629	1723
5265	énfasis	    2,628	1722
5266	chilena	    2,627	1721
5267	maestra 	    2,626	1721
5268	aguirre	    2,625	1720
5269	desplazamiento 	    2,624	1719
5270	nieto	    2,624	1719
5271	das 	    2,623	1719
5272	torero	    2,623	1719
5273	falla	    2,622	1718
5274	domingos 	    2,621	1718
5275	emisora 	    2,621	1718
5276	magia 	    2,621	1718
5277	pregunto	    2,619	1716
5278	considerando 	    2,618	1716
5279	ubicación	    2,618	1716
5280	lateral	    2,616	1714
5281	pintores	    2,616	1714
5282	flota	    2,615	1714
5283	bonito	    2,614	1713
5284	ocultar	    2,614	1713
5285	partículas	    2,614	1713
5286	broma 	    2,612	1712
5287	palacios	    2,612	1712
5288	consuelo 	    2,611	1711
5289	parcialmente	    2,611	1711
5290	ediciones	    2,610	1710
5291	copas 	    2,609	1710
5292	desesperación 	    2,609	1710
5293	merced 	    2,609	1710
5294	palo	    2,609	1710
5295	ajena	    2,608	1709
5296	concha 	    2,607	1708
5297	meter 	    2,607	1708
5298	considerados 	    2,606	1708
5299	teórico	    2,606	1708
5300	fachada 	    2,603	1706
5301	montes 	    2,602	1705
5302	capilla	    2,601	1704
5303	malestar	    2,601	1704
5304	denominada  	    2,600	1704
5305	estímulos	    2,600	1704
5306	claudio	    2,598	1702
5307	digamos 	    2,598	1702
5308	agrupación 	    2,595	1700
5309	excesivo	    2,594	1700
5310	vasca 	    2,594	1700
5311	votar	    2,593	1699
5312	bronce 	    2,592	1699
5313	despacio 	    2,592	1699
5314	ginebra	    2,592	1699
5315	modernidad 	    2,591	1698
5316	manteniendo 	    2,589	1697
5317	confirma	    2,588	1696
5318	captura	    2,587	1695
5319	constituir	    2,587	1695
5320	ligero	    2,587	1695
5321	tuvimos	    2,587	1695
5322	contradicciones	    2,586	1695
5323	cubre	    2,586	1695
5324	titulares	    2,586	1695
5325	competir	    2,585	1694
5326	descubre 	    2,585	1694
5327	pisos	    2,585	1694
5328	refirió	    2,584	1693
5329	sanitaria	    2,584	1693
5330	delincuentes	    2,582	1692
5331	incorporar	    2,581	1691
5332	lanzamiento 	    2,580	1691
5333	químicos 	    2,580	1691
5334	beatriz	    2,579	1690
5335	influencias	    2,579	1690
5336	prd	    2,579	1690
5337	capitalista	    2,578	1689
5338	video	    2,578	1689
5339	ave	    2,577	1689
5340	fuertemente	    2,577	1689
5341	cerdo	    2,576	1688
5342	éxitos	    2,575	1687
5343	ideales	    2,575	1687
5344	tolerancia	    2,575	1687
5345	capas 	    2,574	1687
5346	crudo	    2,574	1687
5347	manual 	    2,573	1686
5348	cecilia	    2,571	1685
5349	guitarra	    2,571	1685
5350	poética	    2,571	1685
5351	repitió	    2,571	1685
5352	sacerdotes 	    2,571	1685
5353	creatividad	    2,570	1684
5354	rurales	    2,569	1683
5355	cocaína 	    2,568	1683
5356	contener	    2,568	1683
5357	ganancias 	    2,568	1683
5358	escaleras	    2,567	1682
5359	colocado 	    2,566	1681
5360	lola	    2,565	1681
5361	pasará 	    2,565	1681
5362	pastor	    2,565	1681
5363	press	    2,565	1681
5364	vosotros	    2,562	1679
5365	lara	    2,561	1678
5366	respectivas	    2,561	1678
5367	cerebral	    2,560	1678
5368	clínico	    2,560	1678
5369	entraba	    2,560	1678
5370	tele	    2,560	1678
5371	w 	    2,560	1678
5372	crímenes 	    2,559	1677
5373	emisoras 	    2,559	1677
5374	plantear	    2,558	1676
5375	violación	    2,558	1676
5376	ampliamente 	    2,557	1676
5377	continúan	    2,557	1676
5378	distancias	    2,556	1675
5379	desarrollan	    2,555	1674
5380	aportar	    2,553	1673
5381	leyendo 	    2,553	1673
5382	sargento	    2,553	1673
5383	verduras	    2,552	1672
5384	índole	    2,551	1672
5385	negativos	    2,551	1672
5386	independientemente 	    2,550	1671
5387	vaticano	    2,550	1671
5388	logro	    2,549	1670
5389	señalando 	    2,549	1670
5390	viajero	    2,549	1670
5391	accionistas	    2,548	1670
5392	pantalones 	    2,547	1669
5393	brillantes	    2,546	1668
5394	hogares 	    2,546	1668
5395	chocolate	    2,545	1668
5396	suceder 	    2,545	1668
5397	convencer 	    2,544	1667
5398	geográfica	    2,543	1666
5399	ignorancia	    2,543	1666
5400	rodea	    2,543	1666
5401	utilizada	    2,542	1666
5402	admitir	    2,541	1665
5403	bombas  	    2,540	1664
5404	cuántas 	    2,540	1664
5405	diámetro	    2,540	1664
5406	pensión 	    2,540	1664
5407	círculos	    2,539	1664
5408	creando 	    2,538	1663
5409	inclusive	    2,538	1663
5410	recomienda 	    2,538	1663
5411	complicaciones 	    2,537	1662
5412	quise	    2,537	1662
5413	contradicción	    2,536	1662
5414	depósito	    2,536	1662
5415	mero 	    2,535	1661
5416	natalia	    2,535	1661
5417	celebrará	    2,534	1661
5418	sensaciones 	    2,534	1661
5419	sonríe	    2,534	1661
5420	miran	    2,533	1660
5421	apuntó 	    2,532	1659
5422	importe	    2,532	1659
5423	milán	    2,531	1659
5424	prioridad	    2,531	1659
5425	brillo	    2,530	1658
5426	obispos 	    2,530	1658
5427	abundancia 	    2,529	1657
5428	acompañada  	    2,529	1657
5429	desnuda 	    2,528	1657
5430	habrán 	    2,528	1657
5431	latinoamericanos	    2,528	1657
5432	últimamente 	    2,527	1656
5433	construcciones 	    2,526	1655
5434	reconstrucción	    2,525	1655
5435	componen  	    2,524	1654
5436	indicios	    2,524	1654
5437	amable 	    2,523	1653
5438	mateo 	    2,523	1653
5439	metió	    2,523	1653
5440	persecución 	    2,523	1653
5441	botón	    2,522	1653
5442	esteban 	    2,522	1653
5443	mínimas 	    2,522	1653
5444	hicimos 	    2,521	1652
5445	pidiendo	    2,521	1652
5446	playas	    2,521	1652
5447	grabado 	    2,520	1651
5448	censo 	    2,519	1651
5449	permaneció 	    2,519	1651
5450	picasso 	    2,519	1651
5451	reside	    2,518	1650
5452	tome 	    2,517	1649
5453	admitió	    2,516	1649
5454	trascendencia 	    2,516	1649
5455	precedentes 	    2,515	1648
5456	propósitos	    2,514	1647
5457	balcón	    2,513	1647
5458	camiones 	    2,513	1647
5459	juicios	    2,513	1647
5460	compuesta  	    2,512	1646
5461	cerrados	    2,511	1645
5462	daría	    2,511	1645
5463	acercamiento 	    2,510	1645
5464	calvo	    2,509	1644
5465	manifestado 	    2,509	1644
5466	titulado	    2,509	1644
5467	marcelo 	    2,508	1643
5468	mostraba 	    2,508	1643
5469	expuesto 	    2,507	1643
5470	afirman	    2,506	1642
5471	soto	    2,506	1642
5472	veían	    2,506	1642
5473	optimismo 	    2,505	1641
5474	interiores	    2,504	1641
5475	célula	    2,502	1640
5476	gobernar	    2,502	1640
5477	músico 	    2,502	1640
5478	viajeros	    2,502	1640
5479	amantes 	    2,501	1639
5480	cervantes	    2,501	1639
5481	solicitado	    2,501	1639
5482	rechazó 	    2,500	1638
5483	desprecio	    2,498	1637
5484	veinticinco	    2,497	1636
5485	convento 	    2,496	1636
5486	golfo	    2,496	1636
5487	árabes 	    2,495	1635
5488	experimental	    2,495	1635
5489	mg 	    2,495	1635
5490	zedillo	    2,495	1635
5491	benito	    2,494	1634
5492	diplomático	    2,492	1633
5493	muchísimo  	    2,491	1632
5494	ausente 	    2,490	1632
5495	narrador	    2,489	1631
5496	apoyado 	    2,488	1630
5497	docena 	    2,488	1630
5498	radicales	    2,487	1630
5499	sugiere	    2,487	1630
5500	variación	    2,486	1629
5501	males 	    2,485	1628
5502	adolescencia 	    2,484	1628
5503	cocinar	    2,484	1628
5504	maria	    2,483	1627
5505	progresiva	    2,483	1627
5506	perjuicio	    2,482	1626
5507	pib	    2,480	1625
5508	conjunta	    2,479	1624
5509	esperaban 	    2,479	1624
5510	alvaro	    2,478	1624
5511	ejerce	    2,477	1623
5512	prestar	    2,477	1623
5513	ridículo	    2,477	1623
5514	saberlo	    2,477	1623
5515	telecomunicaciones 	    2,474	1621
5516	suelos	    2,473	1621
5517	mm  	    2,472	1620
5518	abordar	    2,471	1619
5519	aspiraciones	    2,471	1619
5520	sanitario	    2,471	1619
5521	litros	    2,470	1619
5522	ocurría	    2,470	1619
5523	tendrían	    2,470	1619
5524	denunció 	    2,469	1618
5525	tiros	    2,469	1618
5526	cumplió 	    2,468	1617
5527	maniobra 	    2,467	1617
5528	informativos	    2,466	1616
5529	perejil	    2,466	1616
5530	sanción 	    2,466	1616
5531	convencional	    2,465	1615
5532	presentaba 	    2,465	1615
5533	entraron	    2,464	1615
5534	expedición	    2,464	1615
5535	normalidad 	    2,464	1615
5536	visitante	    2,464	1615
5537	reveló	    2,461	1613
5538	sr	    2,461	1613
5539	carencia	    2,460	1612
5540	lástima	    2,460	1612
5541	obvio	    2,460	1612
5542	transparente	    2,458	1611
5543	fundador	    2,457	1610
5544	ironía	    2,457	1610
5545	alivio	    2,456	1609
5546	históricas	    2,456	1609
5547	ideológica	    2,456	1609
5548	afortunadamente 	    2,455	1609
5549	compuestos  	    2,455	1609
5550	habiendo 	    2,455	1609
5551	algodón 	    2,454	1608
5552	asociado 	    2,454	1608
5553	autobús 	    2,454	1608
5554	perón	    2,453	1607
5555	realismo	    2,453	1607
5556	ácidos	    2,450	1605
5557	fragmentos 	    2,449	1605
5558	mover 	    2,449	1605
5559	aporta	    2,448	1604
5560	empresariales 	    2,448	1604
5561	madrileña	    2,448	1604
5562	desorden 	    2,447	1603
5563	fax	    2,447	1603
5564	logros	    2,447	1603
5565	verbal	    2,447	1603
5566	aguilar	    2,446	1603
5567	seminario	    2,446	1603
5568	aventuras	    2,444	1602
5569	muscular 	    2,444	1602
5570	simpatía	    2,444	1602
5571	apellido	    2,443	1601
5572	delantero	    2,443	1601
5573	euskadi 	    2,443	1601
5574	inseguridad	    2,443	1601
5575	cee 	    2,442	1600
5576	consolidación	    2,442	1600
5577	exigen	    2,442	1600
5578	poderosa 	    2,442	1600
5579	testimonios	    2,442	1600
5580	conservadores 	    2,439	1598
5581	referéndum 	    2,439	1598
5582	salazar	    2,439	1598
5583	duelo	    2,438	1598
5584	patricia	    2,433	1594
5585	mora 	    2,431	1593
5586	avanzada 	    2,430	1592
5587	eterno	    2,430	1592
5588	fijar	    2,430	1592
5589	prohibición	    2,430	1592
5590	auditorio	    2,429	1592
5591	buscó 	    2,429	1592
5592	conducción 	    2,429	1592
5593	continuamente 	    2,429	1592
5594	enfrentamientos	    2,429	1592
5595	sustituir	    2,429	1592
5596	destruir	    2,428	1591
5597	nucleares	    2,428	1591
5598	reúne	    2,428	1591
5599	oportuno	    2,427	1590
5600	confirmar	    2,426	1590
5601	referido	    2,425	1589
5602	centenar	    2,424	1588
5603	protocolo	    2,424	1588
5604	damas  	    2,423	1588
5605	existían	    2,422	1587
5606	apuesta 	    2,420	1586
5607	lecho	    2,420	1586
5608	tradicionalmente	    2,420	1586
5609	extraños	    2,419	1585
5610	gotas	    2,419	1585
5611	sometidos 	    2,419	1585
5612	cruel	    2,418	1584
5613	grueso 	    2,418	1584
5614	metas 	    2,418	1584
5615	trámite	    2,418	1584
5616	véase 	    2,418	1584
5617	votantes	    2,418	1584
5618	revisar	    2,417	1584
5619	rumor 	    2,417	1584
5620	expulsión	    2,416	1583
5621	registró	    2,416	1583
5622	casco 	    2,415	1583
5623	configuración	    2,415	1583
5624	convierten	    2,415	1583
5625	deudas 	    2,415	1583
5626	transparencia	    2,415	1583
5627	transmitir	    2,414	1582
5628	austria	    2,413	1581
5629	ritual	    2,412	1581
5630	celda	    2,411	1580
5631	chicago 	    2,411	1580
5632	fumar	    2,411	1580
5633	impresiones 	    2,410	1579
5634	prohibido	    2,410	1579
5635	docente 	    2,409	1579
5636	invisible	    2,409	1579
5637	práctico	    2,409	1579
5638	preparados 	    2,409	1579
5639	samper 	    2,409	1579
5640	tarjetas	    2,409	1579
5641	teléfonos	    2,409	1579
5642	gigante	    2,408	1578
5643	promesas  	    2,408	1578
5644	publicar	    2,408	1578
5645	seda 	    2,406	1577
5646	vacía	    2,406	1577
5647	advertir	    2,405	1576
5648	amarilla	    2,405	1576
5649	declara	    2,405	1576
5650	mortal	    2,405	1576
5651	zapatero	    2,405	1576
5652	destinada	    2,404	1575
5653	estructural	    2,404	1575
5654	litro	    2,404	1575
5655	preocupaciones 	    2,404	1575
5656	rivales	    2,404	1575
5657	indicado	    2,403	1575
5658	percibir	    2,403	1575
5659	sostener	    2,402	1574
5660	centroamérica 	    2,401	1573
5661	esencialmente 	    2,401	1573
5662	miranda 	    2,401	1573
5663	observado 	    2,400	1573
5664	secreta	    2,400	1573
5665	windows 	    2,400	1573
5666	leonardo	    2,399	1572
5667	bloqueo 	    2,398	1571
5668	disminuye 	    2,398	1571
5669	préstamos 	    2,398	1571
5670	jacques 	    2,396	1570
5671	jazz	    2,396	1570
5672	ligera	    2,395	1569
5673	localidades	    2,395	1569
5674	ondas 	    2,395	1569
5675	coruña 	    2,394	1569
5676	gestiones	    2,394	1569
5677	aproximación 	    2,392	1567
5678	nobel	    2,392	1567
5679	fidelidad	    2,391	1567
5680	filósofo	    2,391	1567
5681	atracción	    2,390	1566
5682	reuter	    2,390	1566
5683	describir	    2,388	1565
5684	infinito	    2,388	1565
5685	inocencia	    2,388	1565
5686	billetes	    2,387	1564
5687	incluida	    2,387	1564
5688	sano 	    2,387	1564
5689	arroyo	    2,386	1563
5690	despierta	    2,386	1563
5691	japonés 	    2,385	1563
5692	llanto	    2,385	1563
5693	expresado 	    2,383	1562
5694	índices	    2,383	1562
5695	pretexto	    2,383	1562
5696	manda  	    2,381	1560
5697	previsiones	    2,381	1560
5698	disputa	    2,380	1560
5699	obstáculo	    2,379	1559
5700	sigo	    2,379	1559
5701	débiles	    2,378	1558
5702	acta	    2,377	1558
5703	palestinos	    2,376	1557
5704	repertorio	    2,376	1557
5705	reportaje	    2,376	1557
5706	goya 	    2,375	1556
5707	inscripción	    2,375	1556
5708	desapareció 	    2,374	1556
5709	desarrolló	    2,372	1554
5710	terraza	    2,372	1554
5711	valorar	    2,372	1554
5712	colaborar	    2,371	1554
5713	desconfianza 	    2,371	1554
5714	éramos 	    2,371	1554
5715	citados	    2,370	1553
5716	comenzaba  	    2,370	1553
5717	mantequilla	    2,370	1553
5718	despedida 	    2,369	1552
5719	exacto 	    2,369	1552
5720	mención 	    2,369	1552
5721	prefiero	    2,369	1552
5722	disparos	    2,368	1552
5723	excelentes 	    2,368	1552
5724	saliendo	    2,368	1552
5725	escritorio	    2,366	1550
5726	soviético	    2,366	1550
5727	aldea	    2,365	1550
5728	marcador 	    2,365	1550
5729	pasadas 	    2,365	1550
5730	cosecha 	    2,364	1549
5731	gustado 	    2,364	1549
5732	adulto	    2,363	1548
5733	arzobispo	    2,363	1548
5734	energías	    2,363	1548
5735	específicamente 	    2,362	1548
5736	mundiales 	    2,362	1548
5737	locos	    2,361	1547
5738	mallorca	    2,361	1547
5739	acordó 	    2,360	1546
5740	gases 	    2,360	1546
5741	marcar 	    2,360	1546
5742	árbitro	    2,359	1546
5743	as	    2,359	1546
5744	ilegales	    2,358	1545
5745	interacción	    2,358	1545
5746	monseñor  	    2,358	1545
5747	pc	    2,358	1545
5748	británicos	    2,357	1544
5749	famosos 	    2,357	1544
5750	ruidos	    2,357	1544
5751	aplausos 	    2,356	1544
5752	colombiana 	    2,356	1544
5753	escasez 	    2,356	1544
5754	quedé 	    2,356	1544
5755	privilegio	    2,355	1543
5756	capacitación	    2,354	1543
5757	alcalá	    2,352	1541
5758	imposibilidad	    2,352	1541
5759	obligada	    2,351	1541
5760	parada 	    2,351	1541
5761	atraviesa	    2,350	1540
5762	afectadas	    2,349	1539
5763	baloncesto 	    2,348	1539
5764	constancia 	    2,348	1539
5765	plazos	    2,348	1539
5766	calcio	    2,347	1538
5767	cúpula	    2,347	1538
5768	analistas	    2,346	1537
5769	preguntaba 	    2,346	1537
5770	salga	    2,345	1537
5771	validez	    2,345	1537
5772	aborto	    2,344	1536
5773	otorga	    2,344	1536
5774	produjeron	    2,344	1536
5775	desaparece 	    2,342	1535
5776	insectos	    2,342	1535
5777	pertenecientes	    2,342	1535
5778	residentes	    2,342	1535
5779	superado 	    2,342	1535
5780	cerámica 	    2,341	1534
5781	laboratorios	    2,341	1534
5782	germán 	    2,338	1532
5783	rentabilidad	    2,338	1532
5784	smith	    2,338	1532
5785	dejé	    2,337	1531
5786	escenarios 	    2,337	1531
5787	lanzar	    2,337	1531
5788	reflexiones	    2,337	1531
5789	usado 	    2,337	1531
5790	digno	    2,336	1531
5791	emisiones 	    2,335	1530
5792	convenios 	    2,334	1529
5793	ofrecido	    2,334	1529
5794	hispano 	    2,333	1529
5795	inmóvil	    2,333	1529
5796	secundarios 	    2,333	1529
5797	zamora 	    2,332	1528
5798	adhesión 	    2,331	1527
5799	limita	    2,330	1527
5800	marcada 	    2,330	1527
5801	terminal	    2,330	1527
5802	aportaciones	    2,329	1526
5803	coincidencia	    2,329	1526
5804	limitada	    2,329	1526
5805	defecto	    2,328	1525
5806	diabetes	    2,328	1525
5807	exclamó 	    2,328	1525
5808	géneros 	    2,328	1525
5809	banderas 	    2,326	1524
5810	contando 	    2,326	1524
5811	excesivamente 	    2,326	1524
5812	caballeros	    2,325	1524
5813	fino	    2,325	1524
5814	laguna	    2,325	1524
5815	aumentado  	    2,324	1523
5816	externos	    2,324	1523
5817	marcó 	    2,324	1523
5818	preside	    2,324	1523
5819	querida	    2,324	1523
5820	descansar 	    2,323	1522
5821	experimentado 	    2,323	1522
5822	puramente 	    2,323	1522
5823	salidas	    2,323	1522
5824	lázaro	    2,321	1521
5825	cercanos 	    2,320	1520
5826	discriminación	    2,319	1520
5827	modalidades 	    2,319	1520
5828	pánico	    2,319	1520
5829	piedad	    2,318	1519
5830	produzca 	    2,318	1519
5831	repetición	    2,318	1519
5832	acudió	    2,317	1518
5833	centenares 	    2,317	1518
5834	reiteró	    2,316	1518
5835	rusa	    2,316	1518
5836	placas	    2,315	1517
5837	introduce	    2,314	1516
5838	placa	    2,314	1516
5839	vii	    2,314	1516
5840	volúmenes 	    2,314	1516
5841	establecidos	    2,313	1516
5842	parámetros 	    2,313	1516
5843	envidia	    2,312	1515
5844	tira	    2,312	1515
5845	avanzado 	    2,310	1514
5846	conscientes 	    2,310	1514
5847	serena 	    2,310	1514
5848	hollywood 	    2,309	1513
5849	infantiles	    2,309	1513
5850	matemáticas  	    2,309	1513
5851	costó	    2,308	1512
5852	enamorado  	    2,308	1512
5853	magistrados 	    2,307	1512
5854	compañera  	    2,306	1511
5855	corrida	    2,306	1511
5856	fotógrafo	    2,306	1511
5857	seguimos 	    2,306	1511
5858	eventual	    2,305	1510
5859	nicaragüense 	    2,305	1510
5860	norteamericanas 	    2,305	1510
5861	trabajó	    2,305	1510
5862	consultas	    2,304	1510
5863	eterna	    2,304	1510
5864	pañuelo 	    2,303	1509
5865	tour	    2,302	1508
5866	cd	    2,301	1508
5867	contraria	    2,301	1508
5868	manzana  	    2,301	1508
5869	credibilidad	    2,300	1507
5870	firmeza	    2,300	1507
5871	pantalón	    2,300	1507
5872	prestaciones	    2,300	1507
5873	tubo	    2,300	1507
5874	colesterol	    2,299	1506
5875	aéreo	    2,298	1506
5876	doscientos 	    2,298	1506
5877	billones	    2,297	1505
5878	caminando  	    2,297	1505
5879	minoría	    2,296	1504
5880	serios	    2,295	1504
5881	chinos	    2,294	1503
5882	hallazgo	    2,293	1503
5883	atribuye	    2,292	1502
5884	tomaba 	    2,292	1502
5885	latinoamérica	    2,291	1501
5886	ambientes 	    2,290	1501
5887	ballet	    2,290	1501
5888	legisladores	    2,290	1501
5889	robles	    2,290	1501
5890	bélgica	    2,289	1500
5891	emplea 	    2,289	1500
5892	ola	    2,288	1499
5893	pasaban 	    2,288	1499
5894	reposo 	    2,288	1499
5895	rechaza 	    2,287	1499
5896	futuros	    2,286	1498
5897	bomberos  	    2,285	1497
5898	dictador	    2,285	1497
5899	regresa	    2,285	1497
5900	aumentó 	    2,283	1496
5901	ingresar	    2,283	1496
5902	cenar	    2,282	1495
5903	manipulación 	    2,282	1495
5904	políticamente	    2,282	1495
5905	reforzar	    2,282	1495
5906	ford	    2,281	1495
5907	urbanos 	    2,281	1495
5908	refieren	    2,280	1494
5909	dorado 	    2,279	1493
5910	ofrecía	    2,279	1493
5911	puse 	    2,278	1493
5912	caridad	    2,277	1492
5913	excepciones 	    2,276	1491
5914	radiación	    2,276	1491
5915	restaurantes	    2,276	1491
5916	traía	    2,276	1491
5917	álvaro	    2,275	1491
5918	aparecido	    2,275	1491
5919	bruto	    2,275	1491
5920	insuficiente	    2,275	1491
5921	respecta	    2,275	1491
5922	conocí	    2,274	1490
5923	diariamente	    2,274	1490
5924	llenar	    2,273	1489
5925	realidades	    2,273	1489
5926	corrió	    2,272	1489
5927	espectro	    2,272	1489
5928	favorables	    2,272	1489
5929	héroes 	    2,272	1489
5930	walter	    2,272	1489
5931	pensamos  	    2,271	1488
5932	cascos 	    2,269	1487
5933	fantasmas 	    2,268	1486
5934	averiguar	    2,266	1485
5935	estructurales	    2,266	1485
5936	jerusalén	    2,266	1485
5937	libremente	    2,266	1485
5938	violenta	    2,266	1485
5939	dependiendo 	    2,265	1484
5940	nosotras	    2,265	1484
5941	órbita	    2,265	1484
5942	separa 	    2,265	1484
5943	vinculación	    2,265	1484
5944	agricultores	    2,264	1484
5945	alex	    2,264	1484
5946	préstamo 	    2,263	1483
5947	capacidades 	    2,262	1482
5948	núcleos 	    2,262	1482
5949	demuestran 	    2,261	1482
5950	mostraron 	    2,261	1482
5951	suecia	    2,261	1482
5952	suponía 	    2,260	1481
5953	von	    2,260	1481
5954	divisas	    2,259	1480
5955	efectividad	    2,259	1480
5956	ingenieros	    2,259	1480
5957	transformaciones 	    2,259	1480
5958	carrillo	    2,258	1480
5959	salvaje	    2,258	1480
5960	debates 	    2,257	1479
5961	sacado 	    2,257	1479
5962	trozos	    2,257	1479
5963	protagonismo 	    2,256	1478
5964	do	    2,254	1477
5965	justificación	    2,253	1476
5966	bloques 	    2,250	1474
5967	lleve	    2,250	1474
5968	infecciones	    2,249	1474
5969	magnífico	    2,249	1474
5970	manchas  	    2,249	1474
5971	pilotos	    2,249	1474
5972	centenario	    2,248	1473
5973	fijado	    2,248	1473
5974	moncloa 	    2,248	1473
5975	pesadilla	    2,248	1473
5976	criatura	    2,247	1472
5977	destacados 	    2,247	1472
5978	fármacos 	    2,247	1472
5979	invertir	    2,246	1472
5980	andaluz 	    2,245	1471
5981	rebelión	    2,245	1471
5982	bicicleta	    2,244	1470
5983	llevarse	    2,244	1470
5984	pautas 	    2,244	1470
5985	enferma 	    2,243	1470
5986	escuchaba  	    2,243	1470
5987	diputación	    2,242	1469
5988	ilusiones	    2,242	1469
5989	jerarquía	    2,241	1468
5990	lógicamente 	    2,241	1468
5991	rompió 	    2,241	1468
5992	emplear 	    2,240	1468
5993	mató 	    2,240	1468
5994	pesado 	    2,240	1468
5995	primas 	    2,240	1468
5996	trago	    2,240	1468
5997	esquemas  	    2,239	1467
5998	permanecen  	    2,239	1467
5999	desean 	    2,238	1466
6000	supuso 	    2,238	1466
6001	adopción 	    2,237	1466
6002	favorecer	    2,237	1466
6003	disparo	    2,236	1465
6004	papas 	    2,236	1465
6005	causado 	    2,235	1465
6006	corregir	    2,235	1465
6007	exacta 	    2,235	1465
6008	paralelo	    2,235	1465
6009	sabio	    2,235	1465
6010	gráfica	    2,234	1464
6011	iberia	    2,233	1463
6012	peligrosa	    2,233	1463
6013	instinto	    2,232	1463
6014	méritos	    2,232	1463
6015	receptor	    2,232	1463
6016	salvación	    2,231	1462
6017	volar	    2,231	1462
6018	marino 	    2,230	1461
6019	huella	    2,229	1461
6020	relatos	    2,229	1461
6021	seriamente 	    2,228	1460
6022	tienden	    2,228	1460
6023	empecé  	    2,227	1459
6024	gasolina	    2,227	1459
6025	ideológico	    2,227	1459
6026	motores 	    2,227	1459
6027	clausura	    2,226	1459
6028	concejales	    2,226	1459
6029	crecido	    2,226	1459
6030	montar 	    2,225	1458
6031	volviendo	    2,224	1457
6032	rusos	    2,223	1457
6033	pluma 	    2,222	1456
6034	uñas 	    2,222	1456
6035	afectar	    2,221	1455
6036	biografía	    2,221	1455
6037	risas	    2,221	1455
6038	adecuadas  	    2,219	1454
6039	discusiones 	    2,219	1454
6040	comunitaria	    2,218	1453
6041	proponer	    2,218	1453
6042	legislatura	    2,217	1453
6043	esperado 	    2,216	1452
6044	escribía	    2,215	1451
6045	canaria	    2,214	1451
6046	esperamos  	    2,214	1451
6047	maravilloso	    2,214	1451
6048	reunir	    2,214	1451
6049	estarían	    2,213	1450
6050	facilita	    2,213	1450
6051	hitler	    2,213	1450
6052	valiente	    2,213	1450
6053	biológica	    2,212	1449
6054	levantarse	    2,211	1449
6055	observador	    2,211	1449
6056	sucesivas 	    2,210	1448
6057	elegidos	    2,209	1447
6058	llenos	    2,209	1447
6059	parezca 	    2,209	1447
6060	trampa 	    2,209	1447
6061	narrativa	    2,208	1447
6062	pagado 	    2,208	1447
6063	considerablemente 	    2,207	1446
6064	elevar	    2,207	1446
6065	haberlo	    2,207	1446
6066	juegan	    2,207	1446
6067	maquinaria 	    2,207	1446
6068	aprovechó 	    2,206	1446
6069	océano 	    2,206	1446
6070	energético	    2,205	1445
6071	suavemente  	    2,205	1445
6072	realista	    2,204	1444
6073	retórica	    2,204	1444
6074	tratarse	    2,204	1444
6075	descrito	    2,203	1444
6076	óptica	    2,203	1444
6077	productivo	    2,203	1444
6078	crean	    2,202	1443
6079	falleció	    2,202	1443
6080	portero	    2,202	1443
6081	alcanzan 	    2,201	1442
6082	tenerife	    2,201	1442
6083	violeta	    2,201	1442
6084	botellas	    2,200	1442
6085	fallecido	    2,200	1442
6086	hablo	    2,200	1442
6087	pierden	    2,200	1442
6088	químicas 	    2,200	1442
6089	jugado	    2,199	1441
6090	estatutos	    2,198	1440
6091	poseer 	    2,198	1440
6092	restricciones	    2,198	1440
6093	extremadura 	    2,197	1440
6094	olga	    2,196	1439
6095	representado 	    2,196	1439
6096	agujero	    2,195	1438
6097	opina	    2,195	1438
6098	triple	    2,195	1438
6099	indias	    2,194	1438
6100	pamplona 	    2,194	1438
6101	pasaje	    2,194	1438
6102	seas 	    2,193	1437
6103	vuelos	    2,193	1437
6104	aparecieron	    2,192	1436
6105	debes 	    2,192	1436
6106	vestida	    2,192	1436
6107	asume  	    2,191	1436
6108	pájaro	    2,191	1436
6109	transforma	    2,191	1436
6110	almirante	    2,190	1435
6111	grano	    2,190	1435
6112	colega	    2,189	1434
6113	competitividad	    2,189	1434
6114	patrones	    2,189	1434
6115	pulso	    2,189	1434
6116	fatal	    2,188	1434
6117	captar	    2,187	1433
6118	empleos 	    2,187	1433
6119	exploración	    2,187	1433
6120	veamos 	    2,187	1433
6121	dieciocho	    2,184	1431
6122	gafas	    2,184	1431
6123	típico	    2,184	1431
6124	vende 	    2,183	1430
6125	dejarse	    2,182	1430
6126	tomada 	    2,182	1430
6127	planetas	    2,181	1429
6128	amores 	    2,180	1428
6129	lagos	    2,180	1428
6130	suelta	    2,180	1428
6131	vitaminas	    2,180	1428
6132	www  	    2,180	1428
6133	bebida	    2,179	1428
6134	creencia	    2,178	1427
6135	obsesión 	    2,178	1427
6136	fresca	    2,177	1426
6137	monumento  	    2,177	1426
6138	utilizó	    2,177	1426
6139	calcula	    2,176	1426
6140	penumbra  	    2,176	1426
6141	tirar	    2,176	1426
6142	amigas 	    2,175	1425
6143	bastantes 	    2,175	1425
6144	thomas 	    2,175	1425
6145	abría	    2,174	1425
6146	dejo	    2,174	1425
6147	firmó	    2,174	1425
6148	dulces	    2,173	1424
6149	naval	    2,173	1424
6150	polonia	    2,173	1424
6151	contestar	    2,172	1423
6152	estilos	    2,172	1423
6153	cambiando  	    2,171	1423
6154	ruinas	    2,171	1423
6155	legislativa	    2,169	1421
6156	digna	    2,168	1421
6157	impulsar	    2,168	1421
6158	amado  	    2,167	1420
6159	oía	    2,167	1420
6160	contribuye	    2,166	1419
6161	conveniencia	    2,166	1419
6162	frenar	    2,166	1419
6163	quieras	    2,166	1419
6164	salarial	    2,166	1419
6165	xiii	    2,166	1419
6166	catedrático	    2,165	1419
6167	hb	    2,164	1418
6168	patente	    2,163	1417
6169	podremos  	    2,163	1417
6170	usando 	    2,163	1417
6171	adecuados  	    2,161	1416
6172	aguda 	    2,161	1416
6173	come 	    2,161	1416
6174	corredores	    2,161	1416
6175	informativo	    2,161	1416
6176	peligros	    2,161	1416
6177	radica	    2,161	1416
6178	eficiente	    2,160	1415
6179	indicadores	    2,160	1415
6180	pescadores 	    2,160	1415
6181	varón	    2,160	1415
6182	delicado	    2,159	1415
6183	ropas	    2,159	1415
6184	túnel	    2,159	1415
6185	preferencia	    2,158	1414
6186	circo	    2,157	1413
6187	natal	    2,157	1413
6188	queja	    2,157	1413
6189	charles	    2,156	1413
6190	presuntos 	    2,156	1413
6191	favorece	    2,155	1412
6192	fibra	    2,155	1412
6193	establecen 	    2,154	1411
6194	extradición	    2,154	1411
6195	jurisdicción	    2,153	1411
6196	sello	    2,153	1411
6197	campamento   	    2,151	1409
6198	bolívares	    2,150	1409
6199	certamen 	    2,150	1409
6200	quejas	    2,150	1409
6201	causó 	    2,149	1408
6202	vacas 	    2,149	1408
6203	biología	    2,148	1407
6204	dirigía	    2,148	1407
6205	rutina	    2,148	1407
6206	afectada	    2,147	1407
6207	iva	    2,147	1407
6208	portal	    2,147	1407
6209	xxi	    2,147	1407
6210	despertó	    2,146	1406
6211	levantado	    2,146	1406
6212	rompe 	    2,146	1406
6213	ambición 	    2,145	1406
6214	psicológico	    2,145	1406
6215	acostumbrado  	    2,144	1405
6216	bola	    2,144	1405
6217	extinción	    2,144	1405
6218	asistieron	    2,143	1404
6219	concesiones 	    2,143	1404
6220	dramático 	    2,143	1404
6221	mezclar 	    2,143	1404
6222	software	    2,143	1404
6223	darme 	    2,142	1404
6224	pistas	    2,142	1404
6225	producida	    2,142	1404
6226	vaca	    2,142	1404
6227	coherente 	    2,141	1403
6228	defensores 	    2,141	1403
6229	mencionados  	    2,141	1403
6230	movilización	    2,141	1403
6231	patología	    2,141	1403
6232	pronóstico	    2,140	1402
6233	misiones 	    2,139	1402
6234	demostración 	    2,138	1401
6235	ciclos	    2,137	1400
6236	formaciones 	    2,136	1400
6237	eventos	    2,135	1399
6238	leo	    2,135	1399
6239	ayuntamientos 	    2,134	1398
6240	castellana	    2,134	1398
6241	lingüística	    2,134	1398
6242	olímpico	    2,134	1398
6243	perdieron	    2,134	1398
6244	administrador	    2,133	1398
6245	coger	    2,133	1398
6246	íbamos 	    2,133	1398
6247	interpretaciones	    2,133	1398
6248	llamaban 	    2,133	1398
6249	profundos	    2,133	1398
6250	saltar	    2,133	1398
6251	verme 	    2,131	1396
6252	brigada	    2,130	1396
6253	comarca 	    2,130	1396
6254	serenidad	    2,130	1396
6255	falda	    2,129	1395
6256	autos	    2,128	1394
6257	enseñanzas  	    2,127	1394
6258	estricto	    2,127	1394
6259	ocupó 	    2,127	1394
6260	pardo	    2,127	1394
6261	dureza 	    2,126	1393
6262	ceder	    2,125	1392
6263	poquito	    2,125	1392
6264	diccionario	    2,124	1392
6265	moléculas 	    2,124	1392
6266	participa	    2,124	1392
6267	lavado	    2,123	1391
6268	semestre 	    2,123	1391
6269	dándole 	    2,122	1390
6270	intentaba	    2,122	1390
6271	importación	    2,121	1390
6272	porvenir	    2,121	1390
6273	canta	    2,120	1389
6274	comercialización	    2,120	1389
6275	hallan	    2,120	1389
6276	apartamento 	    2,119	1388
6277	incorpora	    2,119	1388
6278	dc	    2,118	1388
6279	hábito	    2,118	1388
6280	advertencia	    2,117	1387
6281	ente	    2,117	1387
6282	fábricas	    2,117	1387
6283	experimentos 	    2,116	1387
6284	practicar	    2,116	1387
6285	legalidad	    2,115	1386
6286	bacterias	    2,114	1385
6287	celos	    2,113	1385
6288	decisiva	    2,112	1384
6289	rodilla	    2,112	1384
6290	venezolana 	    2,112	1384
6291	previsión	    2,111	1383
6292	cuevas 	    2,110	1383
6293	creí	    2,109	1382
6294	proporcionar	    2,109	1382
6295	cumpleaños  	    2,108	1381
6296	vinieron	    2,108	1381
6297	confrontación	    2,107	1381
6298	innumerables 	    2,107	1381
6299	consultar	    2,106	1380
6300	haz 	    2,106	1380
6301	historiador	    2,106	1380
6302	transcurrido	    2,105	1379
6303	enseñar 	    2,104	1379
6304	obrera	    2,104	1379
6305	sabiendo 	    2,104	1379
6306	encuentre 	    2,103	1378
6307	abundantes 	    2,102	1377
6308	íntimo	    2,102	1377
6309	justifica	    2,102	1377
6310	partidario	    2,102	1377
6311	síntoma 	    2,102	1377
6312	especialidad	    2,101	1377
6313	llamamos 	    2,101	1377
6314	proposición	    2,101	1377
6315	violento	    2,101	1377
6316	geográfico	    2,100	1376
6317	narración	    2,100	1376
6318	cobra	    2,099	1375
6319	conjuntos	    2,099	1375
6320	aprobar	    2,098	1375
6321	piscina	    2,098	1375
6322	seleccionar	    2,098	1375
6323	sólida	    2,098	1375
6324	turístico	    2,098	1375
6325	adecuadamente  	    2,097	1374
6326	corea	    2,097	1374
6327	creció	    2,097	1374
6328	gobernantes 	    2,097	1374
6329	ordenamiento 	    2,097	1374
6330	sorprende 	    2,097	1374
6331	caña 	    2,096	1373
6332	cordero	    2,096	1373
6333	monarca 	    2,096	1373
6334	saint	    2,096	1373
6335	trastorno	    2,096	1373
6336	corría	    2,095	1373
6337	oscuros 	    2,095	1373
6338	producía	    2,095	1373
6339	rehenes 	    2,095	1373
6340	relacionada	    2,095	1373
6341	varía	    2,094	1372
6342	envío	    2,091	1370
6343	susana 	    2,091	1370
6344	creciendo	    2,090	1369
6345	cuadrado 	    2,090	1369
6346	fermín	    2,090	1369
6347	inmigración	    2,090	1369
6348	carlota	    2,089	1369
6349	sed 	    2,089	1369
6350	abarca 	    2,088	1368
6351	ajenos	    2,088	1368
6352	enlace	    2,088	1368
6353	inminente	    2,087	1368
6354	rubia	    2,087	1368
6355	dirá	    2,086	1367
6356	furia	    2,086	1367
6357	lidia	    2,086	1367
6358	proviene	    2,086	1367
6359	quitar	    2,086	1367
6360	designación 	    2,085	1366
6361	generalizada	    2,085	1366
6362	imperial	    2,085	1366
6363	correctamente 	    2,084	1366
6364	ferrocarril	    2,084	1366
6365	percibe	    2,084	1366
6366	preguntado 	    2,084	1366
6367	amnistía	    2,083	1365
6368	iluminación	    2,083	1365
6369	sofá	    2,083	1365
6370	surgido	    2,083	1365
6371	catalunya	    2,082	1364
6372	curiosamente 	    2,082	1364
6373	peticiones	    2,082	1364
6374	reducida	    2,082	1364
6375	sexualidad	    2,082	1364
6376	anguita	    2,081	1364
6377	balanza 	    2,081	1364
6378	emprender 	    2,081	1364
6379	grandeza 	    2,081	1364
6380	monetario 	    2,081	1364
6381	corrección	    2,080	1363
6382	elemental	    2,080	1363
6383	expone 	    2,080	1363
6384	constitucionales	    2,079	1362
6385	herramienta	    2,079	1362
6386	respirar	    2,079	1362
6387	auge 	    2,078	1362
6388	diarias	    2,078	1362
6389	invitó	    2,078	1362
6390	reunirse	    2,078	1362
6391	cuidados 	    2,077	1361
6392	dramática 	    2,077	1361
6393	parado 	    2,077	1361
6394	recuerdan 	    2,077	1361
6395	rené	    2,077	1361
6396	participado	    2,076	1360
6397	tregua	    2,076	1360
6398	horizontal	    2,075	1360
6399	che 	    2,074	1359
6400	divina	    2,074	1359
6401	márquez 	    2,074	1359
6402	sociología	    2,074	1359
6403	trozo	    2,074	1359
6404	montevideo 	    2,073	1358
6405	relevante	    2,073	1358
6406	trayecto	    2,073	1358
6407	consideramos  	    2,072	1358
6408	proporciones	    2,071	1357
6409	seriedad	    2,071	1357
6410	vivían	    2,071	1357
6411	deseado 	    2,070	1356
6412	paisajes	    2,070	1356
6413	productiva	    2,070	1356
6414	aquélla	    2,069	1356
6415	griegos	    2,069	1356
6416	adelantó	    2,068	1355
6417	colocó	    2,068	1355
6418	ubicada 	    2,067	1354
6419	comprometido  	    2,066	1354
6420	per	    2,066	1354
6421	dependen 	    2,065	1353
6422	escuchado  	    2,065	1353
6423	temores 	    2,065	1353
6424	camilo	    2,064	1352
6425	divorcio	    2,064	1352
6426	jugada	    2,064	1352
6427	managua  	    2,064	1352
6428	porción	    2,063	1352
6429	financiar	    2,062	1351
6430	poderosos 	    2,062	1351
6431	pino	    2,061	1350
6432	parques 	    2,060	1350
6433	carteles	    2,059	1349
6434	irlanda	    2,059	1349
6435	acompañar  	    2,058	1348
6436	indudable	    2,058	1348
6437	sumario 	    2,058	1348
6438	consejeros 	    2,057	1348
6439	coral	    2,056	1347
6440	pascual 	    2,056	1347
6441	pido	    2,056	1347
6442	procedencia 	    2,055	1347
6443	casarse 	    2,054	1346
6444	complicidad 	    2,054	1346
6445	ejecutar	    2,054	1346
6446	vizcaya	    2,054	1346
6447	arenas 	    2,053	1345
6448	claudia	    2,053	1345
6449	equivale	    2,053	1345
6450	sana 	    2,053	1345
6451	divino	    2,052	1345
6452	pacífica	    2,052	1345
6453	matices 	    2,051	1344
6454	inconveniente	    2,050	1343
6455	lamentable 	    2,050	1343
6456	talla	    2,050	1343
6457	tapa	    2,050	1343
6458	emitir	    2,049	1343
6459	hablaban 	    2,049	1343
6460	llorando	    2,049	1343
6461	cuidadosamente  	    2,048	1342
6462	cortos	    2,047	1341
6463	dependiente 	    2,047	1341
6464	trujillo	    2,047	1341
6465	dedicación	    2,046	1341
6466	retirado	    2,046	1341
6467	viste	    2,046	1341
6468	atacar	    2,045	1340
6469	bonos 	    2,045	1340
6470	cuidar	    2,045	1340
6471	desprende 	    2,045	1340
6472	venden 	    2,045	1340
6473	comisaría	    2,044	1339
6474	condenados  	    2,044	1339
6475	editor	    2,044	1339
6476	recogida	    2,043	1339
6477	segovia	    2,043	1339
6478	cinematográfica	    2,042	1338
6479	encargo 	    2,042	1338
6480	implicados	    2,042	1338
6481	durán	    2,041	1337
6482	entendía	    2,041	1337
6483	humilde 	    2,041	1337
6484	alcaldes	    2,040	1337
6485	clemente 	    2,040	1337
6486	comunismo  	    2,040	1337
6487	cuotas 	    2,040	1337
6488	deportivas	    2,040	1337
6489	ordenación 	    2,040	1337
6490	pagan 	    2,040	1337
6491	aumentando  	    2,039	1336
6492	ocio	    2,038	1335
6493	caía	    2,037	1335
6494	metodología 	    2,037	1335
6495	aplicado	    2,036	1334
6496	sillas	    2,036	1334
6497	abrigo	    2,035	1333
6498	coherencia 	    2,035	1333
6499	encargada 	    2,035	1333
6500	lobo	    2,035	1333
6501	retratos	    2,035	1333
6502	borges 	    2,033	1332
6503	hondo 	    2,033	1332
6504	característico	    2,032	1331
6505	desconocida 	    2,031	1331
6506	judío	    2,031	1331
6507	limpiar	    2,031	1331
6508	localización	    2,031	1331
6509	servía	    2,031	1331
6510	vivas	    2,031	1331
6511	freud	    2,030	1330
6512	parientes	    2,030	1330
6513	latinoamericano	    2,029	1329
6514	católico	    2,028	1329
6515	clínicas	    2,028	1329
6516	litoral	    2,028	1329
6517	sentimental	    2,028	1329
6518	desconocidos 	    2,027	1328
6519	pabellón	    2,027	1328
6520	presidenciales	    2,027	1328
6521	abiertamente 	    2,026	1328
6522	estudiando 	    2,026	1328
6523	integridad	    2,026	1328
6524	monasterio 	    2,026	1328
6525	posturas	    2,026	1328
6526	provenientes	    2,026	1328
6527	abren	    2,024	1326
6528	educativos	    2,024	1326
6529	pidieron	    2,024	1326
6530	sopa 	    2,024	1326
6531	colocación	    2,023	1326
6532	mentalidad 	    2,023	1326
6533	nube 	    2,023	1326
6534	afirmaciones	    2,022	1325
6535	campesino  	    2,020	1324
6536	compró 	    2,020	1324
6537	fmi	    2,020	1324
6538	sant	    2,020	1324
6539	idiomas 	    2,019	1323
6540	intentan	    2,018	1322
6541	rebelde	    2,018	1322
6542	rivas	    2,018	1322
6543	ariel	    2,017	1322
6544	dadas 	    2,017	1322
6545	gallo	    2,016	1321
6546	mina 	    2,016	1321
6547	organiza	    2,016	1321
6548	quieran	    2,016	1321
6549	comprendido 	    2,015	1320
6550	pasiones 	    2,015	1320
6551	preferido	    2,015	1320
6552	observadores 	    2,014	1320
6553	sobra	    2,013	1319
6554	lema 	    2,012	1318
6555	planteó	    2,012	1318
6556	popularidad	    2,012	1318
6557	vínculos	    2,012	1318
6558	absorción	    2,011	1318
6559	cargado 	    2,011	1318
6560	inclusión	    2,011	1318
6561	irregular	    2,011	1318
6562	sensibles	    2,011	1318
6563	post	    2,010	1317
6564	frustración	    2,009	1316
6565	modesto 	    2,009	1316
6566	gritar	    2,008	1316
6567	turística	    2,008	1316
6568	caen 	    2,007	1315
6569	coge 	    2,007	1315
6570	comenzará  	    2,007	1315
6571	cucharadita	    2,007	1315
6572	mundos  	    2,006	1314
6573	salta	    2,006	1314
6574	variantes	    2,006	1314
6575	plenitud	    2,005	1314
6576	refiero	    2,005	1314
6577	secciones 	    2,005	1314
6578	sólido	    2,004	1313
6579	alusión	    2,003	1312
6580	dedicados 	    2,003	1312
6581	considero	    2,002	1312
6582	liberalismo	    2,002	1312
6583	luchas	    2,002	1312
6584	responden 	    2,002	1312
6585	aviación	    2,001	1311
6586	timbre	    2,001	1311
6587	darles	    2,000	1310
6588	exhibición	    2,000	1310
6589	insistencia	    2,000	1310
6590	llenas	    2,000	1310
6591	inspector	    1,999	1310
6592	aquéllos	    1,998	1309
6593	empezando  	    1,998	1309
6594	fauna	    1,998	1309
6595	corteza	    1,996	1308
6596	dotado 	    1,996	1308
6597	identificado	    1,996	1308
6598	medicamento  	    1,995	1307
6599	crónicas	    1,994	1307
6600	desempeño  	    1,994	1307
6601	duele	    1,994	1307
6602	íntima	    1,993	1306
6603	experimento 	    1,992	1305
6604	gobernante 	    1,992	1305
6605	grita	    1,992	1305
6606	joyas	    1,992	1305
6607	mercancías 	    1,991	1305
6608	ce	    1,989	1303
6609	ocupaba 	    1,989	1303
6610	salí	    1,989	1303
6611	barça	    1,988	1303
6612	dados 	    1,988	1303
6613	museos  	    1,988	1303
6614	sucesor 	    1,988	1303
6615	lanzado 	    1,987	1302
6616	psc 	    1,987	1302
6617	amplios 	    1,986	1301
6618	suponen 	    1,986	1301
6619	entrando	    1,985	1301
6620	ilustración	    1,985	1301
6621	metáfora	    1,985	1301
6622	violentos	    1,985	1301
6623	cabellos	    1,984	1300
6624	dominar 	    1,984	1300
6625	merecen 	    1,984	1300
6626	mortales	    1,984	1300
6627	quedamos  	    1,984	1300
6628	rechazar	    1,984	1300
6629	cabrera	    1,983	1299
6630	conjuntamente 	    1,983	1299
6631	fomentar	    1,982	1299
6632	prudencia	    1,982	1299
6633	resistir	    1,982	1299
6634	suyas 	    1,982	1299
6635	futuras	    1,981	1298
6636	procurador	    1,981	1298
6637	secundario 	    1,981	1298
6638	dirigidos	    1,980	1297
6639	integrar	    1,980	1297
6640	saludo	    1,980	1297
6641	aprovechamiento 	    1,979	1297
6642	horrible	    1,979	1297
6643	fibras	    1,978	1296
6644	leyó	    1,978	1296
6645	distingue	    1,977	1295
6646	exactitud	    1,977	1295
6647	quijote	    1,977	1295
6648	sumo 	    1,977	1295
6649	catálogo	    1,976	1295
6650	sonora 	    1,976	1295
6651	tardó	    1,975	1294
6652	cogió	    1,974	1293
6653	modernas  	    1,974	1293
6654	sucia	    1,974	1293
6655	trinidad	    1,974	1293
6656	altar	    1,973	1293
6657	consistía	    1,973	1293
6658	patatas	    1,973	1293
6659	venus 	    1,973	1293
6660	progresivamente 	    1,972	1292
6661	teórica	    1,972	1292
6662	adicionales	    1,971	1291
6663	continuaba 	    1,971	1291
6664	precisar	    1,971	1291
6665	cese 	    1,970	1291
6666	convergencia 	    1,970	1291
6667	exclusivo	    1,970	1291
6668	henry	    1,970	1291
6669	ingenio	    1,970	1291
6670	dieciséis	    1,969	1290
6671	molesta 	    1,969	1290
6672	gen 	    1,968	1289
6673	flora	    1,967	1289
6674	ponce 	    1,967	1289
6675	salían	    1,967	1289
6676	bonita	    1,966	1288
6677	chaqueta 	    1,966	1288
6678	impotencia 	    1,966	1288
6679	inconvenientes	    1,966	1288
6680	prisioneros	    1,966	1288
6681	campeones  	    1,965	1288
6682	diré	    1,965	1288
6683	pizarro	    1,965	1288
6684	semilla	    1,965	1288
6685	conforman 	    1,964	1287
6686	excusa 	    1,964	1287
6687	iván	    1,964	1287
6688	suministro	    1,964	1287
6689	urnas	    1,964	1287
6690	injusticia	    1,963	1286
6691	reflejan	    1,963	1286
6692	psicológica	    1,962	1286
6693	maniobras 	    1,961	1285
6694	músculo 	    1,961	1285
6695	iniciaron	    1,960	1284
6696	señoras 	    1,960	1284
6697	jacinto	    1,959	1284
6698	mágico 	    1,959	1284
6699	marín	    1,959	1284
6700	oración	    1,959	1284
6701	roque	    1,959	1284
6702	significaba	    1,959	1284
6703	trazado	    1,959	1284
6704	flexibilidad	    1,958	1283
6705	hongos 	    1,958	1283
6706	jefatura	    1,958	1283
6707	receptores	    1,958	1283
6708	vinagre	    1,958	1283
6709	dejaban 	    1,957	1282
6710	rutas	    1,957	1282
6711	asesinos 	    1,956	1282
6712	convocado 	    1,956	1282
6713	moderado  	    1,956	1282
6714	republicanos	    1,956	1282
6715	existido	    1,955	1281
6716	gota	    1,955	1281
6717	parecida	    1,955	1281
6718	pretensión	    1,955	1281
6719	estrés	    1,954	1280
6720	galerías	    1,954	1280
6721	producciones 	    1,954	1280
6722	pedirle	    1,953	1280
6723	trasladado	    1,953	1280
6724	xii	    1,953	1280
6725	buscado 	    1,952	1279
6726	romana 	    1,952	1279
6727	exponer 	    1,951	1278
6728	martin	    1,951	1278
6729	masculina 	    1,951	1278
6730	times	    1,951	1278
6731	únicas	    1,951	1278
6732	virtual	    1,951	1278
6733	conductores 	    1,950	1278
6734	culo	    1,950	1278
6735	dependencias 	    1,950	1278
6736	macho  	    1,950	1278
6737	democráticos 	    1,949	1277
6738	lana	    1,949	1277
6739	llevamos	    1,949	1277
6740	rasgo	    1,949	1277
6741	comportamientos  	    1,948	1276
6742	anterioridad	    1,947	1276
6743	hallar	    1,947	1276
6744	chiapas 	    1,946	1275
6745	abrazo 	    1,945	1274
6746	aplicada	    1,945	1274
6747	tuyo	    1,945	1274
6748	deficiencias	    1,944	1274
6749	frank	    1,944	1274
6750	hierba	    1,944	1274
6751	insistir	    1,944	1274
6752	martí	    1,944	1274
6753	demasiada  	    1,943	1273
6754	funcionan	    1,943	1273
6755	ordenado 	    1,943	1273
6756	paralelamente 	    1,941	1272
6757	alicante	    1,940	1271
6758	explican	    1,940	1271
6759	lazos	    1,940	1271
6760	traición	    1,940	1271
6761	conversión	    1,939	1270
6762	muchachas  	    1,939	1270
6763	williams	    1,939	1270
6764	confirmado 	    1,938	1270
6765	divertido	    1,938	1270
6766	saldo	    1,938	1270
6767	olímpicos	    1,937	1269
6768	boletín	    1,936	1269
6769	concertación	    1,936	1269
6770	economías  	    1,936	1269
6771	proximidad 	    1,936	1269
6772	colonias	    1,935	1268
6773	destinadas 	    1,935	1268
6774	establecida	    1,935	1268
6775	movilidad	    1,935	1268
6776	trámites	    1,935	1268
6777	celeste	    1,934	1267
6778	democráticas 	    1,934	1267
6779	escribiendo	    1,934	1267
6780	garantiza	    1,933	1267
6781	portugués 	    1,933	1267
6782	tratara	    1,933	1267
6783	deportivos	    1,932	1266
6784	acabo 	    1,931	1265
6785	octavio	    1,931	1265
6786	señalaron	    1,931	1265
6787	significativas	    1,931	1265
6788	valenciana	    1,931	1265
6789	vengo 	    1,931	1265
6790	dictamen 	    1,930	1265
6791	eléctricas	    1,930	1265
6792	comentar 	    1,929	1264
6793	foco	    1,929	1264
6794	juro	    1,928	1263
6795	prometió	    1,928	1263
6796	aroma 	    1,927	1263
6797	barroco	    1,926	1262
6798	cotidiano	    1,925	1261
6799	niebla	    1,925	1261
6800	disponen 	    1,924	1261
6801	entierro	    1,924	1261
6802	granos 	    1,924	1261
6803	plomo 	    1,924	1261
6804	reclama 	    1,924	1261
6805	arafat	    1,923	1260
6806	cesar	    1,923	1260
6807	electores	    1,923	1260
6808	enseña 	    1,923	1260
6809	innovación	    1,923	1260
6810	llegara	    1,923	1260
6811	severo	    1,923	1260
6812	vitales	    1,923	1260
6813	cemento 	    1,921	1259
6814	encanto 	    1,921	1259
6815	allende	    1,920	1258
6816	cercanas 	    1,920	1258
6817	consistente	    1,920	1258
6818	revelación	    1,920	1258
6819	ayudante 	    1,919	1257
6820	mostrando 	    1,919	1257
6821	sospechas  	    1,919	1257
6822	sostenido	    1,919	1257
6823	cólera	    1,918	1257
6824	preparando 	    1,918	1257
6825	exámenes  	    1,917	1256
6826	operar	    1,917	1256
6827	renacimiento	    1,917	1256
6828	tonto	    1,917	1256
6829	botas	    1,915	1255
6830	musulmanes  	    1,915	1255
6831	pierre	    1,914	1254
6832	encargados 	    1,913	1253
6833	globo	    1,913	1253
6834	debida	    1,912	1253
6835	falsas	    1,912	1253
6836	urbanización	    1,912	1253
6837	generado 	    1,911	1252
6838	mármol 	    1,911	1252
6839	tomarse 	    1,911	1252
6840	xv	    1,911	1252
6841	engaño 	    1,910	1251
6842	esplendor	    1,910	1251
6843	formó	    1,910	1251
6844	separados 	    1,909	1251
6845	transformar	    1,909	1251
6846	nacidos 	    1,907	1250
6847	nutrición	    1,907	1250
6848	genético	    1,906	1249
6849	silvia	    1,906	1249
6850	acogida 	    1,905	1248
6851	colorado	    1,905	1248
6852	designado 	    1,905	1248
6853	mueven 	    1,905	1248
6854	comunitario	    1,904	1248
6855	conceptual 	    1,904	1248
6856	causar 	    1,903	1247
6857	negativas	    1,903	1247
6858	partiendo	    1,903	1247
6859	precedente 	    1,903	1247
6860	previstas	    1,903	1247
6861	borracho	    1,901	1246
6862	potencias	    1,901	1246
6863	sutil	    1,901	1246
6864	tony	    1,901	1246
6865	viera	    1,901	1246
6866	académica  	    1,900	1245
6867	decoración 	    1,900	1245
6868	cia	    1,899	1244
6869	cómodo  	    1,899	1244
6870	metales 	    1,899	1244
6871	previstos	    1,899	1244
6872	despliegue	    1,898	1244
6873	optimista	    1,898	1244
6874	veras	    1,898	1244
6875	disponía	    1,896	1242
6876	doméstico 	    1,896	1242
6877	escasas 	    1,896	1242
6878	fatiga	    1,896	1242
6879	limitó	    1,896	1242
6880	hacerme 	    1,895	1242
6881	monopolio 	    1,895	1242
6882	raquel	    1,895	1242
6883	amar 	    1,894	1241
6884	antón	    1,894	1241
6885	elegancia	    1,894	1241
6886	relevancia	    1,894	1241
6887	adoptado 	    1,892	1240
6888	instalar	    1,892	1240
6889	mama  	    1,892	1240
6890	moisés 	    1,891	1239
6891	potente	    1,891	1239
6892	sonar	    1,891	1239
6893	pintar	    1,890	1238
6894	sentados 	    1,890	1238
6895	calificación	    1,889	1238
6896	estatua	    1,889	1238
6897	marxista	    1,889	1238
6898	prefieren	    1,889	1238
6899	códigos 	    1,888	1237
6900	puentes 	    1,888	1237
6901	barreras	    1,887	1236
6902	legitimidad	    1,887	1236
6903	monstruo 	    1,887	1236
6904	presta	    1,887	1236
6905	volante	    1,887	1236
6906	establecidas	    1,886	1236
6907	recipiente	    1,886	1236
6908	unanimidad 	    1,886	1236
6909	cuadra 	    1,885	1235
6910	amplitud	    1,884	1234
6911	continental	    1,884	1234
6912	fortalecer	    1,884	1234
6913	inversores	    1,884	1234
6914	organizadores 	    1,883	1234
6915	sanitarios	    1,883	1234
6916	solicitudes	    1,883	1234
6917	abel	    1,882	1233
6918	quedaría	    1,882	1233
6919	económicamente   	    1,881	1232
6920	falsos	    1,881	1232
6921	recuperado 	    1,881	1232
6922	cayeron 	    1,880	1232
6923	factura	    1,880	1232
6924	trono	    1,880	1232
6925	cárceles	    1,879	1231
6926	digas	    1,879	1231
6927	tortura	    1,879	1231
6928	requerimientos	    1,878	1231
6929	ordenar	    1,877	1230
6930	podamos  	    1,877	1230
6931	romanos 	    1,877	1230
6932	académicos  	    1,876	1229
6933	comprendo  	    1,875	1229
6934	peruana 	    1,875	1229
6935	reconocen 	    1,875	1229
6936	superficies	    1,875	1229
6937	automáticamente  	    1,874	1228
6938	delicada	    1,874	1228
6939	extensa 	    1,874	1228
6940	pechos 	    1,874	1228
6941	significativos	    1,874	1228
6942	whisky 	    1,874	1228
6943	brutal	    1,873	1227
6944	intervienen	    1,873	1227
6945	mercosur 	    1,873	1227
6946	verás	    1,873	1227
6947	confesó 	    1,872	1227
6948	almas 	    1,871	1226
6949	hernán 	    1,871	1226
6950	mide 	    1,871	1226
6951	mineral	    1,871	1226
6952	ritmos	    1,871	1226
6953	superioridad	    1,871	1226
6954	rastro	    1,870	1225
6955	visitó	    1,870	1225
6956	golf	    1,869	1225
6957	grabación	    1,868	1224
6958	superó 	    1,868	1224
6959	tribuna	    1,868	1224
6960	arquitectos	    1,867	1223
6961	atardecer	    1,867	1223
6962	caudillo	    1,867	1223
6963	quiebra	    1,867	1223
6964	escoger 	    1,866	1223
6965	trajes	    1,866	1223
6966	agudo 	    1,865	1222
6967	decidí	    1,865	1222
6968	máscara 	    1,865	1222
6969	continuará	    1,864	1221
6970	máximos  	    1,864	1221
6971	impulsos 	    1,863	1221
6972	pronunció	    1,863	1221
6973	curiosa	    1,862	1220
6974	abuelos 	    1,861	1219
6975	bancaria	    1,860	1219
6976	cometer 	    1,860	1219
6977	denunciar	    1,860	1219
6978	des 	    1,860	1219
6979	israelíes	    1,860	1219
6980	pertenecía	    1,860	1219
6981	telefónicas	    1,860	1219
6982	comprendió 	    1,859	1218
6983	deberes 	    1,859	1218
6984	determinante 	    1,859	1218
6985	dueña 	    1,859	1218
6986	recaudación 	    1,859	1218
6987	sostienen	    1,859	1218
6988	teme 	    1,859	1218
6989	alexander	    1,858	1217
6990	cruce	    1,858	1217
6991	espejos 	    1,858	1217
6992	gustos 	    1,858	1217
6993	impidió	    1,858	1217
6994	mete 	    1,858	1217
6995	movía 	    1,858	1217
6996	eficaces	    1,857	1217
6997	ida	    1,857	1217
6998	catástrofe	    1,856	1216
6999	manifestaron	    1,856	1216
7000	orina	    1,856	1216
7001	interminable	    1,855	1215
7002	pagó 	    1,855	1215
7003	pasillos	    1,855	1215
7004	aurora	    1,854	1215
7005	guadalajara	    1,854	1215
7006	típica	    1,854	1215
7007	evitando	    1,853	1214
7008	medellín	    1,853	1214
7009	tocaba 	    1,853	1214
7010	bárbara	    1,852	1213
7011	ejecutivos	    1,852	1213
7012	orillas	    1,852	1213
7013	muñeca  	    1,851	1213
7014	surgir	    1,851	1213
7015	verdaderas	    1,851	1213
7016	anécdota 	    1,850	1212
7017	inestabilidad	    1,850	1212
7018	olvida	    1,850	1212
7019	river	    1,850	1212
7020	vacuna 	    1,850	1212
7021	venció	    1,850	1212
7022	cielos	    1,849	1211
7023	nobles	    1,849	1211
7024	rodean 	    1,849	1211
7025	abriendo	    1,848	1211
7026	bono 	    1,848	1211
7027	oí	    1,848	1211
7028	pa	    1,847	1210
7029	preparada 	    1,846	1210
7030	relevantes	    1,846	1210
7031	tenor	    1,846	1210
7032	aceptable	    1,845	1209
7033	edmundo  	    1,845	1209
7034	mauricio	    1,845	1209
7035	serias	    1,845	1209
7036	abusos 	    1,844	1208
7037	conformidad 	    1,844	1208
7038	veinticuatro	    1,844	1208
7039	vuelvo	    1,844	1208
7040	copias	    1,843	1208
7041	estimular	    1,843	1208
7042	disciplinas	    1,842	1207
7043	representaba 	    1,842	1207
7044	estuvieran	    1,841	1206
7045	pedazos 	    1,841	1206
7046	refería	    1,840	1206
7047	recogido	    1,838	1204
7048	palos	    1,837	1204
7049	pasamos  	    1,837	1204
7050	pata	    1,837	1204
7051	sistemática	    1,837	1204
7052	acierto	    1,836	1203
7053	fabricantes	    1,836	1203
7054	latinoamericana	    1,836	1203
7055	mercurio	    1,836	1203
7056	monumental  	    1,836	1203
7057	autora	    1,835	1202
7058	sucesivos 	    1,835	1202
7059	contesta	    1,834	1202
7060	hervir	    1,834	1202
7061	televisor	    1,834	1202
7062	horarios	    1,833	1201
7063	rodaje	    1,833	1201
7064	favorito	    1,832	1200
7065	olas	    1,832	1200
7066	victorias	    1,832	1200
7067	dispositivo	    1,831	1200
7068	institucionales	    1,831	1200
7069	mueren 	    1,831	1200
7070	pelos	    1,831	1200
7071	procesamiento 	    1,831	1200
7072	solemne 	    1,831	1200
7073	ala	    1,830	1199
7074	cuerdas 	    1,830	1199
7075	pares	    1,830	1199
7076	receta	    1,830	1199
7077	reestructuración	    1,830	1199
7078	camacho  	    1,829	1198
7079	complemento  	    1,829	1198
7080	mérida 	    1,829	1198
7081	proteína	    1,829	1198
7082	gustó	    1,828	1198
7083	kilo	    1,828	1198
7084	ptas	    1,828	1198
7085	cárdenas 	    1,827	1197
7086	separar	    1,827	1197
7087	superficial	    1,827	1197
7088	equivocado 	    1,826	1196
7089	intuición	    1,826	1196
7090	portada	    1,826	1196
7091	escapa 	    1,825	1196
7092	marte 	    1,825	1196
7093	resulte	    1,825	1196
7094	situados	    1,825	1196
7095	coraje	    1,824	1195
7096	elevación	    1,824	1195
7097	naves 	    1,824	1195
7098	reflexionar	    1,824	1195
7099	conocían 	    1,823	1194
7100	matilde	    1,822	1194
7101	pongo 	    1,822	1194
7102	viajó	    1,821	1193
7103	buque 	    1,820	1192
7104	oculto	    1,820	1192
7105	reflejos	    1,820	1192
7106	tomo 	    1,820	1192
7107	menciona 	    1,819	1192
7108	nuca 	    1,819	1192
7109	pondrá 	    1,819	1192
7110	amalia	    1,818	1191
7111	dirigirse	    1,818	1191
7112	newton 	    1,818	1191
7113	revolucionarios	    1,818	1191
7114	teóricos	    1,818	1191
7115	dime 	    1,817	1191
7116	insomnio 	    1,817	1191
7117	mantuvieron 	    1,817	1191
7118	mediana 	    1,817	1191
7119	objetiva	    1,817	1191
7120	sumar 	    1,817	1191
7121	carecen 	    1,816	1190
7122	charla	    1,816	1190
7123	decimos 	    1,815	1189
7124	jurídicas	    1,815	1189
7125	republicana	    1,815	1189
7126	comprado  	    1,814	1189
7127	disponibilidad	    1,814	1189
7128	eleva	    1,814	1189
7129	generan 	    1,814	1189
7130	ocurra	    1,814	1189
7131	partidas	    1,814	1189
7132	sales	    1,814	1189
7133	víspera	    1,814	1189
7134	definida	    1,813	1188
7135	extremadamente  	    1,813	1188
7136	apetito	    1,811	1187
7137	concede 	    1,811	1187
7138	limitación	    1,811	1187
7139	parroquia	    1,811	1187
7140	sábanas 	    1,811	1187
7141	ganando 	    1,810	1186
7142	intervino	    1,810	1186
7143	sanitarias	    1,810	1186
7144	supresión	    1,810	1186
7145	aficionado	    1,809	1185
7146	mentiras	    1,809	1185
7147	yugoslavia	    1,809	1185
7148	michel	    1,808	1185
7149	román 	    1,808	1185
7150	debidamente 	    1,807	1184
7151	holandés 	    1,807	1184
7152	lejana	    1,807	1184
7153	lorca	    1,807	1184
7154	recordando 	    1,807	1184
7155	reunido	    1,807	1184
7156	ahorros	    1,806	1183
7157	ayudó 	    1,806	1183
7158	mejoras 	    1,806	1183
7159	metropolitana	    1,805	1183
7160	milagros	    1,805	1183
7161	bs	    1,804	1182
7162	medianoche  	    1,804	1182
7163	moción 	    1,804	1182
7164	q	    1,804	1182
7165	unió	    1,804	1182
7166	mencionada  	    1,803	1181
7167	encargó 	    1,802	1181
7168	invita	    1,802	1181
7169	obtienen	    1,802	1181
7170	vínculo	    1,802	1181
7171	andrea 	    1,801	1180
7172	decirme 	    1,801	1180
7173	lisboa	    1,801	1180
7174	provocan 	    1,801	1180
7175	sendero 	    1,801	1180
7176	alcanzaron 	    1,800	1179
7177	biológico	    1,800	1179
7178	tumores 	    1,800	1179
7179	asumió 	    1,799	1179
7180	bebe 	    1,799	1179
7181	gorda	    1,799	1179
7182	abandona 	    1,798	1178
7183	autobuses 	    1,798	1178
7184	cesid	    1,798	1178
7185	frágil	    1,797	1177
7186	importaba 	    1,797	1177
7187	ratón	    1,797	1177
7188	decadencia 	    1,796	1177
7189	harto	    1,796	1177
7190	lecturas	    1,796	1177
7191	llamo	    1,796	1177
7192	prudente	    1,796	1177
7193	consorcio	    1,795	1176
7194	pureza 	    1,795	1176
7195	recibía	    1,795	1176
7196	retiró	    1,794	1175
7197	urbanas 	    1,794	1175
7198	carlitos	    1,793	1175
7199	desfile	    1,793	1175
7200	higiene	    1,793	1175
7201	notablemente 	    1,793	1175
7202	penetración	    1,793	1175
7203	relativos	    1,793	1175
7204	cargas 	    1,792	1174
7205	enfermera 	    1,792	1174
7206	sanz 	    1,792	1174
7207	sor	    1,792	1174
7208	confesión	    1,791	1173
7209	directos	    1,791	1173
7210	diseñado 	    1,791	1173
7211	dispuso 	    1,791	1173
7212	recibirá	    1,791	1173
7213	utilizadas	    1,791	1173
7214	palestina	    1,790	1173
7215	tarifa	    1,790	1173
7216	directivo	    1,789	1172
7217	intermedio	    1,789	1172
7218	buques 	    1,788	1172
7219	indicaciones	    1,788	1172
7220	setiembre 	    1,788	1172
7221	fósiles	    1,787	1171
7222	contribuido	    1,786	1170
7223	dejamos 	    1,786	1170
7224	pintado	    1,786	1170
7225	correa	    1,785	1170
7226	delincuencia	    1,785	1170
7227	registra	    1,785	1170
7228	aislados	    1,784	1169
7229	aumentan  	    1,784	1169
7230	pasé 	    1,784	1169
7231	pudiendo 	    1,784	1169
7232	sandinista	    1,784	1169
7233	alejado	    1,783	1168
7234	asesinatos 	    1,783	1168
7235	desgraciadamente  	    1,783	1168
7236	escaños 	    1,783	1168
7237	velasco	    1,783	1168
7238	creativo	    1,782	1168
7239	poseía	    1,782	1168
7240	reunidos	    1,782	1168
7241	plantel	    1,781	1167
7242	temporadas 	    1,781	1167
7243	anti	    1,780	1166
7244	concluido	    1,780	1166
7245	haré	    1,780	1166
7246	comparten 	    1,779	1166
7247	iría	    1,779	1166
7248	perdidos	    1,778	1165
7249	american 	    1,777	1164
7250	camina 	    1,777	1164
7251	anselmo 	    1,776	1164
7252	asesores 	    1,776	1164
7253	cantos 	    1,776	1164
7254	padece 	    1,776	1164
7255	autonómicas 	    1,775	1163
7256	bartolomé 	    1,775	1163
7257	negado 	    1,775	1163
7258	analiza	    1,774	1162
7259	guadalupe 	    1,774	1162
7260	atenas 	    1,773	1162
7261	líquidos	    1,773	1162
7262	vendedores 	    1,773	1162
7263	pesada 	    1,772	1161
7264	permanentemente  	    1,771	1160
7265	preferencias	    1,771	1160
7266	aislado	    1,770	1160
7267	corren	    1,770	1160
7268	secas 	    1,769	1159
7269	imagino 	    1,768	1158
7270	jones	    1,768	1158
7271	secos 	    1,768	1158
7272	johnny	    1,767	1158
7273	pce 	    1,767	1158
7274	condujo 	    1,766	1157
7275	mandos  	    1,766	1157
7276	correspondía	    1,765	1156
7277	máximas  	    1,764	1156
7278	previos	    1,764	1156
7279	estudió	    1,763	1155
7280	medieval	    1,763	1155
7281	niñez	    1,763	1155
7282	adrián	    1,762	1154
7283	asistió	    1,762	1154
7284	calorías	    1,762	1154
7285	nelson	    1,762	1154
7286	informativa	    1,761	1154
7287	melancolía	    1,761	1154
7288	sirva	    1,761	1154
7289	subvenciones 	    1,761	1154
7290	wilson	    1,761	1154
7291	administrativas	    1,760	1153
7292	provinciales	    1,760	1153
7293	anualmente 	    1,759	1153
7294	cartón	    1,759	1153
7295	comprobado  	    1,759	1153
7296	corbata	    1,759	1153
7297	estatura	    1,759	1153
7298	extendió	    1,759	1153
7299	traduce	    1,758	1152
7300	comparte 	    1,757	1151
7301	elevadas	    1,757	1151
7302	barato	    1,756	1151
7303	lentitud	    1,756	1151
7304	mensuales  	    1,756	1151
7305	convocar 	    1,755	1150
7306	formalmente 	    1,755	1150
7307	goma 	    1,755	1150
7308	hembra 	    1,755	1150
7309	mejoramiento 	    1,755	1150
7310	autónomo  	    1,754	1149
7311	cali	    1,754	1149
7312	horacio	    1,754	1149
7313	anunciar	    1,753	1149
7314	apropiado	    1,753	1149
7315	creadores 	    1,753	1149
7316	enfermería	    1,753	1149
7317	huida	    1,753	1149
7318	libras	    1,753	1149
7319	maneja 	    1,753	1149
7320	manifiestan	    1,753	1149
7321	prólogo	    1,753	1149
7322	sorpresas 	    1,753	1149
7323	incendios	    1,751	1147
7324	vendido	    1,751	1147
7325	globalización	    1,750	1147
7326	laterales	    1,750	1147
7327	mágica 	    1,750	1147
7328	míos 	    1,750	1147
7329	repercusión	    1,750	1147
7330	autonómico 	    1,749	1146
7331	defendió	    1,749	1146
7332	franquismo 	    1,749	1146
7333	jerez	    1,749	1146
7334	jugaba	    1,749	1146
7335	acudieron	    1,748	1145
7336	cabecera 	    1,748	1145
7337	cartagena 	    1,748	1145
7338	cueva 	    1,748	1145
7339	cumpliendo 	    1,748	1145
7340	dedican 	    1,748	1145
7341	lineal	    1,748	1145
7342	matrícula	    1,748	1145
7343	motivación	    1,748	1145
7344	anillo	    1,747	1145
7345	terapéutica	    1,747	1145
7346	compensación  	    1,746	1144
7347	duerme 	    1,746	1144
7348	isidro	    1,746	1144
7349	solares	    1,746	1144
7350	subsecretario	    1,746	1144
7351	dejará	    1,745	1143
7352	ganadería	    1,745	1143
7353	heroína	    1,745	1143
7354	identifica	    1,745	1143
7355	plumas 	    1,745	1143
7356	sexta	    1,744	1143
7357	suman  	    1,744	1143
7358	trenes	    1,744	1143
7359	albert	    1,743	1142
7360	cantando 	    1,743	1142
7361	dijera	    1,743	1142
7362	ejércitos	    1,743	1142
7363	orgulloso	    1,743	1142
7364	penales 	    1,743	1142
7365	pop 	    1,743	1142
7366	provocando 	    1,743	1142
7367	señalaba 	    1,743	1142
7368	embarazada  	    1,742	1141
7369	matanza 	    1,742	1141
7370	parciales	    1,742	1141
7371	lealtad	    1,741	1141
7372	decidida	    1,740	1140
7373	hola	    1,740	1140
7374	manifestantes 	    1,740	1140
7375	porcentajes	    1,740	1140
7376	regalos	    1,740	1140
7377	vélez	    1,740	1140
7378	voluntarios	    1,740	1140
7379	afiliados	    1,739	1139
7380	criminales	    1,739	1139
7381	naturalidad	    1,739	1139
7382	nobleza 	    1,739	1139
7383	contemporáneos  	    1,738	1139
7384	observando 	    1,738	1139
7385	culpables	    1,737	1138
7386	mañanas  	    1,737	1138
7387	acordado 	    1,736	1137
7388	debiera	    1,736	1137
7389	expresamente  	    1,736	1137
7390	pedazo 	    1,736	1137
7391	especializados	    1,735	1137
7392	expresan 	    1,735	1137
7393	obedece 	    1,735	1137
7394	bala	    1,734	1136
7395	cintas	    1,734	1136
7396	controla	    1,734	1136
7397	delirio	    1,734	1136
7398	gigantes	    1,733	1135
7399	querella	    1,733	1135
7400	creído	    1,732	1135
7401	damos  	    1,732	1135
7402	patronal	    1,732	1135
7403	predominio 	    1,732	1135
7404	refiriéndose	    1,732	1135
7405	subido	    1,732	1135
7406	veterano	    1,732	1135
7407	fáciles	    1,731	1134
7408	farmacia	    1,731	1134
7409	peligrosos	    1,731	1134
7410	amplias 	    1,730	1133
7411	misterioso	    1,730	1133
7412	relleno	    1,730	1133
7413	señas 	    1,730	1133
7414	atletas	    1,729	1133
7415	cubiertos	    1,729	1133
7416	externas	    1,729	1133
7417	leía	    1,729	1133
7418	llaves	    1,729	1133
7419	sandra 	    1,729	1133
7420	show 	    1,728	1132
7421	porqué 	    1,727	1132
7422	vendrá	    1,727	1132
7423	verso	    1,727	1132
7424	bestia	    1,726	1131
7425	cigarrillos	    1,726	1131
7426	conducido 	    1,726	1131
7427	hagas 	    1,726	1131
7428	rincones	    1,726	1131
7429	válido	    1,726	1131
7430	doctora	    1,725	1130
7431	dormía 	    1,725	1130
7432	móviles	    1,725	1130
7433	desarrollando	    1,724	1130
7434	fuesen	    1,724	1130
7435	pío	    1,724	1130
7436	prieto	    1,724	1130
7437	cambian 	    1,723	1129
7438	partió	    1,723	1129
7439	contará	    1,722	1128
7440	hable	    1,722	1128
7441	húmedo  	    1,722	1128
7442	molestias	    1,722	1128
7443	reivindicaciones	    1,722	1128
7444	mecánico 	    1,721	1128
7445	valenciano	    1,721	1128
7446	vinculado	    1,721	1128
7447	especializado	    1,720	1127
7448	oo	    1,720	1127
7449	pretender	    1,720	1127
7450	primordial	    1,720	1127
7451	sucio	    1,720	1127
7452	verle	    1,720	1127
7453	vinculados	    1,720	1127
7454	cochabamba  	    1,719	1126
7455	coyuntura 	    1,719	1126
7456	exclusión	    1,719	1126
7457	inocentes	    1,719	1126
7458	domina 	    1,718	1126
7459	redonda 	    1,718	1126
7460	darío	    1,717	1125
7461	dirigidas	    1,717	1125
7462	producidos 	    1,717	1125
7463	sobrino	    1,717	1125
7464	artísticas	    1,716	1124
7465	examinar 	    1,716	1124
7466	fijos	    1,716	1124
7467	lavar	    1,716	1124
7468	meterse 	    1,716	1124
7469	mono 	    1,716	1124
7470	publicados	    1,716	1124
7471	rtve	    1,716	1124
7472	matado 	    1,715	1124
7473	privilegios	    1,715	1124
7474	echado 	    1,714	1123
7475	salimos 	    1,714	1123
7476	viaja	    1,714	1123
7477	fundada 	    1,713	1122
7478	habéis	    1,713	1122
7479	orlando	    1,713	1122
7480	saldrá	    1,713	1122
7481	distante	    1,712	1122
7482	florentino	    1,711	1121
7483	generosidad 	    1,711	1121
7484	simbólico	    1,711	1121
7485	subasta 	    1,711	1121
7486	terremoto	    1,711	1121
7487	llevada	    1,710	1120
7488	afirmaba	    1,709	1120
7489	escuchando  	    1,709	1120
7490	citas	    1,708	1119
7491	consolidar	    1,708	1119
7492	cubiertas	    1,708	1119
7493	indignación	    1,708	1119
7494	pretensiones	    1,708	1119
7495	sustancial	    1,708	1119
7496	test	    1,708	1119
7497	vestuario	    1,708	1119
7498	prometido 	    1,707	1118
7499	tendido	    1,707	1118
7500	efectuado	    1,706	1118
7501	griega	    1,706	1118
7502	mitos	    1,706	1118
7503	significar	    1,706	1118
7504	volvería	    1,706	1118
7505	acompañó  	    1,704	1116
7506	cajón	    1,704	1116
7507	lamentablemente  	    1,704	1116
7508	ministerios	    1,704	1116
7509	asegurado 	    1,703	1116
7510	conlleva	    1,703	1116
7511	perdía	    1,703	1116
7512	presunta	    1,703	1116
7513	vencedor 	    1,703	1116
7514	ajenas	    1,702	1115
7515	desenlace 	    1,702	1115
7516	euro	    1,702	1115
7517	envuelto	    1,701	1114
7518	jamón 	    1,701	1114
7519	seleccionado 	    1,701	1114
7520	gatos	    1,700	1114
7521	maleta 	    1,700	1114
7522	mantendrá 	    1,700	1114
7523	empleada 	    1,699	1113
7524	contundente 	    1,698	1113
7525	laberinto	    1,698	1113
7526	administrativos	    1,697	1112
7527	dialéctica	    1,697	1112
7528	madame  	    1,697	1112
7529	veneno 	    1,697	1112
7530	articulación	    1,696	1111
7531	confía	    1,696	1111
7532	linda	    1,696	1111
7533	vejez	    1,696	1111
7534	radicalmente	    1,695	1111
7535	complejas 	    1,694	1110
7536	luciano	    1,694	1110
7537	servirá	    1,694	1110
7538	autonómica 	    1,693	1109
7539	tuvieran	    1,693	1109
7540	elevados	    1,692	1109
7541	cortado	    1,691	1108
7542	filial	    1,691	1108
7543	introdujo	    1,691	1108
7544	desconoce  	    1,690	1107
7545	directorio	    1,690	1107
7546	juzgados 	    1,690	1107
7547	permanentes  	    1,690	1107
7548	picada	    1,690	1107
7549	baleares	    1,689	1107
7550	cotización	    1,689	1107
7551	street	    1,689	1107
7552	tomates 	    1,689	1107
7553	relativas	    1,688	1106
7554	asciende 	    1,687	1105
7555	bondad 	    1,687	1105
7556	demonio 	    1,687	1105
7557	ensalada 	    1,687	1105
7558	prejuicios	    1,687	1105
7559	preservar	    1,687	1105
7560	sagrada 	    1,687	1105
7561	sonriendo	    1,687	1105
7562	comparar 	    1,686	1105
7563	cuna 	    1,686	1105
7564	inclinación	    1,686	1105
7565	romántico 	    1,686	1105
7566	ulises	    1,686	1105
7567	antaño 	    1,685	1104
7568	gratis	    1,685	1104
7569	adquirió	    1,684	1103
7570	estético	    1,684	1103
7571	invención	    1,684	1103
7572	consistencia	    1,683	1103
7573	remedios 	    1,683	1103
7574	formulación	    1,682	1102
7575	indicaron	    1,682	1102
7576	séptimo 	    1,682	1102
7577	camiseta 	    1,681	1101
7578	clic	    1,681	1101
7579	conspiración	    1,681	1101
7580	consumir 	    1,681	1101
7581	dejen	    1,681	1101
7582	ordenadores 	    1,681	1101
7583	quitó	    1,681	1101
7584	antemano  	    1,680	1101
7585	deportistas	    1,680	1101
7586	entienden	    1,680	1101
7587	lapso	    1,680	1101
7588	agresividad	    1,679	1100
7589	cano 	    1,679	1100
7590	eugenia 	    1,679	1100
7591	triunfos	    1,679	1100
7592	casada 	    1,678	1099
7593	diecisiete	    1,678	1099
7594	franja	    1,678	1099
7595	implacable	    1,678	1099
7596	insoportable	    1,678	1099
7597	nombrar 	    1,678	1099
7598	patricio	    1,678	1099
7599	verdades 	    1,678	1099
7600	camarero 	    1,677	1099
7601	navegación 	    1,677	1099
7602	energética	    1,676	1098
7603	especializada	    1,676	1098
7604	intérprete	    1,676	1098
7605	leña	    1,676	1098
7606	mantenga  	    1,676	1098
7607	paula	    1,676	1098
7608	actuando 	    1,675	1097
7609	desaparecidos 	    1,675	1097
7610	militante	    1,675	1097
7611	ancha 	    1,673	1096
7612	ferrer	    1,673	1096
7613	hierbas	    1,673	1096
7614	lámpara 	    1,673	1096
7615	mejillas	    1,673	1096
7616	táctica	    1,673	1096
7617	noroeste	    1,672	1095
7618	prestación	    1,672	1095
7619	reclamar	    1,672	1095
7620	consiguieron	    1,671	1095
7621	soñar	    1,671	1095
7622	sospechoso  	    1,671	1095
7623	sueldos 	    1,671	1095
7624	tonos	    1,671	1095
7625	velas	    1,671	1095
7626	debieron	    1,670	1094
7627	dependerá 	    1,670	1094
7628	disolución	    1,670	1094
7629	imposición	    1,670	1094
7630	logran	    1,670	1094
7631	mediano 	    1,670	1094
7632	muslos 	    1,670	1094
7633	vuestro	    1,670	1094
7634	esculturas	    1,669	1094
7635	imaginario	    1,669	1094
7636	permanecía 	    1,668	1093
7637	añadido 	    1,667	1092
7638	positivas	    1,666	1092
7639	terceros	    1,666	1092
7640	emite	    1,665	1091
7641	enseñó 	    1,665	1091
7642	fracción	    1,665	1091
7643	jurídicos	    1,665	1091
7644	ordena 	    1,665	1091
7645	permitiría	    1,665	1091
7646	venecia	    1,665	1091
7647	poblado 	    1,664	1090
7648	reaccionar	    1,664	1090
7649	criticó	    1,663	1090
7650	devolver	    1,663	1090
7651	manzanas  	    1,663	1090
7652	presentados 	    1,663	1090
7653	recomendable  	    1,663	1090
7654	reservado	    1,663	1090
7655	ajedrez	    1,662	1089
7656	ayudado 	    1,662	1089
7657	cereales	    1,662	1089
7658	diplomática	    1,662	1089
7659	repetía	    1,662	1089
7660	perfume 	    1,661	1088
7661	salones 	    1,661	1088
7662	detenerse 	    1,660	1088
7663	inevitablemente	    1,660	1088
7664	vulgar	    1,660	1088
7665	ciega	    1,659	1087
7666	descarga 	    1,659	1087
7667	preferible	    1,658	1086
7668	rioja	    1,658	1086
7669	formales	    1,657	1086
7670	suspender 	    1,657	1086
7671	hubiesen 	    1,656	1085
7672	llamaron	    1,656	1085
7673	ratos	    1,656	1085
7674	trágico	    1,656	1085
7675	uruguayo 	    1,656	1085
7676	vestir	    1,656	1085
7677	actuó	    1,653	1083
7678	matriz	    1,653	1083
7679	néstor	    1,653	1083
7680	ordóñez 	    1,653	1083
7681	temática	    1,653	1083
7682	abismo 	    1,652	1082
7683	extrañas	    1,651	1082
7684	sonriente	    1,651	1082
7685	atraer	    1,650	1081
7686	calcular	    1,650	1081
7687	cualidad	    1,650	1081
7688	pez 	    1,650	1081
7689	retirarse	    1,650	1081
7690	acorde 	    1,648	1080
7691	concedió 	    1,648	1080
7692	hacerla	    1,648	1080
7693	rotación	    1,648	1080
7694	trasladar	    1,648	1080
7695	cómoda  	    1,647	1079
7696	atlanta	    1,646	1078
7697	bajando 	    1,646	1078
7698	confirmación	    1,646	1078
7699	solicita	    1,646	1078
7700	agrupaciones 	    1,645	1078
7701	guerrillero	    1,645	1078
7702	mensual 	    1,645	1078
7703	faena	    1,644	1077
7704	vitoria	    1,644	1077
7705	advertido	    1,643	1076
7706	concedido 	    1,643	1076
7707	feroz	    1,643	1076
7708	persigue	    1,643	1076
7709	pulmones 	    1,643	1076
7710	sábados 	    1,643	1076
7711	bruno	    1,642	1076
7712	samuel 	    1,642	1076
7713	madrileños 	    1,641	1075
7714	movió 	    1,641	1075
7715	penetrar	    1,641	1075
7716	terminan	    1,641	1075
7717	profundizar	    1,640	1074
7718	acude 	    1,638	1073
7719	aprecia	    1,638	1073
7720	girar	    1,638	1073
7721	ja	    1,638	1073
7722	ligado	    1,638	1073
7723	fundamentos 	    1,637	1073
7724	magnífica	    1,637	1073
7725	mediación 	    1,637	1073
7726	miss 	    1,637	1073
7727	pobladores 	    1,637	1073
7728	sainz	    1,637	1073
7729	tremendo 	    1,637	1073
7730	extracción	    1,636	1072
7731	fantasías	    1,636	1072
7732	francesas	    1,636	1072
7733	hegemonía  	    1,636	1072
7734	religiones	    1,636	1072
7735	aspirantes	    1,635	1071
7736	cerradas	    1,635	1071
7737	demócratas 	    1,635	1071
7738	elementales 	    1,635	1071
7739	prestado	    1,635	1071
7740	dedicarse	    1,634	1071
7741	desarrollada	    1,634	1071
7742	excesos 	    1,634	1071
7743	mandar 	    1,634	1071
7744	plástica	    1,634	1071
7745	quinientos	    1,634	1071
7746	biblia	    1,633	1070
7747	destinos	    1,633	1070
7748	darán	    1,632	1069
7749	ing	    1,632	1069
7750	muelle	    1,632	1069
7751	urgencias	    1,632	1069
7752	ficha	    1,631	1069
7753	permitieron	    1,631	1069
7754	herald	    1,630	1068
7755	apoyó 	    1,629	1067
7756	dolorosa	    1,629	1067
7757	gratuita	    1,629	1067
7758	pinta	    1,629	1067
7759	plantean	    1,629	1067
7760	proponen 	    1,629	1067
7761	entenderse 	    1,628	1067
7762	figueroa	    1,628	1067
7763	representada 	    1,628	1067
7764	vencido	    1,628	1067
7765	abrirse	    1,627	1066
7766	belga	    1,627	1066
7767	monjas 	    1,627	1066
7768	puntas 	    1,627	1066
7769	cometidos 	    1,626	1065
7770	degradación 	    1,626	1065
7771	agregado 	    1,625	1065
7772	prendas 	    1,625	1065
7773	soviéticos	    1,625	1065
7774	cruzó	    1,624	1064
7775	extendido	    1,624	1064
7776	tremenda 	    1,624	1064
7777	atravesar	    1,623	1063
7778	interpreta	    1,623	1063
7779	legalmente 	    1,623	1063
7780	asociada 	    1,622	1063
7781	presentadas 	    1,622	1063
7782	químico 	    1,621	1062
7783	urbanismo 	    1,621	1062
7784	ad	    1,620	1061
7785	multa	    1,620	1061
7786	temporales 	    1,620	1061
7787	feo	    1,619	1061
7788	camas  	    1,618	1060
7789	magdalena  	    1,618	1060
7790	meramente  	    1,618	1060
7791	napoleón 	    1,618	1060
7792	rechazado 	    1,618	1060
7793	recibiendo	    1,618	1060
7794	siembra 	    1,618	1060
7795	carajo	    1,617	1059
7796	colmo 	    1,617	1059
7797	dejarlo	    1,617	1059
7798	acompañan  	    1,616	1059
7799	bares	    1,616	1059
7800	arreglar	    1,615	1058
7801	canela	    1,615	1058
7802	cobro	    1,615	1058
7803	demonios 	    1,615	1058
7804	físicamente	    1,615	1058
7805	reunieron	    1,615	1058
7806	acoso 	    1,614	1057
7807	bandeja 	    1,614	1057
7808	tomas 	    1,614	1057
7809	autopista	    1,613	1057
7810	constituyó	    1,613	1057
7811	ecológico	    1,613	1057
7812	baños 	    1,612	1056
7813	bruscamente  	    1,612	1056
7814	construye 	    1,612	1056
7815	incorporado	    1,612	1056
7816	interlocutor	    1,612	1056
7817	primitivo	    1,612	1056
7818	alquiler	    1,610	1055
7819	obesidad 	    1,610	1055
7820	plana	    1,610	1055
7821	unen 	    1,610	1055
7822	valdés	    1,610	1055
7823	deba 	    1,609	1054
7824	levante	    1,609	1054
7825	ramo 	    1,609	1054
7826	sometida 	    1,609	1054
7827	dionisio	    1,608	1054
7828	infinita	    1,608	1054
7829	reconocida 	    1,608	1054
7830	antepasados 	    1,607	1053
7831	carter	    1,607	1053
7832	gallegos	    1,607	1053
7833	indiferente	    1,607	1053
7834	múltiple	    1,607	1053
7835	dorada 	    1,606	1052
7836	pálido	    1,606	1052
7837	abrieron	    1,605	1052
7838	ladrones	    1,605	1052
7839	pedí	    1,605	1052
7840	progresista	    1,605	1052
7841	sustituido	    1,605	1052
7842	apuntan 	    1,604	1051
7843	cráneo 	    1,604	1051
7844	disgusto	    1,604	1051
7845	japonesa 	    1,604	1051
7846	probado 	    1,604	1051
7847	prosa	    1,604	1051
7848	regímenes 	    1,604	1051
7849	cal	    1,603	1050
7850	fabricar	    1,603	1050
7851	haití	    1,603	1050
7852	ruina	    1,603	1050
7853	supervisión	    1,603	1050
7854	aula	    1,602	1050
7855	besos 	    1,602	1050
7856	compás  	    1,602	1050
7857	comunicar 	    1,602	1050
7858	cristianismo	    1,602	1050
7859	extender	    1,602	1050
7860	registraron	    1,602	1050
7861	tuya	    1,602	1050
7862	angustias	    1,601	1049
7863	cima 	    1,601	1049
7864	desnudos 	    1,601	1049
7865	extraer	    1,601	1049
7866	gimnasia 	    1,601	1049
7867	hallazgos	    1,601	1049
7868	preguntarle	    1,601	1049
7869	xavier	    1,601	1049
7870	desagradable 	    1,600	1048
7871	américas 	    1,599	1048
7872	benjamín 	    1,599	1048
7873	bordes 	    1,599	1048
7874	comodidad  	    1,599	1048
7875	inversionistas	    1,599	1048
7876	juveniles	    1,599	1048
7877	operadores 	    1,599	1048
7878	siniestro	    1,599	1048
7879	nutrientes	    1,598	1047
7880	transformado 	    1,598	1047
7881	unir	    1,598	1047
7882	acompañados   	    1,597	1046
7883	maradona  	    1,597	1046
7884	rentas	    1,597	1046
7885	susto	    1,597	1046
7886	caldera	    1,596	1046
7887	curvas	    1,596	1046
7888	defenderse 	    1,596	1046
7889	indudablemente 	    1,596	1046
7890	insuficiencia	    1,596	1046
7891	profesorado	    1,596	1046
7892	bolsillos	    1,595	1045
7893	dejara	    1,595	1045
7894	aspira	    1,594	1044
7895	atento	    1,594	1044
7896	escritas	    1,594	1044
7897	expedientes 	    1,594	1044
7898	gallina	    1,594	1044
7899	manta 	    1,594	1044
7900	rencor	    1,594	1044
7901	tiró	    1,594	1044
7902	diosa	    1,593	1044
7903	gritando	    1,593	1044
7904	realice	    1,593	1044
7905	anotó	    1,592	1043
7906	coordinadora	    1,592	1043
7907	eternidad	    1,592	1043
7908	objetividad	    1,592	1043
7909	africanos	    1,591	1042
7910	firmes	    1,591	1042
7911	jugará	    1,591	1042
7912	kilómetro	    1,591	1042
7913	aumentos  	    1,590	1042
7914	detección	    1,590	1042
7915	encerrado 	    1,590	1042
7916	leonor	    1,590	1042
7917	recorte	    1,590	1042
7918	tropa	    1,590	1042
7919	utopía	    1,590	1042
7920	vietnam	    1,590	1042
7921	dobles	    1,589	1041
7922	comunicó 	    1,587	1040
7923	explicaba	    1,587	1040
7924	turquía	    1,587	1040
7925	certificado	    1,586	1039
7926	mejoría	    1,586	1039
7927	yendo 	    1,586	1039
7928	abstracción	    1,585	1038
7929	incluidas	    1,585	1038
7930	latín	    1,585	1038
7931	literalmente	    1,585	1038
7932	diferenciación	    1,584	1038
7933	explicado	    1,583	1037
7934	menéndez  	    1,583	1037
7935	valioso	    1,583	1037
7936	enterado	    1,582	1036
7937	lecciones	    1,582	1036
7938	alejandra	    1,581	1036
7939	aristóteles	    1,581	1036
7940	habilidades	    1,581	1036
7941	puño 	    1,581	1036
7942	cruza	    1,580	1035
7943	influir	    1,580	1035
7944	tropical	    1,580	1035
7945	comunitarios	    1,579	1035
7946	ingresó	    1,579	1035
7947	llegaría	    1,579	1035
7948	significados	    1,579	1035
7949	visuales	    1,579	1035
7950	vacíos	    1,578	1034
7951	viii	    1,578	1034
7952	bancario	    1,577	1033
7953	dominicano 	    1,577	1033
7954	japoneses 	    1,577	1033
7955	cáceres 	    1,576	1033
7956	complicada 	    1,576	1033
7957	evidentes	    1,576	1033
7958	hidalgo	    1,576	1033
7959	transmite	    1,576	1033
7960	arterial	    1,575	1032
7961	artificiales	    1,575	1032
7962	combustibles 	    1,575	1032
7963	conquistar	    1,575	1032
7964	frías	    1,575	1032
7965	futbolistas	    1,575	1032
7966	peruanos 	    1,575	1032
7967	registrados	    1,574	1031
7968	severa	    1,574	1031
7969	paja	    1,572	1030
7970	previsible	    1,572	1030
7971	sucesivamente 	    1,572	1030
7972	asco 	    1,571	1029
7973	grabados 	    1,571	1029
7974	organizó	    1,571	1029
7975	relaciona	    1,571	1029
7976	frentes	    1,570	1029
7977	infraestructuras	    1,570	1029
7978	levantamiento	    1,570	1029
7979	publicitario	    1,570	1029
7980	conceder 	    1,569	1028
7981	convirtieron	    1,569	1028
7982	cortina	    1,569	1028
7983	temprana 	    1,569	1028
7984	valía	    1,569	1028
7985	complutense 	    1,568	1027
7986	ibérica	    1,568	1027
7987	tierno	    1,568	1027
7988	computadora  	    1,567	1027
7989	iniciada	    1,567	1027
7990	libra	    1,567	1027
7991	marinos 	    1,567	1027
7992	nocturno	    1,567	1027
7993	potable	    1,567	1027
7994	visiones	    1,567	1027
7995	genial	    1,566	1026
7996	tom 	    1,566	1026
7997	acera	    1,565	1025
7998	aportes	    1,565	1025
7999	carros	    1,565	1025
8000	previas	    1,565	1025
8001	comparecencia  	    1,564	1025
8002	construida	    1,564	1025
8003	digan	    1,564	1025
8004	escobar 	    1,564	1025
8005	chirac	    1,563	1024
8006	estuviese	    1,563	1024
8007	recomendación  	    1,563	1024
8008	relevo	    1,563	1024
8009	tinta	    1,563	1024
8010	mares 	    1,562	1023
8011	seguirán	    1,562	1023
8012	totales	    1,562	1023
8013	expectativa	    1,561	1023
8014	explosivos	    1,561	1023
8015	faltas	    1,561	1023
8016	venezolanos 	    1,561	1023
8017	apoyan 	    1,560	1022
8018	atiende	    1,560	1022
8019	celta	    1,560	1022
8020	confiesa	    1,560	1022
8021	prioridades	    1,560	1022
8022	superación 	    1,560	1022
8023	inquietudes	    1,559	1021
8024	pasaporte 	    1,559	1021
8025	procesado 	    1,559	1021
8026	quisieron	    1,559	1021
8027	templos 	    1,559	1021
8028	vigentes	    1,559	1021
8029	castellón	    1,558	1021
8030	podíamos 	    1,558	1021
8031	educativas	    1,557	1020
8032	leal	    1,557	1020
8033	escribo	    1,556	1019
8034	variar	    1,556	1019
8035	devoción	    1,555	1019
8036	ayudan 	    1,554	1018
8037	diálogos	    1,554	1018
8038	haberle	    1,554	1018
8039	miras	    1,554	1018
8040	obreras	    1,554	1018
8041	reparación	    1,554	1018
8042	serbios	    1,554	1018
8043	sonó 	    1,554	1018
8044	álbum 	    1,553	1017
8045	historiadores	    1,553	1017
8046	indiscutible	    1,553	1017
8047	racionalidad	    1,553	1017
8048	rocío	    1,553	1017
8049	variados	    1,553	1017
8050	euforia	    1,552	1017
8051	montado 	    1,552	1017
8052	tazas	    1,552	1017
8053	tengamos  	    1,552	1017
8054	acosta 	    1,551	1016
8055	cayendo 	    1,551	1016
8056	cuaderno 	    1,551	1016
8057	impunidad 	    1,551	1016
8058	novelista	    1,551	1016
8059	temo 	    1,551	1016
8060	ánimos 	    1,550	1016
8061	armario	    1,550	1016
8062	clínicos	    1,550	1016
8063	cortas	    1,550	1016
8064	crecen 	    1,550	1016
8065	prolongado 	    1,550	1016
8066	puestas 	    1,550	1016
8067	coco 	    1,549	1015
8068	conexiones 	    1,549	1015
8069	orientales	    1,549	1015
8070	paradigma 	    1,549	1015
8071	trance	    1,549	1015
8072	aspiración	    1,548	1014
8073	conversar	    1,548	1014
8074	extra	    1,548	1014
8075	paradoja	    1,548	1014
8076	puñado 	    1,548	1014
8077	opone 	    1,547	1014
8078	tomé 	    1,547	1014
8079	corral	    1,546	1013
8080	entendemos  	    1,546	1013
8081	calificado	    1,545	1012
8082	milenio	    1,545	1012
8083	acercaba 	    1,544	1012
8084	formaban 	    1,544	1012
8085	hornos 	    1,544	1012
8086	legislativas	    1,544	1012
8087	paralela	    1,544	1012
8088	adónde 	    1,543	1011
8089	interrumpió	    1,543	1011
8090	investiga	    1,543	1011
8091	márgenes  	    1,543	1011
8092	consideradas 	    1,542	1010
8093	segmento  	    1,542	1010
8094	serpiente	    1,542	1010
8095	flamenco 	    1,541	1010
8096	observan 	    1,541	1010
8097	puebla	    1,541	1010
8098	rito	    1,541	1010
8099	sólidos	    1,541	1010
8100	aliado	    1,540	1009
8101	consume  	    1,540	1009
8102	cooperativa	    1,540	1009
8103	estratégica	    1,540	1009
8104	federales	    1,540	1009
8105	gestación	    1,540	1009
8106	maldito	    1,540	1009
8107	prostitución	    1,540	1009
8108	custodia	    1,539	1008
8109	darwin	    1,539	1008
8110	instrumental	    1,539	1008
8111	publicitaria	    1,539	1008
8112	reconciliación	    1,539	1008
8113	sub 	    1,539	1008
8114	cenizas 	    1,538	1008
8115	contrabando 	    1,538	1008
8116	descarta	    1,538	1008
8117	dividido	    1,538	1008
8118	estratégico	    1,538	1008
8119	facilidades	    1,538	1008
8120	franca	    1,538	1008
8121	insulina	    1,538	1008
8122	gobernadores 	    1,537	1007
8123	tecnológicos	    1,537	1007
8124	bienvenida	    1,536	1006
8125	contienda	    1,535	1006
8126	hidrógeno	    1,535	1006
8127	maldita	    1,535	1006
8128	blas	    1,534	1005
8129	forestal	    1,534	1005
8130	llevaría	    1,534	1005
8131	pasaría	    1,534	1005
8132	porta	    1,534	1005
8133	terminaba 	    1,534	1005
8134	curación	    1,533	1004
8135	denunciado 	    1,533	1004
8136	razonamiento 	    1,533	1004
8137	redactor	    1,533	1004
8138	apoyada 	    1,532	1004
8139	convencidos 	    1,532	1004
8140	goza 	    1,532	1004
8141	átomos 	    1,531	1003
8142	definen	    1,531	1003
8143	helicóptero	    1,531	1003
8144	luminoso 	    1,531	1003
8145	resultante	    1,531	1003
8146	arcos	    1,530	1002
8147	coma 	    1,530	1002
8148	espaciales	    1,530	1002
8149	pertenecer	    1,530	1002
8150	reelección	    1,530	1002
8151	temía	    1,530	1002
8152	almacén 	    1,529	1002
8153	argelia	    1,529	1002
8154	compartido 	    1,529	1002
8155	expuso 	    1,529	1002
8156	fotógrafos	    1,529	1002
8157	gozar	    1,529	1002
8158	humberto 	    1,528	1001
8159	injusto	    1,528	1001
8160	negación 	    1,528	1001
8161	requisito	    1,528	1001
8162	aleja	    1,527	1000
8163	alterar	    1,527	1000
8164	diferencial	    1,527	1000
8165	metabolismo 	    1,527	1000
8166	ocurren	    1,527	1000
8167	primario	    1,527	1000
8168	consejería	    1,526	1000
8169	gorbachov 	    1,526	1000
8170	kennedy 	    1,526	1000
8171	carnaval	    1,525	999
8172	consiguen 	    1,525	999
8173	fríos	    1,525	999
8174	dotación	    1,524	998
8175	históricamente	    1,524	998
8176	remate 	    1,524	998
8177	termine	    1,524	998
8178	cátedra	    1,523	998
8179	centra	    1,523	998
8180	homo 	    1,523	998
8181	mark 	    1,523	998
8182	atractiva	    1,522	997
8183	paquetes 	    1,522	997
8184	quintana	    1,522	997
8185	demasiadas  	    1,521	996
8186	procesión	    1,521	996
8187	resuelve	    1,521	996
8188	admirable	    1,520	996
8189	chaves 	    1,520	996
8190	replicó	    1,520	996
8191	terminada 	    1,520	996
8192	espontánea 	    1,519	995
8193	andan 	    1,518	995
8194	editores	    1,518	995
8195	tristes	    1,518	995
8196	cercanías	    1,516	993
8197	gibraltar	    1,516	993
8198	inversa	    1,516	993
8199	kong 	    1,516	993
8200	miro	    1,516	993
8201	satélites	    1,516	993
8202	cazador 	    1,515	993
8203	competente 	    1,515	993
8204	impiden 	    1,515	993
8205	divide	    1,514	992
8206	llamarse	    1,514	992
8207	mercantil	    1,513	991
8208	resoluciones	    1,513	991
8209	ritos	    1,513	991
8210	exigía	    1,512	991
8211	machado  	    1,512	991
8212	recetas	    1,512	991
8213	suaves 	    1,512	991
8214	ascendente 	    1,511	990
8215	primitiva	    1,511	990
8216	reservados	    1,511	990
8217	telón	    1,511	990
8218	toreo	    1,511	990
8219	perderse	    1,510	989
8220	vean	    1,510	989
8221	feto	    1,509	989
8222	legado	    1,509	989
8223	acuden 	    1,508	988
8224	caracterizado	    1,508	988
8225	cumpla 	    1,508	988
8226	terminaron	    1,508	988
8227	involucrados	    1,507	987
8228	mapas  	    1,507	987
8229	pasajes 	    1,507	987
8230	formular	    1,506	987
8231	lograba	    1,506	987
8232	provecho 	    1,506	987
8233	recibida	    1,506	987
8234	centavos 	    1,505	986
8235	dinamarca 	    1,505	986
8236	enterarse	    1,505	986
8237	expuestos 	    1,505	986
8238	gremio 	    1,505	986
8239	interviene	    1,505	986
8240	poético	    1,505	986
8241	brasileña	    1,504	985
8242	data	    1,504	985
8243	defensas 	    1,504	985
8244	potenciales	    1,504	985
8245	tokio	    1,504	985
8246	tributaria	    1,504	985
8247	vendedor 	    1,504	985
8248	bolso	    1,503	985
8249	espinosa 	    1,503	985
8250	geometría 	    1,503	985
8251	ibáñez	    1,503	985
8252	inesperado 	    1,503	985
8253	patrocinio	    1,503	985
8254	adelantado 	    1,502	984
8255	ecológica	    1,502	984
8256	maravillosa	    1,502	984
8257	prefirió	    1,502	984
8258	preguntarse	    1,502	984
8259	proliferación	    1,502	984
8260	adaptarse 	    1,501	983
8261	barrionuevo	    1,501	983
8262	compositores 	    1,501	983
8263	convencionales 	    1,501	983
8264	cuantía	    1,501	983
8265	dispositivos	    1,501	983
8266	honda 	    1,501	983
8267	invento	    1,501	983
8268	miserable	    1,501	983
8269	representados 	    1,501	983
8270	contribuyen	    1,500	983
8271	demasiados  	    1,500	983
8272	borrar	    1,499	982
8273	cortesía	    1,499	982
8274	criado	    1,498	981
8275	llora	    1,498	981
8276	masivo 	    1,498	981
8277	nicaragüenses 	    1,498	981
8278	quedo 	    1,498	981
8279	trescientos	    1,498	981
8280	escondido 	    1,496	980
8281	verán	    1,496	980
8282	atendiendo 	    1,495	979
8283	desconcierto	    1,495	979
8284	descubrimientos 	    1,495	979
8285	detectado 	    1,495	979
8286	to	    1,495	979
8287	apartados 	    1,494	979
8288	frescos	    1,494	979
8289	lata	    1,494	979
8290	literarios	    1,494	979
8291	lleguen	    1,494	979
8292	pesa 	    1,494	979
8293	calla	    1,493	978
8294	jose	    1,493	978
8295	operan 	    1,493	978
8296	salvado	    1,493	978
8297	obtenida	    1,492	977
8298	semejanza  	    1,492	977
8299	abstracto	    1,491	977
8300	confiar	    1,491	977
8301	estabas 	    1,491	977
8302	indemnización 	    1,491	977
8303	maya 	    1,491	977
8304	palestino	    1,491	977
8305	pianista	    1,491	977
8306	proyecta	    1,491	977
8307	saltó	    1,491	977
8308	ud	    1,491	977
8309	estratos	    1,490	976
8310	irme	    1,490	976
8311	matemática 	    1,490	976
8312	nomás  	    1,490	976
8313	cavallo	    1,489	976
8314	derrotado	    1,489	976
8315	maravilla	    1,489	976
8316	determinan 	    1,488	975
8317	disparó	    1,488	975
8318	pesados 	    1,488	975
8319	situar	    1,488	975
8320	tigre	    1,488	975
8321	uva	    1,488	975
8322	verte	    1,488	975
8323	aguantar	    1,487	974
8324	cantantes 	    1,487	974
8325	constituida	    1,487	974
8326	controlada	    1,487	974
8327	ético	    1,487	974
8328	auxiliar	    1,486	974
8329	evidencias	    1,486	974
8330	heredero	    1,486	974
8331	computadoras  	    1,485	973
8332	conservan 	    1,485	973
8333	generalizado	    1,485	973
8334	subiendo 	    1,485	973
8335	venas 	    1,485	973
8336	esferas	    1,484	972
8337	peseta 	    1,484	972
8338	proceden 	    1,484	972
8339	visibles	    1,484	972
8340	calientes	    1,483	972
8341	farc	    1,483	972
8342	hilos	    1,483	972
8343	ladrillos	    1,483	972
8344	manga  	    1,483	972
8345	conservadora 	    1,482	971
8346	filo	    1,482	971
8347	hemisferio	    1,482	971
8348	incorporarse	    1,482	971
8349	matías 	    1,482	971
8350	origina	    1,482	971
8351	profesora	    1,482	971
8352	supiera	    1,482	971
8353	triángulo	    1,482	971
8354	variadas	    1,482	971
8355	bernal	    1,481	970
8356	futbolista	    1,481	970
8357	queden 	    1,481	970
8358	sugerencias 	    1,481	970
8359	manifestar	    1,480	970
8360	protegido	    1,479	969
8361	confundir	    1,478	968
8362	creyendo 	    1,478	968
8363	eligió	    1,478	968
8364	fabio	    1,478	968
8365	mozart 	    1,478	968
8366	recorre	    1,478	968
8367	armamento  	    1,477	968
8368	fijación	    1,477	968
8369	filósofos	    1,477	968
8370	paulo	    1,477	968
8371	pre	    1,477	968
8372	yemas  	    1,477	968
8373	aluminio	    1,475	966
8374	ej	    1,475	966
8375	fox	    1,475	966
8376	melodía 	    1,475	966
8377	sartén	    1,475	966
8378	anunciada 	    1,474	966
8379	coño 	    1,474	966
8380	elvira	    1,474	966
8381	envía	    1,474	966
8382	institutos	    1,474	966
8383	critica	    1,473	965
8384	llano	    1,473	965
8385	molesto 	    1,473	965
8386	traen	    1,473	965
8387	atlántica	    1,472	964
8388	escudo 	    1,472	964
8389	paulatinamente 	    1,472	964
8390	psicosis	    1,472	964
8391	concretar	    1,471	964
8392	conducen 	    1,471	964
8393	contreras	    1,471	964
8394	elías	    1,471	964
8395	entrañas	    1,471	964
8396	pinos	    1,471	964
8397	rescatar	    1,471	964
8398	caracterizan	    1,470	963
8399	compensar  	    1,470	963
8400	cortó	    1,470	963
8401	desequilibrio	    1,470	963
8402	glucosa 	    1,470	963
8403	ingesta	    1,470	963
8404	jubilación	    1,470	963
8405	retira	    1,470	963
8406	manto 	    1,469	962
8407	mutua 	    1,469	962
8408	romántica 	    1,469	962
8409	saludable	    1,469	962
8410	vacías	    1,469	962
8411	aclara	    1,468	962
8412	desesperado 	    1,468	962
8413	esconde 	    1,468	962
8414	fundado 	    1,468	962
8415	guardaba 	    1,468	962
8416	homosexuales  	    1,468	962
8417	pactos 	    1,468	962
8418	queriendo	    1,468	962
8419	quieto	    1,468	962
8420	sujeta	    1,468	962
8421	burla	    1,467	961
8422	grises	    1,467	961
8423	homicidio	    1,467	961
8424	mixta	    1,467	961
8425	optar	    1,467	961
8426	terribles	    1,467	961
8427	becas 	    1,466	960
8428	comités 	    1,466	960
8429	electorado	    1,466	960
8430	mineros 	    1,466	960
8431	administrar	    1,465	960
8432	crucial	    1,465	960
8433	extenso 	    1,465	960
8434	lope	    1,465	960
8435	prolongada 	    1,465	960
8436	respondía	    1,465	960
8437	sáenz 	    1,465	960
8438	surgieron	    1,465	960
8439	auxilio	    1,464	959
8440	ministerial	    1,464	959
8441	pasear 	    1,464	959
8442	salvó	    1,464	959
8443	set	    1,464	959
8444	socialmente 	    1,464	959
8445	curar	    1,463	958
8446	trasladó	    1,463	958
8447	voluntaria	    1,463	958
8448	estimado 	    1,462	958
8449	fundó	    1,462	958
8450	preferentemente 	    1,462	958
8451	tocando 	    1,462	958
8452	asistente	    1,461	957
8453	consigna 	    1,461	957
8454	parados 	    1,461	957
8455	reconstruir	    1,461	957
8456	secuencias 	    1,461	957
8457	coincidieron	    1,460	957
8458	guevara	    1,460	957
8459	antropología	    1,459	956
8460	benítez	    1,459	956
8461	disparar	    1,458	955
8462	iniciación	    1,458	955
8463	productivas	    1,458	955
8464	seleccionados 	    1,458	955
8465	sinceridad	    1,458	955
8466	soria	    1,458	955
8467	discípulos	    1,457	955
8468	encontrará	    1,457	955
8469	perteneciente	    1,457	955
8470	significó	    1,457	955
8471	violaciones	    1,457	955
8472	ocupada 	    1,456	954
8473	sancho 	    1,456	954
8474	caudal	    1,455	953
8475	citadas	    1,455	953
8476	intentaron	    1,455	953
8477	tacto	    1,455	953
8478	tirado	    1,455	953
8479	arranque	    1,454	953
8480	aseguraron 	    1,454	953
8481	controlado	    1,454	953
8482	defensiva	    1,454	953
8483	eras	    1,454	953
8484	medallas 	    1,454	953
8485	vitalidad	    1,454	953
8486	diplomáticos	    1,453	952
8487	existan	    1,453	952
8488	herrero	    1,453	952
8489	mercancía 	    1,453	952
8490	nacen 	    1,453	952
8491	osvaldo	    1,453	952
8492	padecen 	    1,453	952
8493	sentimos 	    1,453	952
8494	almacenes  	    1,451	951
8495	atenta	    1,451	951
8496	comentado  	    1,451	951
8497	moderada  	    1,451	951
8498	presidido	    1,451	951
8499	boe 	    1,450	950
8500	freno	    1,450	950
8501	incapaces 	    1,450	950
8502	variante	    1,450	950
8503	compostela 	    1,449	949
8504	correlación	    1,449	949
8505	inesperada 	    1,449	949
8506	quehacer 	    1,449	949
8507	rodeada 	    1,449	949
8508	actuado 	    1,448	949
8509	adoptada 	    1,448	949
8510	billete	    1,448	949
8511	emplean 	    1,448	949
8512	legislador	    1,448	949
8513	llamamiento 	    1,448	949
8514	progresivo	    1,448	949
8515	valles	    1,448	949
8516	almacenamiento  	    1,447	948
8517	captación	    1,447	948
8518	elegida	    1,447	948
8519	francamente 	    1,447	948
8520	sencillez	    1,447	948
8521	concepciones 	    1,446	947
8522	estricta	    1,446	947
8523	sigan	    1,446	947
8524	tango	    1,446	947
8525	adversario	    1,445	947
8526	africano	    1,445	947
8527	cohesión 	    1,445	947
8528	ratas	    1,445	947
8529	recordemos 	    1,445	947
8530	recuerde	    1,445	947
8531	compatriotas 	    1,444	946
8532	recogen 	    1,444	946
8533	electrónicos	    1,443	945
8534	mejorado 	    1,443	945
8535	montero 	    1,443	945
8536	ofreciendo	    1,443	945
8537	pegado 	    1,443	945
8538	zumo 	    1,443	945
8539	johnson 	    1,442	945
8540	leopoldo	    1,442	945
8541	telescopio	    1,442	945
8542	contenida	    1,441	944
8543	expulsado 	    1,441	944
8544	status	    1,441	944
8545	déjame 	    1,440	943
8546	generoso 	    1,440	943
8547	mística	    1,440	943
8548	sucedía 	    1,440	943
8549	ganancia 	    1,439	943
8550	resolvió	    1,439	943
8551	robado 	    1,439	943
8552	ceremonias 	    1,438	942
8553	consentimiento 	    1,438	942
8554	eléctricos	    1,438	942
8555	idéntico	    1,438	942
8556	introducido	    1,438	942
8557	medicinas 	    1,438	942
8558	preocupante 	    1,438	942
8559	saneamiento 	    1,438	942
8560	tramos 	    1,438	942
8561	válida	    1,437	941
8562	acabaron 	    1,436	941
8563	barranco	    1,436	941
8564	batallas	    1,436	941
8565	colaborador	    1,436	941
8566	ganaderos 	    1,436	941
8567	zarzuela	    1,436	941
8568	especialización	    1,434	939
8569	faltaban	    1,434	939
8570	nuboso 	    1,434	939
8571	ordinario	    1,434	939
8572	rápidos	    1,434	939
8573	arce	    1,433	939
8574	deseable 	    1,433	939
8575	enviados	    1,433	939
8576	mencionó 	    1,433	939
8577	auténticos	    1,432	938
8578	brown 	    1,432	938
8579	circuitos	    1,432	938
8580	gruesa 	    1,432	938
8581	hicieran	    1,432	938
8582	regula	    1,432	938
8583	repetidas	    1,432	938
8584	aseguraba 	    1,431	938
8585	calificar	    1,431	938
8586	lozano	    1,431	938
8587	maternidad 	    1,431	938
8588	ramiro	    1,431	938
8589	ronald	    1,431	938
8590	raya	    1,430	937
8591	textura	    1,430	937
8592	cinturón	    1,429	936
8593	discreción	    1,429	936
8594	inauguró	    1,429	936
8595	recogió	    1,429	936
8596	texas	    1,429	936
8597	descender 	    1,428	936
8598	diseños 	    1,428	936
8599	apoyos 	    1,427	935
8600	contribuyó	    1,427	935
8601	mari	    1,427	935
8602	marxismo  	    1,427	935
8603	molde 	    1,427	935
8604	sustancialmente 	    1,427	935
8605	agonía	    1,426	934
8606	balas	    1,426	934
8607	cineasta	    1,426	934
8608	concentraciones 	    1,426	934
8609	crueldad	    1,426	934
8610	fragmento 	    1,426	934
8611	inútiles	    1,426	934
8612	batería	    1,425	934
8613	ejes	    1,425	934
8614	luchando 	    1,425	934
8615	optó	    1,425	934
8616	ponemos  	    1,425	934
8617	precauciones 	    1,425	934
8618	reparar	    1,425	934
8619	significativamente	    1,425	934
8620	afueras	    1,424	933
8621	brinda	    1,424	933
8622	cruzado 	    1,424	933
8623	húmeda  	    1,424	933
8624	repercusiones 	    1,424	933
8625	alzó	    1,423	932
8626	azulgrana	    1,423	932
8627	hong 	    1,423	932
8628	redujo	    1,423	932
8629	creían	    1,422	932
8630	dedicar	    1,422	932
8631	lord	    1,422	932
8632	materna 	    1,422	932
8633	pacheco 	    1,422	932
8634	alianzas	    1,421	931
8635	dispersión	    1,421	931
8636	incorporó	    1,421	931
8637	inspectores	    1,421	931
8638	párpados 	    1,421	931
8639	villanueva	    1,421	931
8640	cómplice 	    1,420	930
8641	haremos 	    1,420	930
8642	hortalizas	    1,420	930
8643	inventado	    1,420	930
8644	subraya 	    1,420	930
8645	xiv	    1,420	930
8646	cantabria	    1,419	930
8647	chimenea 	    1,419	930
8648	perdona 	    1,419	930
8649	soberano 	    1,419	930
8650	inicios	    1,418	929
8651	mate 	    1,418	929
8652	moto 	    1,418	929
8653	congresos 	    1,417	928
8654	escogido 	    1,417	928
8655	miraban 	    1,417	928
8656	suspendido 	    1,417	928
8657	belloch	    1,416	928
8658	himno 	    1,416	928
8659	reclamo 	    1,416	928
8660	revelan	    1,416	928
8661	vete	    1,416	928
8662	agradecimiento 	    1,415	927
8663	contratar	    1,415	927
8664	especulación 	    1,415	927
8665	gravemente 	    1,415	927
8666	intensamente 	    1,415	927
8667	sodio	    1,414	926
8668	alfa	    1,413	926
8669	cinematográfico	    1,413	926
8670	compasión  	    1,413	926
8671	dedicadas 	    1,413	926
8672	fotográfica	    1,413	926
8673	hipertensión	    1,413	926
8674	hormonas  	    1,413	926
8675	kant	    1,413	926
8676	llenó	    1,413	926
8677	variado	    1,413	926
8678	audiovisual	    1,412	925
8679	autonomías 	    1,412	925
8680	excitación	    1,412	925
8681	paradójicamente 	    1,412	925
8682	razas	    1,412	925
8683	saltos	    1,412	925
8684	inquietante	    1,411	924
8685	insólito	    1,411	924
8686	ligas	    1,411	924
8687	agotado 	    1,410	924
8688	bachillerato	    1,410	924
8689	economista 	    1,410	924
8690	esther	    1,410	924
8691	experimentar 	    1,410	924
8692	habías	    1,410	924
8693	mejía	    1,410	924
8694	mir	    1,410	924
8695	soltó	    1,410	924
8696	adquieren	    1,409	923
8697	einstein	    1,409	923
8698	enfrentan	    1,409	923
8699	ocurriendo	    1,409	923
8700	producidas 	    1,409	923
8701	riguroso	    1,409	923
8702	suscrito	    1,409	923
8703	yeltsin	    1,409	923
8704	enormemente  	    1,408	922
8705	epidemia 	    1,408	922
8706	gráficos	    1,408	922
8707	reúnen 	    1,408	922
8708	anciana 	    1,407	922
8709	creativa	    1,407	922
8710	ponían	    1,407	922
8711	sitúan	    1,407	922
8712	arranca	    1,406	921
8713	esclavitud	    1,406	921
8714	olla	    1,406	921
8715	usados 	    1,406	921
8716	presidida	    1,405	920
8717	bata	    1,404	920
8718	flexible	    1,404	920
8719	microsoft	    1,404	920
8720	absurda 	    1,403	919
8721	bodas 	    1,403	919
8722	andes 	    1,401	918
8723	aprendió	    1,401	918
8724	canadiense 	    1,401	918
8725	huelgas 	    1,401	918
8726	izquierdas	    1,401	918
8727	limitar	    1,401	918
8728	molecular	    1,401	918
8729	ron	    1,401	918
8730	espíritus	    1,400	917
8731	pescados 	    1,400	917
8732	aprende 	    1,399	917
8733	canario	    1,399	917
8734	enmienda 	    1,399	917
8735	mariscal	    1,399	917
8736	sonreír	    1,399	917
8737	pareciera	    1,398	916
8738	pronunciado 	    1,398	916
8739	ribera	    1,398	916
8740	tendré	    1,398	916
8741	ilustre	    1,397	915
8742	médicas 	    1,397	915
8743	montesinos 	    1,397	915
8744	racing	    1,397	915
8745	sacrificios	    1,397	915
8746	amargo 	    1,396	915
8747	berlusconi	    1,396	915
8748	etiqueta	    1,396	915
8749	cargar	    1,395	914
8750	obligatorio	    1,395	914
8751	seguidos 	    1,395	914
8752	tomadas 	    1,395	914
8753	cortinas	    1,394	913
8754	indicación	    1,394	913
8755	misteriosa	    1,394	913
8756	mutuamente  	    1,394	913
8757	rallado	    1,394	913
8758	referentes	    1,394	913
8759	someterse 	    1,394	913
8760	ascensor 	    1,393	913
8761	bancarias	    1,393	913
8762	disimular	    1,393	913
8763	escalas 	    1,393	913
8764	lejanos	    1,393	913
8765	nativos	    1,393	913
8766	pudimos 	    1,393	913
8767	aviraneta	    1,392	912
8768	decida	    1,392	912
8769	definiciones	    1,392	912
8770	frontal	    1,392	912
8771	licencias	    1,392	912
8772	ricas	    1,392	912
8773	avanzando 	    1,391	911
8774	fortalecimiento	    1,391	911
8775	obligatoria	    1,391	911
8776	cordón 	    1,390	911
8777	duhalde 	    1,390	911
8778	enteras	    1,390	911
8779	estela	    1,390	911
8780	imaginaba 	    1,390	911
8781	oficios	    1,390	911
8782	sumó 	    1,390	911
8783	biológicos	    1,389	910
8784	cauce 	    1,389	910
8785	silvestre	    1,389	910
8786	temblor	    1,389	910
8787	abastecimiento 	    1,388	909
8788	consecución 	    1,388	909
8789	diversión	    1,388	909
8790	gijón	    1,388	909
8791	limpias	    1,388	909
8792	lomo 	    1,388	909
8793	juárez	    1,387	909
8794	ayala	    1,386	908
8795	doloroso	    1,386	908
8796	entrenamientos 	    1,386	908
8797	etarras	    1,386	908
8798	vocales	    1,386	908
8799	acompañaba  	    1,385	907
8800	mónica 	    1,385	907
8801	obtuvieron	    1,385	907
8802	restante	    1,385	907
8803	retroceso	    1,385	907
8804	sexos 	    1,385	907
8805	vértigo	    1,385	907
8806	asumido 	    1,384	907
8807	efectúa	    1,384	907
8808	emilia	    1,384	907
8809	ibarra	    1,384	907
8810	quedarán 	    1,384	907
8811	simpático	    1,384	907
8812	sospechar 	    1,384	907
8813	voluntariamente	    1,384	907
8814	rebaja	    1,383	906
8815	comprobó  	    1,382	905
8816	convirtiendo	    1,382	905
8817	demora 	    1,382	905
8818	dinámico 	    1,382	905
8819	aparecían	    1,381	905
8820	colina	    1,381	905
8821	liberar	    1,381	905
8822	reproducir	    1,381	905
8823	simbólica	    1,381	905
8824	turco	    1,381	905
8825	alude	    1,380	904
8826	bailes	    1,380	904
8827	correos	    1,380	904
8828	insultos	    1,380	904
8829	recibo	    1,380	904
8830	sufrieron	    1,380	904
8831	califica	    1,379	903
8832	dijiste	    1,379	903
8833	invertido	    1,379	903
8834	ligada	    1,379	903
8835	montoya 	    1,379	903
8836	monumentos   	    1,379	903
8837	dirigen	    1,378	903
8838	verificar	    1,378	903
8839	aulas	    1,377	902
8840	jackson 	    1,377	902
8841	melilla	    1,377	902
8842	miré	    1,377	902
8843	multimedia 	    1,377	902
8844	pekín	    1,377	902
8845	vendría	    1,377	902
8846	burocracia	    1,376	901
8847	provienen	    1,376	901
8848	atributos	    1,375	901
8849	cría	    1,375	901
8850	desigual	    1,375	901
8851	oso 	    1,375	901
8852	presuntamente 	    1,375	901
8853	andaluza 	    1,374	900
8854	composiciones  	    1,374	900
8855	doctores	    1,374	900
8856	efectuó	    1,374	900
8857	explotar	    1,374	900
8858	faltó	    1,374	900
8859	filosófica	    1,374	900
8860	recesión	    1,374	900
8861	co	    1,373	899
8862	diplomáticas	    1,373	899
8863	indirectamente	    1,373	899
8864	ponerle	    1,373	899
8865	servidor	    1,373	899
8866	situarse	    1,373	899
8867	tomamos  	    1,373	899
8868	acostumbrados  	    1,372	899
8869	especialidades	    1,372	899
8870	focos	    1,371	898
8871	puros	    1,371	898
8872	réplica	    1,371	898
8873	automática 	    1,370	898
8874	construyó 	    1,370	898
8875	inserción	    1,370	898
8876	interesaba	    1,370	898
8877	aguja	    1,369	897
8878	atrevió	    1,369	897
8879	corazones 	    1,369	897
8880	definió	    1,369	897
8881	aceptan 	    1,368	896
8882	comunicarse 	    1,368	896
8883	discreto	    1,368	896
8884	hans 	    1,368	896
8885	cruzada 	    1,367	896
8886	dudar	    1,367	896
8887	galán	    1,367	896
8888	guapa 	    1,367	896
8889	otorgar	    1,367	896
8890	alcanzaba 	    1,366	895
8891	apreciación	    1,366	895
8892	decepción 	    1,366	895
8893	marcharse 	    1,366	895
8894	aceptada 	    1,365	894
8895	compadre  	    1,365	894
8896	derivadas	    1,365	894
8897	diseñar	    1,365	894
8898	ebro	    1,365	894
8899	funcionales	    1,365	894
8900	huerta	    1,365	894
8901	misterios	    1,365	894
8902	piensas 	    1,365	894
8903	agresiones 	    1,364	894
8904	cocido	    1,364	894
8905	otero	    1,364	894
8906	preventiva	    1,364	894
8907	articular	    1,363	893
8908	emisor 	    1,363	893
8909	iris	    1,363	893
8910	muertas 	    1,363	893
8911	recuento	    1,363	893
8912	sostenía	    1,363	893
8913	domésticos 	    1,362	892
8914	prosperidad	    1,362	892
8915	aportan	    1,361	892
8916	ecuación 	    1,361	892
8917	encierra	    1,361	892
8918	prisionero	    1,361	892
8919	recupera	    1,361	892
8920	amorosa 	    1,360	891
8921	bastaba 	    1,360	891
8922	decirte	    1,360	891
8923	descendientes 	    1,360	891
8924	estrechamente 	    1,360	891
8925	prefería	    1,360	891
8926	voluntario	    1,360	891
8927	resaltar	    1,359	890
8928	amelia	    1,358	890
8929	calzada 	    1,358	890
8930	láminas 	    1,358	890
8931	legítimo	    1,358	890
8932	aplicando	    1,357	889
8933	comercios 	    1,357	889
8934	mejilla	    1,357	889
8935	módulo 	    1,357	889
8936	piense	    1,357	889
8937	brisa	    1,356	888
8938	escape 	    1,356	888
8939	barajas	    1,355	888
8940	gritaba	    1,355	888
8941	helado	    1,355	888
8942	impuesta 	    1,355	888
8943	indicador	    1,355	888
8944	marchó 	    1,355	888
8945	oiga	    1,355	888
8946	organizados 	    1,355	888
8947	precisas	    1,355	888
8948	silueta	    1,355	888
8949	andino	    1,354	887
8950	interpretado	    1,354	887
8951	potenciar	    1,354	887
8952	protector	    1,354	887
8953	vocero	    1,354	887
8954	comuna  	    1,353	886
8955	concursos 	    1,353	886
8956	interesan	    1,353	886
8957	millas	    1,353	886
8958	retención	    1,353	886
8959	súbitamente 	    1,353	886
8960	terrestres	    1,353	886
8961	basados 	    1,352	886
8962	combates  	    1,352	886
8963	combinaciones  	    1,352	886
8964	diligencias	    1,352	886
8965	espuma  	    1,352	886
8966	infarto	    1,352	886
8967	marketing 	    1,352	886
8968	padecer 	    1,352	886
8969	preocuparse 	    1,352	886
8970	leves	    1,351	885
8971	adán 	    1,350	884
8972	adversarios	    1,350	884
8973	asociadas 	    1,350	884
8974	béisbol	    1,350	884
8975	estables	    1,350	884
8976	adjudicación	    1,349	884
8977	colocan 	    1,349	884
8978	entretanto	    1,349	884
8979	nómina 	    1,349	884
8980	protege	    1,349	884
8981	senos 	    1,349	884
8982	trofeo	    1,349	884
8983	omar 	    1,348	883
8984	recuperó	    1,348	883
8985	sarajevo	    1,348	883
8986	casino	    1,347	882
8987	cautela	    1,347	882
8988	deficiencia	    1,347	882
8989	encarga 	    1,347	882
8990	encender 	    1,347	882
8991	implicaciones	    1,347	882
8992	niegan	    1,347	882
8993	nocturna	    1,347	882
8994	procura	    1,347	882
8995	anticuerpos	    1,346	882
8996	concebir	    1,346	882
8997	convencimiento 	    1,346	882
8998	determinó 	    1,346	882
8999	levantaba	    1,346	882
9000	multinacional	    1,346	882
9001	estalló	    1,345	881
9002	idiota	    1,345	881
9003	lindo	    1,345	881
9004	producirá	    1,345	881
9005	pudiese 	    1,345	881
9006	ventanilla	    1,345	881
9007	enviada	    1,344	880
9008	influye	    1,344	880
9009	convocó 	    1,343	880
9010	favoritos	    1,343	880
9011	hablaron	    1,343	880
9012	huracán 	    1,343	880
9013	liquidación	    1,343	880
9014	mataron 	    1,343	880
9015	mozo 	    1,343	880
9016	territoriales	    1,343	880
9017	veracruz	    1,343	880
9018	saliva	    1,342	879
9019	amargura 	    1,341	879
9020	aplican	    1,341	879
9021	divisiones	    1,341	879
9022	localizar	    1,341	879
9023	observaba 	    1,341	879
9024	precioso	    1,341	879
9025	avanzó 	    1,340	878
9026	discrepancias	    1,340	878
9027	escritora	    1,340	878
9028	extremidades 	    1,340	878
9029	fallas	    1,340	878
9030	fijó	    1,340	878
9031	jinete	    1,340	878
9032	reconocidos 	    1,340	878
9033	sosa 	    1,340	878
9034	finas	    1,339	877
9035	martirio	    1,339	877
9036	renovar	    1,339	877
9037	toreros	    1,339	877
9038	cuñado 	    1,338	877
9039	desarrollarse	    1,338	877
9040	encendido 	    1,338	877
9041	enteros	    1,338	877
9042	gradual	    1,338	877
9043	misiles	    1,338	877
9044	regulares	    1,338	877
9045	rota	    1,338	877
9046	tribu	    1,338	877
9047	viabilidad	    1,338	877
9048	vicio	    1,338	877
9049	erosión	    1,337	876
9050	espirituales	    1,337	876
9051	jubilados	    1,337	876
9052	anécdotas 	    1,336	875
9053	electo	    1,336	875
9054	enciende 	    1,336	875
9055	precoz 	    1,336	875
9056	rafa	    1,336	875
9057	sugirió	    1,336	875
9058	usaba 	    1,336	875
9059	asientos	    1,335	875
9060	carencias	    1,335	875
9061	cirujano	    1,335	875
9062	cruyff	    1,335	875
9063	desempeñar  	    1,335	875
9064	emocionales 	    1,335	875
9065	episcopal	    1,335	875
9066	proporcional	    1,335	875
9067	cerco	    1,334	874
9068	desesperada 	    1,334	874
9069	eloy	    1,334	874
9070	gigantesco 	    1,334	874
9071	suizo	    1,334	874
9072	velada	    1,334	874
9073	agresivo	    1,333	873
9074	anomalías 	    1,333	873
9075	arrancó	    1,333	873
9076	confuso 	    1,333	873
9077	considere	    1,333	873
9078	excepcionales 	    1,333	873
9079	incómodo 	    1,333	873
9080	prever	    1,333	873
9081	residente	    1,333	873
9082	viceversa	    1,333	873
9083	alejarse	    1,332	873
9084	boxeo 	    1,332	873
9085	huele	    1,332	873
9086	renfe	    1,332	873
9087	salvajes	    1,332	873
9088	santuario	    1,332	873
9089	tope	    1,332	873
9090	incumplimiento 	    1,331	872
9091	manzano  	    1,331	872
9092	trágica	    1,331	872
9093	xi	    1,331	872
9094	campesina  	    1,330	871
9095	contenía	    1,330	871
9096	liaño	    1,330	871
9097	mencionadas  	    1,330	871
9098	globales	    1,329	871
9099	incrementa 	    1,329	871
9100	jaula	    1,329	871
9101	pronunciar	    1,329	871
9102	ventura	    1,329	871
9103	autorizado	    1,328	870
9104	louis	    1,328	870
9105	nacho 	    1,328	870
9106	portavoces	    1,328	870
9107	tarragona	    1,328	870
9108	vertiente	    1,328	870
9109	violín	    1,328	870
9110	aprovecha 	    1,327	869
9111	celia	    1,327	869
9112	curiosos	    1,327	869
9113	nacida	    1,327	869
9114	refuerzo	    1,327	869
9115	temen 	    1,327	869
9116	verbo	    1,327	869
9117	aconsejable 	    1,326	869
9118	acumulado  	    1,326	869
9119	fantástico	    1,326	869
9120	hermosas  	    1,326	869
9121	proyecciones 	    1,326	869
9122	revelado	    1,326	869
9123	tibia	    1,326	869
9124	francos	    1,325	868
9125	idéntica	    1,325	868
9126	permanecido 	    1,325	868
9127	sonoro 	    1,325	868
9128	subrayar	    1,325	868
9129	bando 	    1,324	867
9130	burton	    1,324	867
9131	caminaba 	    1,324	867
9132	musculares 	    1,324	867
9133	testamento 	    1,324	867
9134	alcoholismo 	    1,323	867
9135	campana  	    1,323	867
9136	colecciones 	    1,323	867
9137	enteramente 	    1,323	867
9138	filosófico	    1,323	867
9139	lienzo	    1,323	867
9140	llamando 	    1,323	867
9141	preparan	    1,323	867
9142	rebeldía	    1,323	867
9143	talante	    1,323	867
9144	unánime 	    1,323	867
9145	artísticos	    1,322	866
9146	atletismo	    1,322	866
9147	editoriales	    1,322	866
9148	levemente 	    1,322	866
9149	liberalización	    1,322	866
9150	novios	    1,322	866
9151	nudo 	    1,322	866
9152	tendrás	    1,322	866
9153	antonia	    1,321	865
9154	bastón 	    1,321	865
9155	ladrón	    1,321	865
9156	mutuo 	    1,321	865
9157	puntualizó	    1,321	865
9158	recto	    1,321	865
9159	superan 	    1,321	865
9160	uniformes	    1,321	865
9161	corrido	    1,320	865
9162	desigualdad 	    1,320	865
9163	imprenta	    1,320	865
9164	júbilo	    1,320	865
9165	parecidos	    1,320	865
9166	anexo 	    1,319	864
9167	cejas	    1,319	864
9168	empezamos   	    1,319	864
9169	moscas  	    1,319	864
9170	promotores 	    1,319	864
9171	coincidir	    1,318	863
9172	liberado	    1,318	863
9173	oigo	    1,318	863
9174	procuraduría	    1,318	863
9175	rodar	    1,318	863
9176	sacaba 	    1,318	863
9177	col	    1,317	863
9178	cruces 	    1,317	863
9179	inventar	    1,317	863
9180	itinerario	    1,317	863
9181	metálico	    1,317	863
9182	cabía	    1,316	862
9183	dependientes 	    1,316	862
9184	despertado 	    1,316	862
9185	espectaculares 	    1,316	862
9186	instaló	    1,316	862
9187	interrogantes	    1,316	862
9188	perpetua	    1,316	862
9189	silenciosa	    1,316	862
9190	adjunto	    1,315	861
9191	giovanni	    1,315	861
9192	relajación	    1,315	861
9193	repito	    1,315	861
9194	aéreas 	    1,314	861
9195	anónimo 	    1,314	861
9196	estimación 	    1,314	861
9197	pantallas	    1,314	861
9198	precisos	    1,314	861
9199	st	    1,314	861
9200	tumor 	    1,314	861
9201	aplicarse	    1,313	860
9202	caretas	    1,313	860
9203	carpeta	    1,313	860
9204	dame 	    1,313	860
9205	flaco	    1,313	860
9206	guardan 	    1,313	860
9207	intervalo	    1,313	860
9208	narra	    1,313	860
9209	soberbia	    1,313	860
9210	suceden 	    1,313	860
9211	transferencias	    1,313	860
9212	unirse	    1,313	860
9213	titulada	    1,312	859
9214	alimentaria	    1,311	859
9215	calibre	    1,311	859
9216	dalí	    1,311	859
9217	eliminatoria	    1,311	859
9218	petrolera	    1,311	859
9219	psicológicos	    1,311	859
9220	atractivos	    1,310	858
9221	capricho	    1,310	858
9222	cordillera	    1,310	858
9223	curas	    1,310	858
9224	mostrador 	    1,310	858
9225	ocupados 	    1,310	858
9226	sonreía	    1,310	858
9227	telas	    1,310	858
9228	vladimir	    1,310	858
9229	vocal	    1,310	858
9230	botín	    1,309	858
9231	divisa	    1,309	858
9232	ganaron 	    1,309	858
9233	procesados 	    1,309	858
9234	batasuna 	    1,308	857
9235	cercanía	    1,308	857
9236	encendió 	    1,308	857
9237	esperó 	    1,308	857
9238	plural	    1,308	857
9239	debut	    1,307	856
9240	devolución	    1,307	856
9241	rentable	    1,307	856
9242	temer 	    1,307	856
9243	cañón 	    1,306	856
9244	comiendo 	    1,306	856
9245	desacuerdo 	    1,306	856
9246	doméstica 	    1,306	856
9247	economistas 	    1,306	856
9248	leones	    1,306	856
9249	ofrecieron	    1,306	856
9250	sinfonía	    1,306	856
9251	formados 	    1,305	855
9252	anunciaba 	    1,304	854
9253	botones 	    1,304	854
9254	especializadas	    1,304	854
9255	exigió	    1,304	854
9256	movido 	    1,304	854
9257	mudo 	    1,304	854
9258	prescindir	    1,304	854
9259	servidores	    1,304	854
9260	sintiendo	    1,304	854
9261	durar	    1,303	854
9262	noruega 	    1,303	854
9263	parra	    1,303	854
9264	casó 	    1,302	853
9265	envejecimiento	    1,302	853
9266	enzimas 	    1,302	853
9267	peligrosas	    1,302	853
9268	teatros	    1,302	853
9269	enmiendas  	    1,301	852
9270	subía	    1,301	852
9271	actualización	    1,300	852
9272	concentrado 	    1,300	852
9273	díez	    1,300	852
9274	dominantes 	    1,300	852
9275	formaron	    1,300	852
9276	ganan 	    1,300	852
9277	marcel 	    1,300	852
9278	productivos	    1,300	852
9279	banqueros 	    1,299	851
9280	delegaciones 	    1,299	851
9281	marroquí	    1,299	851
9282	narices	    1,299	851
9283	sincero	    1,299	851
9284	camioneta 	    1,298	850
9285	cocer	    1,298	850
9286	encanta 	    1,298	850
9287	formaba 	    1,298	850
9288	nietos	    1,298	850
9289	ofrecerá	    1,298	850
9290	originalidad	    1,298	850
9291	recorrió	    1,298	850
9292	darnos 	    1,297	850
9293	llegados	    1,297	850
9294	mitin	    1,297	850
9295	rendir	    1,297	850
9296	suicida	    1,297	850
9297	vengan 	    1,297	850
9298	anunciaron 	    1,296	849
9299	bajado	    1,296	849
9300	encuentren 	    1,296	849
9301	pecados 	    1,296	849
9302	reivindicación	    1,296	849
9303	escorial	    1,295	848
9304	esqueleto	    1,295	848
9305	guantes 	    1,295	848
9306	amarillas	    1,294	848
9307	candidaturas	    1,294	848
9308	luxemburgo 	    1,294	848
9309	meditación 	    1,294	848
9310	preocupes 	    1,294	848
9311	separadas 	    1,294	848
9312	aislada	    1,293	847
9313	condado 	    1,293	847
9314	dormida 	    1,293	847
9315	explorar	    1,293	847
9316	ix	    1,293	847
9317	literarias	    1,293	847
9318	palencia	    1,293	847
9319	activamente 	    1,292	846
9320	aliviar	    1,292	846
9321	claustro	    1,292	846
9322	fabricante	    1,292	846
9323	ignora	    1,292	846
9324	practica	    1,292	846
9325	prolongación	    1,292	846
9326	protestar	    1,292	846
9327	yucatán 	    1,292	846
9328	amistades 	    1,291	846
9329	difundir	    1,291	846
9330	discípulo	    1,291	846
9331	entendió	    1,291	846
9332	funda	    1,291	846
9333	instalada	    1,291	846
9334	intervalos	    1,291	846
9335	mitterrand	    1,291	846
9336	socorro	    1,291	846
9337	repetido	    1,290	845
9338	sereno 	    1,290	845
9339	tomará 	    1,290	845
9340	bromas 	    1,289	844
9341	cabildo	    1,289	844
9342	contribuyentes	    1,289	844
9343	depresivo	    1,289	844
9344	operativos	    1,289	844
9345	registrar	    1,289	844
9346	rige	    1,289	844
9347	compone  	    1,288	844
9348	contabilidad	    1,288	844
9349	molécula 	    1,288	844
9350	prosiguió	    1,288	844
9351	rigidez	    1,288	844
9352	berta	    1,287	843
9353	brindar	    1,287	843
9354	casual	    1,287	843
9355	fianza	    1,287	843
9356	lucidez	    1,287	843
9357	murmuró  	    1,287	843
9358	reinado	    1,287	843
9359	vinculadas	    1,287	843
9360	conducía 	    1,286	842
9361	largamente 	    1,286	842
9362	licitación	    1,286	842
9363	rogelio	    1,286	842
9364	vísperas	    1,286	842
9365	industrialización	    1,285	842
9366	raras	    1,285	842
9367	relata	    1,285	842
9368	vestía	    1,285	842
9369	electrones	    1,284	841
9370	estudiantil	    1,284	841
9371	ignorar	    1,284	841
9372	minorías	    1,284	841
9373	trapo	    1,284	841
9374	carmelo 	    1,283	840
9375	elaborados 	    1,283	840
9376	marea 	    1,283	840
9377	on	    1,283	840
9378	permisos 	    1,283	840
9379	inyección	    1,282	840
9380	orgánicos	    1,282	840
9381	plácido	    1,282	840
9382	revelar	    1,282	840
9383	semanario 	    1,282	840
9384	abdomen  	    1,281	839
9385	asignación	    1,281	839
9386	proporcionan	    1,281	839
9387	sabrá	    1,281	839
9388	abanico 	    1,280	839
9389	bucaram 	    1,280	839
9390	despidió	    1,280	839
9391	encabeza 	    1,280	839
9392	guapo 	    1,280	839
9393	janeiro	    1,280	839
9394	periodos	    1,280	839
9395	valentín	    1,280	839
9396	avila	    1,279	838
9397	emitió	    1,279	838
9398	grabar	    1,279	838
9399	codo 	    1,278	837
9400	cooperativas	    1,278	837
9401	ordinaria	    1,278	837
9402	remoto 	    1,278	837
9403	rendimientos	    1,278	837
9404	trataron	    1,278	837
9405	imagina 	    1,277	837
9406	plásticas	    1,277	837
9407	precaución 	    1,277	837
9408	situadas	    1,277	837
9409	utilizarse	    1,277	837
9410	volverse	    1,277	837
9411	adonde 	    1,276	836
9412	alojamiento	    1,276	836
9413	ben 	    1,276	836
9414	beneficiarios	    1,276	836
9415	celebran	    1,276	836
9416	disminuido	    1,276	836
9417	firmaron	    1,276	836
9418	helms 	    1,276	836
9419	asustado 	    1,275	835
9420	comporta 	    1,275	835
9421	defienden	    1,275	835
9422	envergadura 	    1,275	835
9423	hallado	    1,275	835
9424	honestidad 	    1,275	835
9425	admisión 	    1,274	835
9426	compartida 	    1,274	835
9427	cubren 	    1,274	835
9428	deberíamos 	    1,274	835
9429	descontento 	    1,274	835
9430	despido 	    1,274	835
9431	haciéndose 	    1,274	835
9432	platón	    1,274	835
9433	sequía	    1,274	835
9434	teología	    1,274	835
9435	torpe	    1,274	835
9436	afganistán	    1,273	834
9437	crearon	    1,273	834
9438	directas	    1,273	834
9439	formidable	    1,273	834
9440	iniciará	    1,273	834
9441	latino	    1,273	834
9442	nieves	    1,273	834
9443	resta	    1,273	834
9444	sois	    1,273	834
9445	cancillería	    1,272	833
9446	cazuela 	    1,272	833
9447	cds 	    1,272	833
9448	incluyó	    1,272	833
9449	mediterránea 	    1,272	833
9450	opositores	    1,272	833
9451	prácticos	    1,272	833
9452	boston 	    1,271	833
9453	contemplación 	    1,271	833
9454	despejado 	    1,271	833
9455	difunto	    1,271	833
9456	informal	    1,271	833
9457	yacimientos 	    1,271	833
9458	cogido	    1,270	832
9459	davis	    1,270	832
9460	polémico 	    1,270	832
9461	dispuestas 	    1,269	831
9462	obligan	    1,269	831
9463	ponencia 	    1,269	831
9464	resonancia 	    1,269	831
9465	contrarios	    1,268	831
9466	desconocimiento 	    1,268	831
9467	gallega	    1,268	831
9468	pasara 	    1,268	831
9469	vómitos	    1,268	831
9470	conejo	    1,267	830
9471	contratado	    1,267	830
9472	membrana  	    1,267	830
9473	sos 	    1,267	830
9474	artillería	    1,266	829
9475	convocada 	    1,266	829
9476	ecología	    1,266	829
9477	equipamiento 	    1,266	829
9478	laurel	    1,266	829
9479	oyentes 	    1,266	829
9480	resume 	    1,266	829
9481	almería	    1,265	829
9482	ángulos 	    1,265	829
9483	concentra 	    1,265	829
9484	constatar	    1,265	829
9485	contraloría	    1,265	829
9486	hablé	    1,265	829
9487	opinó	    1,265	829
9488	revólver	    1,265	829
9489	semanal 	    1,265	829
9490	sinfónica	    1,265	829
9491	ambicioso 	    1,264	828
9492	diversa	    1,264	828
9493	frei	    1,264	828
9494	afectó	    1,263	827
9495	arrastra	    1,263	827
9496	ciclismo	    1,263	827
9497	conoces 	    1,263	827
9498	du	    1,263	827
9499	realizador	    1,263	827
9500	velo	    1,263	827
9501	cobran 	    1,262	827
9502	constituyente	    1,262	827
9503	nitrógeno	    1,262	827
9504	párrafos	    1,262	827
9505	patentes	    1,262	827
9506	secuestrado 	    1,262	827
9507	alvarado	    1,261	826
9508	escalada 	    1,261	826
9509	ganadores 	    1,261	826
9510	lío	    1,261	826
9511	recortes	    1,261	826
9512	vería	    1,261	826
9513	atentamente 	    1,260	825
9514	facciones	    1,260	825
9515	vendió	    1,260	825
9516	conformación 	    1,259	825
9517	desplazamientos 	    1,259	825
9518	callado	    1,258	824
9519	chamorro 	    1,258	824
9520	equivalentes	    1,258	824
9521	excursión	    1,258	824
9522	fracasado	    1,258	824
9523	subieron	    1,258	824
9524	asoma  	    1,257	823
9525	coincidiendo	    1,257	823
9526	contaban 	    1,257	823
9527	dominación 	    1,257	823
9528	hacernos 	    1,257	823
9529	importar	    1,257	823
9530	incipiente	    1,257	823
9531	podré	    1,257	823
9532	quema  	    1,257	823
9533	carrasco	    1,256	823
9534	orgánico	    1,256	823
9535	permitiendo	    1,256	823
9536	resiste	    1,256	823
9537	sufriendo	    1,256	823
9538	ideológicas	    1,255	822
9539	iraquí	    1,255	822
9540	linares	    1,255	822
9541	participarán	    1,255	822
9542	transformó	    1,255	822
9543	dietas	    1,254	821
9544	estimulación	    1,254	821
9545	moro 	    1,254	821
9546	fascinante	    1,253	821
9547	variada	    1,253	821
9548	alfombra	    1,252	820
9549	cables	    1,252	820
9550	convertida	    1,252	820
9551	fugaz	    1,252	820
9552	guías	    1,252	820
9553	hortensia	    1,252	820
9554	impecable 	    1,252	820
9555	inmediaciones 	    1,252	820
9556	mandado  	    1,252	820
9557	pilares	    1,252	820
9558	posada 	    1,252	820
9559	prevalencia	    1,252	820
9560	quedara 	    1,252	820
9561	rosales	    1,252	820
9562	sabíamos 	    1,252	820
9563	senda 	    1,252	820
9564	ejercen	    1,251	820
9565	ganaba 	    1,251	820
9566	tinieblas	    1,251	820
9567	estallar	    1,250	819
9568	juguetes	    1,250	819
9569	pertinentes	    1,250	819
9570	prenda 	    1,250	819
9571	sentencias 	    1,250	819
9572	vestíbulo	    1,250	819
9573	ambigüedad  	    1,249	818
9574	compradores  	    1,249	818
9575	comunión 	    1,249	818
9576	derivado	    1,249	818
9577	france	    1,249	818
9578	interesada	    1,249	818
9579	leí	    1,249	818
9580	separan 	    1,249	818
9581	generosa 	    1,248	818
9582	iluminado	    1,248	818
9583	inolvidable	    1,248	818
9584	mago 	    1,248	818
9585	mansión 	    1,248	818
9586	brevemente 	    1,247	817
9587	convierta	    1,247	817
9588	dominado 	    1,247	817
9589	helicópteros	    1,247	817
9590	llevarlo	    1,247	817
9591	proposiciones	    1,247	817
9592	regaló	    1,247	817
9593	semifinales	    1,247	817
9594	suavidad	    1,247	817
9595	comerciante 	    1,246	816
9596	lagunas 	    1,246	816
9597	bernabéu 	    1,245	816
9598	camp 	    1,245	816
9599	cargada 	    1,245	816
9600	corridas	    1,245	816
9601	fallecimiento	    1,245	816
9602	pertenencia	    1,245	816
9603	acusan 	    1,244	815
9604	chorro	    1,244	815
9605	convicciones	    1,244	815
9606	desciende 	    1,244	815
9607	descomposición  	    1,244	815
9608	descubrieron	    1,244	815
9609	grasos 	    1,244	815
9610	medición 	    1,244	815
9611	pirámide	    1,244	815
9612	televisivo	    1,244	815
9613	aduanas 	    1,243	814
9614	alcoba	    1,243	814
9615	bajaba	    1,243	814
9616	renault	    1,243	814
9617	boliviano	    1,242	814
9618	comen  	    1,242	814
9619	cubría	    1,242	814
9620	durmiendo 	    1,242	814
9621	elige	    1,242	814
9622	municipalidad	    1,242	814
9623	off	    1,242	814
9624	sacando 	    1,242	814
9625	vayas 	    1,242	814
9626	almunia 	    1,241	813
9627	antibióticos	    1,241	813
9628	betis	    1,241	813
9629	borrell	    1,241	813
9630	contracción	    1,241	813
9631	lleida	    1,241	813
9632	promete 	    1,241	813
9633	robar	    1,241	813
9634	sinceramente 	    1,241	813
9635	súbita	    1,241	813
9636	sucediendo 	    1,241	813
9637	agitación	    1,240	812
9638	automático 	    1,240	812
9639	ende 	    1,240	812
9640	inspirado	    1,240	812
9641	olores	    1,240	812
9642	séptima 	    1,240	812
9643	seré	    1,240	812
9644	silencioso	    1,240	812
9645	adoptó 	    1,239	812
9646	bonaerense 	    1,239	812
9647	cónsul	    1,239	812
9648	consultado 	    1,239	812
9649	harían	    1,239	812
9650	aceites	    1,238	811
9651	esposas 	    1,238	811
9652	estimaciones 	    1,238	811
9653	lunar	    1,238	811
9654	merino 	    1,238	811
9655	proveedores 	    1,238	811
9656	vigilar	    1,238	811
9657	cantaba 	    1,237	810
9658	criaturas	    1,237	810
9659	definidos	    1,237	810
9660	depresiones 	    1,237	810
9661	encierro	    1,237	810
9662	estallido	    1,237	810
9663	comenzando  	    1,236	810
9664	corporaciones 	    1,236	810
9665	inmediatos 	    1,236	810
9666	maldonado  	    1,236	810
9667	porciones	    1,236	810
9668	saludar	    1,236	810
9669	contenta	    1,235	809
9670	depender 	    1,235	809
9671	granja	    1,235	809
9672	hostil	    1,235	809
9673	pierda	    1,235	809
9674	hábitat	    1,234	808
9675	viable	    1,234	808
9676	abandonada  	    1,233	808
9677	deciden 	    1,233	808
9678	diente	    1,233	808
9679	presentaciones 	    1,233	808
9680	primarias	    1,233	808
9681	segmentos  	    1,233	808
9682	susceptibles	    1,233	808
9683	tranquilos	    1,233	808
9684	universales	    1,233	808
9685	aquiles	    1,232	807
9686	dinamismo  	    1,232	807
9687	inician	    1,232	807
9688	inmueble 	    1,232	807
9689	mayoritario	    1,232	807
9690	ciegos	    1,231	806
9691	defendido	    1,231	806
9692	opresión	    1,231	806
9693	cansada 	    1,230	806
9694	comprador 	    1,230	806
9695	forzar	    1,230	806
9696	lírica	    1,230	806
9697	tecnológicas	    1,230	806
9698	xunta	    1,230	806
9699	asistido	    1,229	805
9700	clásicas	    1,229	805
9701	conozca 	    1,229	805
9702	entré	    1,229	805
9703	escolta	    1,229	805
9704	iberoamérica	    1,229	805
9705	peste	    1,229	805
9706	plantearse	    1,229	805
9707	tonta	    1,229	805
9708	acelerar	    1,228	804
9709	adelantar	    1,228	804
9710	galaxias	    1,228	804
9711	identificados	    1,228	804
9712	llame	    1,228	804
9713	mayoritariamente 	    1,228	804
9714	acuerdas 	    1,227	804
9715	carcajada	    1,227	804
9716	entramos 	    1,227	804
9717	filmes	    1,227	804
9718	lápiz	    1,227	804
9719	mafia	    1,227	804
9720	maravillas	    1,227	804
9721	paró	    1,227	804
9722	agresiva	    1,226	803
9723	callejón	    1,226	803
9724	complementarias  	    1,226	803
9725	der	    1,226	803
9726	fallos	    1,226	803
9727	falsedad	    1,226	803
9728	movilizaciones	    1,226	803
9729	pagando 	    1,226	803
9730	posguerra 	    1,226	803
9731	seguí	    1,226	803
9732	sirvieron	    1,226	803
9733	telefonía	    1,226	803
9734	derrotar	    1,225	802
9735	entrevistado	    1,225	802
9736	hall	    1,225	802
9737	inteligentes	    1,225	802
9738	irreversible	    1,225	802
9739	kohl	    1,225	802
9740	hungría	    1,224	802
9741	influyen	    1,224	802
9742	bibliotecas	    1,223	801
9743	celo	    1,223	801
9744	comprendí 	    1,223	801
9745	ideologías	    1,223	801
9746	íntimamente 	    1,223	801
9747	irregulares	    1,223	801
9748	narcotraficantes	    1,223	801
9749	salva	    1,223	801
9750	stalin	    1,223	801
9751	desarrolladas	    1,222	801
9752	incluía	    1,222	801
9753	maduro 	    1,222	801
9754	pereira	    1,222	801
9755	pulmón 	    1,222	801
9756	tendríamos 	    1,222	801
9757	paulina	    1,221	800
9758	psiquiatra	    1,221	800
9759	trío	    1,221	800
9760	cuente 	    1,220	799
9761	situó	    1,220	799
9762	descentralización	    1,219	799
9763	desear 	    1,219	799
9764	iniciarse	    1,219	799
9765	intercambios	    1,219	799
9766	morena 	    1,219	799
9767	sa	    1,219	799
9768	varela	    1,219	799
9769	delgada 	    1,218	798
9770	elimina	    1,218	798
9771	matemático 	    1,218	798
9772	millares	    1,218	798
9773	recibidos	    1,218	798
9774	aminoácidos 	    1,217	797
9775	aspirar	    1,217	797
9776	hembras 	    1,217	797
9777	modificado	    1,217	797
9778	presenten 	    1,217	797
9779	restricción	    1,217	797
9780	sospechosos  	    1,217	797
9781	anónima 	    1,216	797
9782	enseñado 	    1,216	797
9783	enteró	    1,216	797
9784	estudian	    1,216	797
9785	imposibles	    1,216	797
9786	lucio	    1,216	797
9787	humildad 	    1,215	796
9788	integrante	    1,215	796
9789	librería	    1,215	796
9790	otorgado	    1,215	796
9791	pelear	    1,215	796
9792	periodística	    1,215	796
9793	riquezas	    1,215	796
9794	clientela	    1,214	795
9795	comencé  	    1,214	795
9796	desechos 	    1,214	795
9797	indirecta	    1,214	795
9798	inquieto	    1,214	795
9799	rúa	    1,214	795
9800	sabios	    1,214	795
9801	interrumpe	    1,213	795
9802	abundan 	    1,212	794
9803	carcajadas 	    1,212	794
9804	designar	    1,212	794
9805	escándalos 	    1,212	794
9806	olvidarse	    1,212	794
9807	oraciones	    1,212	794
9808	reclaman 	    1,212	794
9809	relojes	    1,212	794
9810	atreve	    1,211	793
9811	batir	    1,211	793
9812	chofer	    1,211	793
9813	extraordinariamente	    1,211	793
9814	integra	    1,211	793
9815	intensos	    1,211	793
9816	volviera	    1,211	793
9817	cedió	    1,210	793
9818	ciclista	    1,210	793
9819	observamos  	    1,210	793
9820	olvidó	    1,210	793
9821	payaso 	    1,210	793
9822	tratos	    1,210	793
9823	beach 	    1,209	792
9824	cometió 	    1,209	792
9825	comprensible 	    1,209	792
9826	estándar	    1,209	792
9827	franquista	    1,209	792
9828	josefina	    1,209	792
9829	miquel	    1,209	792
9830	octavo	    1,209	792
9831	opuesta 	    1,209	792
9832	agotamiento 	    1,208	791
9833	buscaban 	    1,208	791
9834	escepticismo 	    1,208	791
9835	espesa 	    1,208	791
9836	pipa	    1,208	791
9837	travesía	    1,208	791
9838	engañar 	    1,207	791
9839	films	    1,207	791
9840	plancha 	    1,207	791
9841	cera	    1,206	790
9842	conseguía 	    1,206	790
9843	existió	    1,206	790
9844	jabón	    1,205	789
9845	merecía 	    1,205	789
9846	probabilidades	    1,205	789
9847	ambiciones 	    1,204	789
9848	comunica 	    1,204	789
9849	cabina	    1,203	788
9850	creadora	    1,203	788
9851	estuvimos 	    1,203	788
9852	fluido	    1,203	788
9853	ruedo	    1,203	788
9854	típicos	    1,203	788
9855	tóxicos	    1,203	788
9856	vicios	    1,203	788
9857	concurrencia	    1,202	787
9858	exigente	    1,202	787
9859	fascismo 	    1,202	787
9860	integrados	    1,202	787
9861	intestino	    1,202	787
9862	joe	    1,202	787
9863	portuguesa 	    1,202	787
9864	precipitaciones	    1,202	787
9865	sistemáticamente 	    1,202	787
9866	unesco 	    1,202	787
9867	adecuación 	    1,201	787
9868	amén 	    1,201	787
9869	bagdad 	    1,201	787
9870	caídas	    1,201	787
9871	comprometió  	    1,201	787
9872	estampa 	    1,201	787
9873	expuestas 	    1,201	787
9874	ingestión	    1,201	787
9875	obediencia	    1,201	787
9876	reconocía	    1,201	787
9877	sorteo	    1,201	787
9878	trabajaban	    1,201	787
9879	tubos	    1,201	787
9880	artesanos 	    1,200	786
9881	consecuente 	    1,200	786
9882	norman 	    1,200	786
9883	unificación	    1,200	786
9884	wall	    1,200	786
9885	campanas  	    1,199	785
9886	crucero	    1,199	785
9887	entretenimiento	    1,199	785
9888	imponerse 	    1,199	785
9889	innovaciones	    1,199	785
9890	operador	    1,199	785
9891	tos	    1,199	785
9892	verlos	    1,199	785
9893	acabamos  	    1,198	785
9894	adopta 	    1,198	785
9895	cap 	    1,198	785
9896	espléndida	    1,198	785
9897	lámina	    1,198	785
9898	atrevido	    1,197	784
9899	comido 	    1,197	784
9900	deficiente	    1,197	784
9901	discreta	    1,197	784
9902	impedía 	    1,197	784
9903	llevara	    1,197	784
9904	preparativos	    1,197	784
9905	vinculada	    1,197	784
9906	aa	    1,196	783
9907	productora	    1,196	783
9908	ruego	    1,196	783
9909	turista	    1,196	783
9910	adivinar	    1,195	783
9911	castellanos	    1,195	783
9912	crespo 	    1,195	783
9913	quedarme  	    1,195	783
9914	bautista	    1,194	782
9915	belén	    1,194	782
9916	celulares	    1,194	782
9917	destruido	    1,194	782
9918	embarcaciones  	    1,194	782
9919	pongan 	    1,194	782
9920	postulados 	    1,194	782
9921	sendas 	    1,194	782
9922	tito	    1,194	782
9923	agujeros	    1,193	781
9924	desaparecen 	    1,193	781
9925	esclavo	    1,193	781
9926	experimentación 	    1,193	781
9927	inercia	    1,193	781
9928	modesta 	    1,193	781
9929	transacciones 	    1,193	781
9930	adulta	    1,192	781
9931	continuado 	    1,192	781
9932	hernando 	    1,192	781
9933	joseph	    1,192	781
9934	oms 	    1,192	781
9935	dividida	    1,191	780
9936	finalizó	    1,191	780
9937	frialdad	    1,191	780
9938	paseos 	    1,191	780
9939	pasto	    1,191	780
9940	bolas	    1,190	780
9941	conocerse 	    1,190	780
9942	grand	    1,190	780
9943	motivaciones 	    1,190	780
9944	sustituye	    1,190	780
9945	tamaños 	    1,190	780
9946	apellidos	    1,189	779
9947	asma 	    1,189	779
9948	lamento 	    1,189	779
9949	olvide	    1,189	779
9950	pugna 	    1,189	779
9951	despedirse 	    1,188	778
9952	explicaron	    1,188	778
9953	lentes	    1,188	778
9954	quirúrgica	    1,188	778
9955	sonaba 	    1,188	778
9956	contemplaba 	    1,187	778
9957	decretos	    1,187	778
9958	encabezada  	    1,187	778
9959	génesis 	    1,187	778
9960	hincapié	    1,187	778
9961	quitado	    1,187	778
9962	sureste	    1,187	778
9963	terapéutico	    1,187	778
9964	criada	    1,186	777
9965	proponía	    1,186	777
9966	roger	    1,186	777
9967	amada  	    1,185	776
9968	expreso 	    1,185	776
9969	indicando	    1,185	776
9970	líbano	    1,185	776
9971	lisa	    1,185	776
9972	provocada 	    1,185	776
9973	publicadas	    1,185	776
9974	remodelación 	    1,185	776
9975	soltar	    1,185	776
9976	tomen 	    1,185	776
9977	vial	    1,185	776
9978	acercan 	    1,184	776
9979	argentinas	    1,184	776
9980	bacon 	    1,184	776
9981	estimó 	    1,184	776
9982	faltar	    1,184	776
9983	riendo	    1,184	776
9984	tanques 	    1,184	776
9985	bibliografía	    1,183	775
9986	emitido	    1,183	775
9987	escultor	    1,183	775
9988	generó 	    1,183	775
9989	guayaquil	    1,183	775
9990	impaciencia 	    1,183	775
9991	navaja	    1,183	775
9992	sordo	    1,183	775
9993	amaba  	    1,182	774
9994	cumplan 	    1,182	774
9995	entiendes	    1,182	774
9996	for	    1,182	774
9997	fuiste	    1,182	774
9998	galileo	    1,182	774
9999	juanito	    1,182	774
10000	normalización	    1,182	774
